18002,"Dear Seth rogan, I thought you were funny until you apparently made out with your mom on tv. Now you just gross me out. #disgusting"
18003,How can you do that to that many people and feel perfectly fine about it #disgusting
18004,
18005,Watching my sister  drink milk #disgusting
18006,Chilling with @Omar_A_xo and lets just say his walls are very thin. So much so we can hear next man beating his wife next door #disgusting
18007,YUCK! YUCK! YUCK! YUCK! I was just FORCED to get the new @Twitter layout. Thanks so much! NOT. #disgusting
18008,"Making a sarcastic comment about a referee warrants a ¬£10,000 fine. The Spanish FA issue the same fine for racism #disgusting"
18009,
18010,
18011,
18012,Idk why I let myself get disappointed over and over with Dunkin donuts coffee  #disgusting
18013,It's not my house but I will not have a ukip flyer anywhere near me #disgusting #racists
18014,Hate it when people keep their rings on in Masterchef #disgusting
18015,"So high I just licked my elbows :""( #disgusting"
18016,"I reported her lil ass though, I would NEVER want my daughter to be ""twerking"" at such a young age! #disgusting"
18017,
18018,
18019,
18020,"Singer of Sun Raha Hai Na Tu - Aashiqui 2 - Ankit Tiwari arrested for allegedly raping a 28 year old girl.
#disgusting"
18021,What's with the Bollywood movies these days? Not a single movie that can be watched with family!! #disgusting
18022,Women in the military must be hairy... #Disgusting
18023,"Things I never want to hear again ""Mommy! Come here. I need to put this poop in the toilet!"" #disgusting"
18024,Just watched a guy get rid of his dip on the highway. #disgusting
18025,
18026,"That poor girl, how nasty are people. Looking at some of the people making comments, stones and glass houses and all that #disgusting"
18027,
18028,#ParkingMad it's disgusting how the council can charge interest and make parking fines cost over ¬£500 #DISGUSTING
18029,This Asian lady just farted infront of me on this bus. #disgusting #nomanners
18030,RT: @awkfangirlurl: @AdamHorowitzLA Woooooow thanks for promoting rape culture b/c of course no means yes if you persist enough #disgusting
18031,I swear the smell of that pig fetus is stuck in my nose and mouth üò∑üò∑üò∑üò∑ #disgusting
18032,
18033,
18034,If my car was worth less than the fine I'd let the fuckers have it! #ParkingMad #disgusting
18035,Seriously need to stop biting my nailsüò∑üôÖ #disgusting
18036,"nearly throwing up in a spin class is a good thing, right? @DevizesLC #spinning #Lou #disgusting"
18037,
18038,"If I'm sick tonight it's fuck all to do with what I've drank, although it will be in high measure if these cunts hold on. #disgusting"
18039,
18040,I hate commercials. #dislike
18041,"Just had to clean my bath's drain. So much hair, thought there was going to be a mini me at the end! Feeling quite sick! #disgusting"
18042,
18043,Why would you think it's okay to come in here without a shirt?? #disgusting
18044,
18045,Andy Gray and Richard Keys still make my skin crawl and my temples heat up with rage #disgusting #blurredlines
18046,
18047,Never eating marshmallows again üò∑üò∑üò∑üò∑ #disgusting
18048,Ugh you could at least put clothes on when your not in your room üòí #disgusting
18049,every day @twitter is a little bit more like @facebook ._. :/ #Dislike
18050,Totally shocked at what is in front of me! #BBC2 #disgusting #sexist #joke #unbelievable #blurredlines
18051,
18052,@StanCollymore saw a nasty racist tweet you rt'd earlier. Don't know how you can tolerate it. I couldn't. #disgusting #stampitout
18053,
18054,This B team thing is utter bollocks. Another nail in the lower leagues. All about the big boys. #disgusting
18055,
18056,How anyone could think any God would condone kidnapping 200 girls is beyond me #disgusting
18057,
18058,
18059,
18060,"Young, bright, intelligent, smart, talented, beautiful ladies are being victimized regularly for certain political agendas #disgusting"
18061,@Charlottegshore must actually be a bloke in a woman's body #disgusting #celebJuice
18062,
18063,
18064,
18065,
18066,
18067,Dude one arm is darker than the other from driving haha xD #disgusting
18068,
18069,I like how this fugly ass fat girls is talking like she actually gets the D!! #sitthehelldown #smh #disgusting
18070,@iamdjman some callers he should be ashamed for the both of them#disgusting#ptnr
18071,Slushies Should Not Come In The Flavor Cotton Candy üò™ #Disgusting
18072,
18073,Charlotte on @CelebJuice really is a vile thing! How in earth can people watch the trash tv program's these people are in? #disgusting
18074,
18075,What has social media come to  #disgusting
18076,You aren't going to clean your room at all?! They are showing our apartment and you have shit everywhere. #disgusting #sorrypeople
18077,"Really can't believe how much shit @StanCollymore gets. No one deserves that much unjustified, unprovoked, unnecessary abuse. #disgusting"
18078,
18079,
18080,
18081,
18082,Cannot stand the PT at gym who makes his clients take their shoes off üò∑ #disgusting
18083,this remix of #partition on 105.1 right now sucks #dislike
18084,"Nothing worse than people who abuse animals, of any kind! Need locking up for life! #disgusting"
18085,
18086,"Omg, did everyone know this budgeting thing is fucking crazy? Good lesson for a 33 year old. #disgusting"
18087,
18088,
18089,
18090,
18091,Someone needs to throw a shoe @SenTedCruz. #disgusting
18092,
18093,
18094,
18095,The bottom line is you don't put your hands on a girl unless she gives you consent #Disgusting #NoExceptions
18096,
18097,Bus replacement service again..ended up getting train to Croydon instead #dislike #croydon
18098,Literally smells like dog pee in my apartment and the smell won't go away #disgusting #thissmellneedstogo
18099,I can't even begin to explain my hatred for cats. #disgusting
18100,
18101,
18102,
18103,
18104,
18105,
18106,
18107,
18108,
18109,
18110,
18111,
18112,
18113,
18114,
18115,
18116,
18117,
18118,
18119,
18120,
18121,
18122,
18123,
18124,
18125,
18126,
18127,
18128,
18129,
18130,
18131,
18132,
18133,
18134,
18135,
18136,
18137,
18138,
18139,
18140,
18141,
18142,
18143,
18144,
18145,
18146,
18147,
18148,
18149,
18150,
18151,
18152,
18153,
18154,
18155,
18156,
18157,
18158,
18159,
18160,
18161,
18162,
18163,
18164,
18165,
18166,
18167,
18168,
18169,
18170,
18171,
18172,
18173,
18174,
18175,
18176,
18177,
18178,
18179,
18180,
18181,
18182,
18183,
18184,
18185,
18186,
18187,
18188,
18189,
18190,
18191,
18192,
18193,
18194,
18195,
18196,
18197,
18198,
18199,
18200,
18201,
18202,
18203,
18204,
18205,
18206,
18207,
18208,
18209,
18210,
18211,
18212,
18213,
18214,
18215,
18216,
18217,
18218,
18219,
18220,
18221,
18222,
18223,
18224,
18225,
18226,
18227,
18228,
18229,
18230,
18231,
18232,
18233,
18234,
18235,
18236,
18237,
18238,
18239,
18240,
18241,
18242,
18243,
18244,
18245,
18246,
18247,
18248,
18249,
18250,
18251,
18252,
18253,
18254,
18255,
18256,
18257,
18258,
18259,
18260,
18261,
18262,
18263,
18264,
18265,
18266,
18267,
18268,
18269,
18270,
18271,
18272,
18273,
18274,
18275,
18276,
18277,
18278,
18279,
18280,
18281,
18282,
18283,
18284,
18285,
18286,
18287,
18288,
18289,
18290,
18291,
18292,
18293,
18294,
18295,
18296,
18297,
18298,
18299,
18300,
18301,
18302,
18303,
18304,
18305,
18306,
18307,
18308,
18309,
18310,
18311,
18312,
18313,
18314,
18315,
18316,
18317,
18318,
18319,
18320,
18321,
18322,
18323,
18324,
18325,
18326,
18327,
18328,
18329,
18330,
18331,
18332,
18333,
18334,
18335,
18336,
18337,
18338,
18339,
18340,
18341,
18342,
18343,
18344,
18345,
18346,
18347,
18348,
18349,
18350,
18351,
18352,
18353,
18354,
18355,
18356,
18357,
18358,
18359,
18360,
18361,
18362,
18363,
18364,
18365,
18366,
18367,
18368,
18369,
18370,
18371,
18372,
18373,
18374,
18375,
18376,
18377,
18378,
18379,
18380,
18381,
18382,
18383,
18384,
18385,
18386,
18387,
18388,
18389,
18390,
18391,
18392,
18393,
18394,
18395,
18396,
18397,
18398,
18399,
18400,
18401,
18402,
18403,
18404,
18405,
18406,
18407,
18408,
18409,
18410,
18411,
18412,
18413,
18414,
18415,
18416,
18417,
18418,
18419,Can't believe this girl in Maths was laughing at a girl in my Year getting run over. Had to set her straight U_U #disgusting
18420,Don't think you realise how 'loyal' your boyfriend really isüëÄ #cheat #disgusting #noratings
18421,Me jackie &amp; lisa have all had to take turns going to the bathroom for the past hour #foodpoisoning #theshits #disgusting
18422,"Sleep with a pregnant girl just for the buzz and then kick her out, I am so glad I got out when I did #disgusting"
18423,
18424,
18425,
18426,The ho has a new victim..now if he gets a family she will be all in.#Disgusting
18427,
18428,Still silence from the @TGC crowd on the Nate Morales verdict &amp; it's indictment of the @TGC-supported leadership of @CJMahaney #disgusting
18429,"#Paro should leave &amp; let  Rudra and L do their ding dong ,,That is all they both are interested in #Rangrasiya @ashish30sharma #disgusting"
18430,
18431,
18432,Sick dog. Stepped in his barf. Gross. #dogownerslife #dogs #dogowner #disgusting
18433,
18434,
18435,
18436,@tills85 only you could sit on your own toe you NAUSE and it is NOT broken yet but will be on Monday. And as for those mints #disgusting
18437,Thanks @OphiraE for making me laugh so hard my face hurt (&amp; for your mention of hippies w/ bells at the end of their braids) #disgusting
18438,dont ever go for services @metrodental1 #badservice #horriblemanager #disgusting
18439,If anyone gets the urge to eat sweet potato tots. Don't. #daycarefood #disgusting
18440,"IF Taylor can't go to the gym without people taking pictures, what's next, sitting on the toilet? #disgusting #creepy #sowrong"
18441,#times when u r happily lazing around and u realize tat its a working #Saturday! ! Arghh. #fml #dislike #job
18442,Hashtags are #disgusting #truth #yolo
18443,
18444,Don't you hate when people make out at school #disgusting#SchoolProblems
18445,
18446,
18447,And the cat has discovered my bathtub and drinking out of the toilet #disgusting #keepdoorclosednow
18448,
18449,So #Smoke and McMurray both have Bass Pro Shops on their cars this week? #eww #dislike
18450,@BuckSexton @RealCommieBear Almost threw up at the thought of Killary in a bikini. #disgusting
18451,
18452,Never been in a room with so many fried cunts #disgusting
18453,
18454,When @aun391 &amp; @HirendraP snapchat me people's feet... #FeelSick #Disgusting #NotImpressed
18455,"Lol so used up it's not even funny üòÇüò∑
#disgusting"
18456,Cannot beleive that #Atos have taken 8 months to assess me and get my claim back to dwp!Almost 1year and still going on! #disgusting #dwp
18457,Perry pizza hut.. worst pizza hut out there by far.. #disgusting #moldyceiling
18458,Let's be real. Every girls has seen a dick pic they didn't want to. üòñ #stopguys2014 #truth #disgusting #stawpp
18459,Ew I can see your vagina #disgusting #cherokee
18460,
18461,I absolutely cannot stand when strangers start blowing their nasty cigarette smoke everywhereüò° #disgusting
18462,Ate Mcdonalds for the first time in months and now I remember why it's been so long #disgusting
18463,All the @Doritos Jacked flavors are absolutely horrible. I vote for get a different flavor. #disgusting #DoritosJacked
18464,
18465,"I have moments, a lot of them #disgusting"
18466,Your a mom with nude pic tweets #nomorals #damshame #noclass #disgusting #redflag
18467,when I took the job out in garden centre I was hoping to get a tan..all I've gotten is cold rain down my back and probably a cold. #dislike
18468,
18469,@trinitywalk I ended up changing my baby in her pram it was that bad #filthy #disgusting
18470,
18471,
18472,
18473,
18474,"@j_Luchiee25 dunno about you, but I find it weird when people say they're drinking 'bubbly' ... #disgusting"
18475,The banned bnp advert makes me feel ashamed to be British #disgusting
18476,
18477,im so embarrassed that i ever even talked to you üò∑ #disgusting
18478,
18479,
18480,Is avoiding cleaning the men's bathroom hardcore. #disgusting #poopyspots
18481,Why the fuck is #TheStruggleOfBeingARapist trending? #disgusting
18482,
18483,@premrugby @btsportrugby @SaintsRugby does someone have die before a red card comes out? #Disgusting
18484,So Tom got Taco Bell's breakfast this morning... We're breaking up... #disgusting
18485,
18486,@C4Gogglebox eww crisps and custard #disgusting
18487,"Every time I turn on the Kardashians all they talk about is their weight and being ""fat"" - terrible role models for young girls #disgusting"
18488,
18489,I hate it when customers hand me wet cash. Like do you have that much swass that it soaks through your wallet? #disgusting
18490,Sick of seeing soo many spiders! üòñüò´#disgusting
18491,
18492,
18493,
18494,
18495,Noone wants to see your feet dangling out the car window. Don't do that. #disgusting
18496,You are a typical male. #disgusting
18497,
18498,My pet hate is when guys punch walls #disgusting
18499,Sara Nevins is so nasty this year üò≥ #backdoorcurveball #disgusting
18500,
18501,Why in restaurants there aren't salades without tomato??!!! What the fuuuckkkkkkk!! I hate tomato like shit really!! #disgusting #swear
18502,
18503,"Resigned from my junior football team today,fed up of being sworn at by my own players parents! #disgusting #gutted"
18504,
18505,
18506,"If you are chewing gum at school throw your gum away. A trash can does not look like a recycling bin!
#disgusting"
18507,
18508,.@BBCOne @BBCNews Was there really any need to show cock fighting at the end of the drug report. #disgusting
18509,Can you not do that when I'm in the same house with you? Or when I need to go somewhere? #disgusting
18510,
18511,
18512,#i #loathe #shoppersdrugmart #Toronto #assholes
18513,
18514,Hearing @brianakind brush her teeth is probably one of the worse things ever #gagging #disgusting #ratchet
18515,#dirty #disgusting #vile #creture
18516,
18517,What's happing on CBC @Khairy_Ramadan ?! Stupid teaching songs!!!! this is really enough to ruin generations #Disgusting
18518,
18519,
18520,
18521,
18522,
18523,One little thing can change your mood straight away #disgusting
18524,"Dear @HeinzKetchup_US
Your bottles have been making farting sounds for awhile now #disgusting"
18525,When I said I would babysit and I didn't mean I would take care of a pukey kid. #disgusting
18526,
18527,
18528,Ok so these people opposite me might aswell just have sex now! #disgusting #revs
18529,The ppl that caused this problem need to spend the majority of their remaining lives in hard labor camps.#California #wildfires #disgusting
18530,"Ty Obama 4 reducing inhome health care,needed by so many, to help fund obamacare -#disgusting"
18531,
18532,
18533,I really wish Tom would stop making the family watch elbow and ACL surgeries!!! #disgusting #GonnaHurl
18534,
18535,"Ew, Braden's here. #disgusting"
18536,Will never look at a BBQ in the same way ever ever again #disgusting
18537,Going to spew! #cheeseychips #disgusting #slightlytipsy
18538,
18539,
18540,Even #WatchDogs are corrupt. Ugh! #Disgusting  #gretawire
18541,Oh this place is bringing out the judgmental woman in me. As if I have another side. #newarklittleleague #disgusting
18542,
18543,
18544,
18545,
18546,
18547,
18548,"You'll absolutely never catch me in the audience. 
#disgusting"
18549,
18550,Honestly so sick of seeing snap stories of peoples' arms at biolife #Disgusting
18551,"Clacking is lazy people eating, they need to be educated on how to eat! #disgusting"
18552,You guys are so shady. I can't even. #disgusting
18553,"""@alexspeier: Middlebrooks now hitting .146/.281/.292 with 28% K rate vs RHP"" #Disgusting #CecchiniByAugust"
18554,
18555,I DON'T lyk ppl who keep their frndz 4 advantage only! #disgusting
18556,
18557,
18558,Who the fuck puts ketchup in sandwiches #disgusting
18559,Only at Walmart does someone decide to take a poop in one of the aisle #disgusting
18560,Omfg 2 boys 1 bathroom #setitonfire #startover #disgusting
18561,
18562,
18563,
18564,
18565,
18566,
18567,
18568,
18569,
18570,Dude in stands next to me keeps spitting on ground. #disgusting
18571,
18572,KT just ordered lemons and is eating them with salt on topüò∑üò∑üò∑üò∑ #disgusting
18573,
18574,Just found a dead mouseüíÄüê≠üò≥ #disgusting
18575,Can't even imagine what his wife is going through üò£ #disgusting
18576,Old men chatting up young girls at the bus stop tonight.. #disgusting
18577,"Moms who act as social engineers for their kids should be  flogged, picked and quartered #disgusting"
18578,
18579,
18580,I have never been more happy to leave an apartment in my entire life #disgusting #cantwaitforroomfees
18581,
18582,
18583,
18584,I don't like this film. Like in what scenario does Ian Somerhalder not get the girl? O.o #dislike
18585,
18586,Joseph Morgan is marrying Bonnie's mum from TVD #disgusting #hecandowaybetter #sodisappointing #toooldforhim
18587,Time to bleed and puss all over my bed :D #Disgusting
18588,
18589,Burping up Taco Bell all day. #disgusting #neveragain
18590,
18591,"""down to go downüòè"" - @ryanhxxx 

#disgusting"
18592,"Never seen so much ""ratchet"" in one person! #Disgusting"
18593,I'd get rid of every player not named Yu the rangers have #disgusting
18594,Words cannot begin to describe how much I miss sleeping beside my boyfriend. Its been 1 month too long :'( #alone #dislike #nocuddlebuddy
18595,
18596,"I gotta tell ya, ""American Hustle"" is not a good movie. #dislike #overrated"
18597,Hate when ppl r like ur beautiful inside n out. Have u seen the inside of someone? Pretty sure that's not beauty #disgusting
18598,smoking cigarettes is the most un-attractive thing you can do to yourself &amp; the biggest turn off. üò∑üëé #disgusting
18599,Everyone has opinions on everything. Only untill they are their own. People please live your own lives. #Fact #Situation #disgusting
18600,I cringe every time I take liquid medicine #disgusting
18601,
18602,
18603,"Jack will pass pledge for his fraternity...

#disgusting"
18604,
18605,It means Rudra wants LUST not LOVe..whenver Paro'll b angry..not talking to him..hell go to his mistress....#disgusting #Rangrasiya
18606,If I was left-handed I'd probably kill myself to end the frustration. #disgusting
18607,
18608,If some girls only knew what their boyfriends do behind their backs... #disgusting #ThisIsWhyIDontDate
18609,
18610,fun fact: this year's incoming high school freshman were born in 2000 #DISGUSTING
18611,
18612,Mystique has been nothing but an ancillary character in X-Men but cuz it's Jennifer Lawrence she's the marquee on the billboard? #Dislike
18613,The thought of you makes me wanna throw up. #disgusting
18614,U can fantasize about their dicks all you want but unless you act like a NORMAL FUCKING PERSON they'll never let u near theirs #disgusting
18615,"If I run my tongue along my stitches again, I just might throw up. #Disgusting #WeakTummy #StitchedUp"
18616,"The ""like"" button ruined my life. #dislike"
18617,
18618,
18619,"Hanners was fine, Hurls should get weeks for that haircut! #disgusting"
18620,
18621,
18622,
18623,Ill slap you with the fish you try to serve me with #disgusting #screwseafood
18624,I literally hate when I can hear people eating #disgusting
18625,
18626,These racgets share their clothes n men #disgusting
18627,
18628,
18629,
18630,
18631,
18632,On another note...I seriously hope that girl was drunk and is not complete trash even when sober. #disgusting #gohome #noclass
18633,
18634,
18635,I can't trust you if you enjoy eating black licorice üò∑ #Disgusting
18636,One thing I hate about going out to a party at home is that I always end up smelling like smoke üòíüò∑ #disgusting
18637,What are these dudes? Ew. They make me wanna puke. #Disgusting
18638,Well that was disgusting to read. #trash #pos #disgusting
18639,I now weigh the same as I did when I was 15...shows that the stress I've been under lately has had a massive affect on me #yuck #disgusting
18640,Binged yesterday and today to the point where I feel sicküòî #Disgusting
18641,Fishing for condiments in a sea of lice #profound #disgusting
18642,
18643,
18644,The water in Hanford is so shitty. I can literally smell the shittiness in the water.. #disgusting
18645,Wuts worse than taking advice from those who dont even represent it !! #Disgust
18646,
18647,Oh ffs privatising child protection services?! How can you profit on vulnerable children #disgusting
18648,"No doubt a red card, absolutely no place for that in rugby! #Disgusting #CRUvSHA #SuperRugby"
18649,Pleased for @ftfc but night spoilt by york city fan deliberately tripping a 6 year old fleetwood fan outside his own home. #disgusting
18650,Don't understand how some people don't wash their hands after being in the toilet! #disgusting
18651,Someone ask me why Its 5am and I'm cleaning throw up off my bed...#disgusting
18652,@CafeCoffeeDay a barista from your parel location just tried to open a sandwich from my order with his teeth.  #disgusting #nohygiene
18653,Wow @posados in Longview has totally gone to the dogs. #disgusting
18654,
18655,
18656,"Keep living loud and proud, they never can hold you down!
#Beartooth #disgusting"
18657,@BEARTOOTHband are stepping up their game! Their new track has got me seriously pumped for their new album. #beateninlips #disgusting
18658,
18659,
18660,
18661,some of these goreh in #NorthWatford are pure #Filth #disgusting
18662,
18663,
18664,Woke up and remembered why I dont drink!!!!!!! #disgusting
18665,Butter is so unnecessary #disgusting
18666,
18667,
18668,"@PhiPhiOhara Never ever ever do a Gaga impression again. Sincerely, every fucking Monster ever.
#disgusting"
18669,God given ppl brain to use wisely..n eyes to see clearly ...bt instead of using dis dey use their mouth to bash..!!! #disgusting #pathetic
18670,
18671,
18672,Shopping for girls is so aids #killmenow #dislike
18673,
18674,
18675,So many camel toes out and about today #disgusting
18676,
18677,Sooo many pregnant men around #disgusting
18678,Hmmm... Ross Lyons gives the runner a smile and a hearty handshake after the game. #disgusting #cheat #afl
18679,
18680,"Should definitely have a 'No Shirt, No Service' sign at work #disgusting"
18681,
18682,In work on cup final day #disgusting
18683,"Woke up starving so I ate a good breakfast, eggs and strawberries. Only to throw it all up five minutes later üò´. #disgusting"
18684,"Really unhappy 7 bridesmaids dresses from #debenhams had fittings today found out they are all see through!! Can not get refund, #disgusting"
18685,
18686,One thing I do not like about road trips: the fast food options..same shyt exit after ever exit #Disgusting #UGH
18687,"Sorry but if apple juice, cigarettes and dabs are considered breakfast to you... #gross #disgusting"
18688,"@sainsburys I brought 6items from #Telford store this am,all tills busy except fast track she refused to put my items throu till #Disgusting"
18689,cheating seems to be a trend now a days! #disgusting
18690,
18691,"I subbed all week. #kindergarten #question ...do boogers taste like candy?
#grossmeout #disgusting #teacherproblems"
18692,
18693,
18694,¬£35 admin fee to change address on my car #ripoff #disgusting
18695,
18696,
18697,
18698,
18699,Yohan Blake's nails....#disgusting
18700,
18701,I don't like you. Not one bit. #Dislike #GoAway
18702,
18703,"We used to have laws regarding data mining kids under 13, but now it's a profit center #DISGUSTING #CainandCupp"
18704,
18705,Everyone should get behind @JayCrowley89 until he gets what he is owed from @WillHillBet #disgusting
18706,
18707,
18708,You would have thought that everyone has heard of covering your mouth when you sneezing obviously not #disgusting #err
18709,I love how #UKIP bang on about the freedom of expression &amp; their rights but threaten #antiukip meetings with #legal action ? X #disgusting
18710,@FAWales  thanks alot for turning up today with our trophy. Means alot to everyone involved at @MonmouthTownFC  #disgusting
18711,No surprises there's scrawny crackheads with their shirts off showing their vile tribal tats #disgusting
18712,1.01 and beat #disgusting  #scoop6
18713,Why when the suns out do 12 year old think its acceptable to dress like small pornstars #canyounot #disgusting #vile
18714,
18715,Can it be June 10 so Beartooth &amp; The Word Alive's albums come out.... #Impatient #Disgusting #Real
18716,@Asda while I am on the case #oldkentroad collection point time wait #disgusting #noonetohelp #KMT
18717,
18718,"#SuchTouYehHayKay I hate those boys , who pick there nose bugs in public #disgusting"
18719,
18720,@Luke_Blackwood just remember the back heel nutmeg #disgusting
18721,@CityofYork I think you might need to fit a bigger bin as this looks terrible. The public reaction today near lendal bridge is #disgusting
18722,
18723,Not only is the FA Cup not the final game of the season it's kicking off 2 hours late!  #disgusting
18724,
18725,Sorry but I don't respond to being called like a dog #disgusting
18726,
18727,
18728,@Applebees cool display of racism by your management team #disturbing #Disgusting #nevergoingtoapplebees
18729,Loved it how none of the arsenal players sung the national anthem maybe the 1 english player they have can help them out !!!! #disgusting
18730,My thoughts while working: maybe if I try coffee more often I'll actually like it! *tries coffee* Nope. Never doing that again #disgusting
18731,I just love it when I'm sunbathing &amp; the dog walks past &amp; licks my face #disgusting
18732,
18733,"What an awful start, wheres the passion and energy? #disgusting #FACupFinal"
18734,I want to throw myself in a volcano for eating #subway right now #notfresh #bland #disgusting #onlychoice #theshameisreal
18735,
18736,
18737,But that free kick was taken 1.7 yards further forward than it should have been #disgusting
18738,
18739,What kind of mom let's their son walk all over women. #disgusting
18740,
18741,You don't have to put both lips around the rim of the bottle to get a drink #disgusting
18742,
18743,The use of chicken crap for fertilizer should be against the law. The smell..... #DISGUSTING  #wtf
18744,
18745,Pathetic how Barca players throw themselves each time a player touches them #DISGUSTING
18746,
18747,
18748,The smell of old cigarettes! #disgusting #askingforcancer
18749,
18750,
18751,Someone please tell my dad and his girlfriend to stop kissing in front of me üò´ #disgusting
18752,
18753,
18754,
18755,
18756,I hope Wenger is embarrassed by the ridiculous play acting performed every time one of his players is fouled. #disgusting #FACupFinal
18757,Worst thing ever working in a hot kitchen for 11 hours #hot #smelly #sweating #disgusting
18758,Bad sports from barca only giving 447 tickets to athletico and puttting them furthest point away from the pitch #disgusting
18759,Cleaning up someone's sick is probably the worst experience of my entire life. It stunk. #disgusting #workproblems
18760,Just ate a cup of easy Mac mixed with a can of tuna #DISGUSTING #filling #ateitinunderaminute
18761,
18762,smokers are jokers üò∑ #blacklungs #disgusting
18763,What the fuck was that by Gibbs #disgusting
18764,You're having sex in a port-a-potty?! Didn't know people could be THAAAAAT desperate! #disgusting
18765,
18766,
18767,
18768,"Gizmo, can you stop eating Zoe's poop out of the litter box?! #disgusting"
18769,Sweet pickles are #disgusting
18770,"If is one thing that I hate, it's fucking custard! #Disgusting"
18771,"By all means internet, please go ahead and tell @WePay to go fuck itself. #DISGUSTING"
18772,
18773,
18774,
18775,
18776,Facebook is literally driving me insane why are people so annoying #facebook #shutthatshitdown #dislike
18777,
18778,
18779,
18780,How hard is it to lift up the effing toilet seat? #DISGUSTING
18781,can't believe they're engraving the trophy with atleast 5 minutes left #disgusting #comeonhull #FACupFinal
18782,#FACup is it me or was that twat engraving the Cup with 9 minutes still to play? #disrespectful #disgusting
18783,How could anyone have the heart to fight pit bulls? #disgusting
18784,
18785,
18786,Turned on the tv to college softball and some girl from Florida Sate has a FAT lip of dip in #Disgusting
18787,My mum just woke me up from my nap to show me a photo of a man throwing up #okay #thanks #disgusting
18788,
18789,Wow well I never thought I'd see a family let their daughter use a potty next to a very busy main road then empty it into a bin #disgusting
18790,Wtf is jimmy Bullard wearing? #disgusting
18791,
18792,
18793,Just walked out of @olesaintnola because there was a guy at the bar spitting chew into a cup.  I know this is the south but ... #disgusting
18794,These ppl driving me nuts now. #disgusting
18795,Back to the land of everything Red Sox. Just kill me now #disgusting
18796,How on earth could ref cant see the ball so in the goal #Disgusting #DFBPokal
18797,
18798,
18799,"@FOXSportsLive should be embarrassed by the Lucic ""bit"" they aired... #disgusting"
18800,
18801,People still use quad feeds on NukeTown? #disgusting
18802,
18803,"Fucking poxy rat in my neighbours fucking shitty fucking vegtable garden next door , fucking hate rats #Disgusting"
18804,"omg bleh nothing worse than a warm strongbow, ew #disgusting #gip #warm #blametheweather #notnice"
18805,"They really have a techno version of All of Me? Ew, stop it! That's NOT a club song! #DISLIKE"
18806,
18807,
18808,"At this point in the gardening season, May seems more like March weather. #dislike"
18809,"Gary Oldman as Mason Verger is brilliant, but Michael Pitt does an amazing job in the tv-series as well! #Hannibal #disgusting #FaceOff"
18810,Teenage girls performing oral sex with strangers in a #nightclub toilet. What's that all about? #disgusting #bouncer #NoMorals #NotOnMyWatch
18811,Oh my. If you are wearing a belt I should not see your bare ass ! #Disgusting
18812,When your fav song is overplayed. #dislike
18813,
18814,
18815,
18816,If jay z hit Solange he'd be in so much shit but it's okay for her to beat the shit out of him #disgusting
18817,It is sad how much I smell like mcdonalds after work #shower #disgusting
18818,Ugh your a pig üê∑ #disgusting #notamused
18819,"Don't tell a family that they ""should go back to their fucking country"" because they had two extra items in the express line‚Ä¶ #disgusting"
18820,I absolutely loathe clothes shopping #Loathe #ItHadToBeDoneTho
18821,
18822,
18823,What has our world come to? Burgers for breakfast? #disgusting #fatamerica
18824,When a 40year old tryna act all swagg#disgusting
18825,
18826,I don't even want to know the date when jakes car was cleaned last #disgusting
18827,So many damn road kills in Pennsylvania #pooranimals #disgusting
18828,maybe doctors know the cure for cancer &amp; don't say anything because they need money from people w/ cancer.. Just think about it #disgusting
18829,People really need to learn to eat with their mouth closed! #manners #disgusting
18830,"Extreme cheapskates is so cust, #disgusting"
18831,I'm so over cleaning this house right now! #disgusting
18832,
18833,
18834,It would be nice if @Nesn or @CSNNE would televise the Providence Bruins.Nah that's just to much to ask #Pathetic #Disgusting
18835,Well i didnt realize it was THAT bad. #reddot #disgusting
18836,Shot an 85 today wtf. Stupid mistakes. Going again tomorrow am. #disgusting
18837,
18838,
18839,A raggedy moth just flew into me I now need to shower in bleach.... I've now killed it Ewww #moths  #disgusting #phobiaofmoths #bbloggers
18840,
18841,
18842,@LoveJamieO time to get new bedding. I would hate to see that thing under a black light #disgusting
18843,Guess I don't get to eat dinner..the pizza is not even fully cooked #disgusting
18844,It should be a crime to put ketchup on a poutine #disgusting
18845,
18846,"Feelin like @MeaghanGorkowsk today.. McDonald's for breakfast, Tbell for dinner and I've had 3 pops today üò´üíÄ #disgusting #dontknowhowyoudoit"
18847,it baffles me that girls don't feel it when their toes are hanging over the edge if their sandals üò∑ #disgusting
18848,
18849,Girls that smoke cigarettes &lt;&lt;&lt;&lt;&lt; #Disgusting
18850,Literally just bought McDonald's and spit it out #disgusting
18851,
18852,
18853,I just took a sip of a Samuel Adams Boston lager and I think I'm going to throw up! #disgusting
18854,If that guy umps another game this year then the MLB is doing something wrong. #disgusting
18855,When your ex tells you to kill yourself lol #lowlife #disgusting
18856,There's a hair baked into my pizza... #disgusting
18857,...never will I ever eat sushi...#disgusting
18858,
18859,Has anyone seen my natural hair color? Oh that's right. Everyone can. #reverseombre #disgusting
18860,
18861,Whales hunting whales... #Disgusting #satanshollow
18862,
18863,"People who video tape fights and put them on the internet are so pathetic, I do not understand humankind anymore. #disgusting"
18864,It is amazing how anyone can go number 2 in the men's room an hour into a concert at First Niagara #disgusting
18865,
18866,
18867,
18868,
18869,
18870,Did Andrea just say mami?!?!? #disgusting
18871,$335 million to a guy with 12 rbi's and another guy with a plus 5 era. Walt Jockety should be run out of town. #reds #cincy #disgusting
18872,"If any of my friends decided to do this #freebleeding shit, I will legit slap you. #disgusting"
18873,I h8 when white ppl kiss their dogs on the mouth. #ew #disgusting
18874,"Sheriff Joe is just another racist Fox News has adopted to go along with Clive Bundy and Zimmerman #Judgejeanine
#disgusting"
18875,"@JudgeJeanine Sheriff Joe is just another racist Fox News has adopted to go along with Clive Bundy and Zimmerman 
#disgusting"
18876,I have promised myself that I will never eat crawfish after I watched Logan play with it and hit his phone with it. #disgusting #StillHot
18877,
18878,Threw out Lauren's Toms tonight. You're welcome. #disgusting
18879,#Fullpage Cover page advertisement highlighting #Jayalalithaa in TOI HT and DNA in #mumbai waste of money #chennai #disgusting #madras
18880,"Every time the AFL moves forward, bogan deadshits in the crowd send it back..booing am injured umpire #disgusting #bogans #morons #dickheads"
18881,
18882,
18883,Society sets such ridiculous standards for beauty. #disgusting
18884,"Anyone else absolutely hate the ""new and improved"" #British #passport online system? #loathe #frustrated #grrrr"
18885,
18886,I smell like cigarettes #disgusting
18887,
18888,
18889,People that smell like a walking bar üò∑ ew bro #nasty #disgusting
18890,Savannah pooped then made me change in the same bathroom #disgusting
18891,
18892,#CornTornado #Salty #Disgusting
18893,
18894,
18895,Do you really have to pee right in plain sight #disgusting
18896,
18897,I really don't like alcohol #disgusting #waterplease
18898,"Spent the weekend with mum....more lectures about my weight, does she not realise how much it hurts me? #ugly #fat #disgusting"
18899,I tried Duck for the first time and it was fucking #Disgusting
18900,
18901,
18902,stepped in dog piss while i was barefoot .....no amount of soap is making me feel better #FML #Disgusting
18903,Ugh what some habs fans tweeted bout st louis mom  worse then what bruins fans said about subban.. #disgusting
18904,
18905,"Or snapchat because that is 1,000x worse they have a gallery of all your naked snaps. #disgusting"
18906,2 hours sleep and I'm up for work #Disgusting #WannaSleepForever #WhyDidIStayOut
18907,
18908,10) I am the girl who right now needs drugs! A little bit of ecstasy or cocaine would be awesome #disgusting
18909,"Great concert. Only downside is we're the only normal looking people there, and a rock concert is not ideal for picking up chicks#disgusting"
18910,"Bet they've lurked through my twitter images and tweets, #dislike"
18911,"‚Äú@Thew3B: @waginski @TonyAbbottMHR 
Don‚Äôt U mean illegals coming thru the back door!‚Äù &lt;- No. #disgusting #MarchInMay #bustthebudget"
18912,
18913,"What's that sound? A ghost turning on the water faucet repeatedly? No, it's my brother vomiting repeatedly. Ugh #ew #disgusting"
18914,
18915,
18916,Seeing pubes in a urinal ruins my day every time #disgusting
18917,
18918,No sleep centipede nightmares üêõüêõ #thailand #bugs #creepy #crawlies #disgusting #traumatised #nightmares #iwannagohome
18919,
18920,can't handle un loyal boyfriends #disgusting
18921,WTF! Why i didn't slept last night #Nopower #disgusting
18922,How do people enjoy smoking... #disgusting
18923,And that's why you're not allowed to touch me any more. #disgusting
18924,What do I tell my 3 kids when the crack smoking mayor &amp; his idiot brother freak out?  #disgusting #DougFord #RobFord #TOpoli #GriffinCentre
18925,
18926,I hate the smell of pee üò∑#gross #disgusting
18927,I seriously just downed an entire bag of onion chips. #Disgusting
18928,
18929,
18930,
18931,
18932,edm concerts now are just a bunch of 14 year olds high off molly &amp; other drugs who don't even know where they are #disgusting
18933,
18934,"@gatwick_airport @swissport appalling luggage reclaim service on 17/05/14. 3 hr wait and no news, updates, or visible presence! #disgusting"
18935,Don't appreciate Joel Rosario and his whip use on ride on curlin and other horses - hello stewards?  #disgusting #agressive
18936,
18937,
18938,
18939,Looks like Australians don't have the right to protest peacefully in Sydney #disgusting #Abbottlies #Australia
18940,my last retweet #disgusting
18941,
18942,@coll_catt why wuld u ever follow me nd unfollow me like #disgusting
18943,
18944,
18945,
18946,
18947,
18948,Well that is without a doubt the best weekend I have had at uni #disgusting
18949,
18950,I AM HORRIFIED &amp; DISGUSTED W/ WHAT I JUST READ!!! üò°üò∑ River Road Church is NO CHURCH OF CHRIST! #BeyondAngry #BeyondPissedOff #DISGUSTING
18951,"IF I EVER CROSS PATHS W/ THAT ""pastor"", I'M GONNA BEAT HIM TO A PULP! üò°üò°üò° #RealAnger #BeyondAngry #DISGUSTING"
18952,Clubs in Cardiff need to invest in AC.‚úã #sweatbox #disgusting
18953,
18954,Hate licking envelopes! #Disgusting #Ewww
18955,Delilah just üí© on the floor and the dog ate it #disgusting #passmethesickbowl
18956,
18957,Pick your nose one more damn time. I dare you. Imma break your hand. (While wearing protective gloves of course) #disgusting
18958,Hate the feeling when your about to get sick üò∑ #disgusting
18959,
18960,This bitch follow people the. Unfollow them.#disgusting
18961,
18962,
18963,Rich list #disgusting
18964,
18965,
18966,I wish the boy next to me would STOP FARTING. #disgusting #poorlibrabyetiquette
18967,"""He's a waste of meat"" -@FaithBat on Ricky Martin #disgusting #sexist #offensive #unbelievable #fromsermontosewer"
18968,Since when did cheating on someone in a relationship become so causal #disgusting
18969,Will never understand your spontaneous mood swings :P #like #dislike #ChooseOne #torment
18970,
18971,This story on @60Mins is an absolute shocker.. Fucking hell! #disgusting
18972,Pictures of me from last year make me want to let my cat claw my eyes out #FAT #UGLY #PALE #disgusting
18973,Ugh they just defended sea world on the news. #disgusting
18974,
18975,How comes at farmers markets meat doesn't have to be chilled ?? Just witnessed warm meat for sale. #disgusting #oneruleforone
18976,Falls Park today for a gaelic match one word to describe going there #disgusting
18977,"To the guy who used my toothbrush , I don't know who you're , where you from , but I will find you and fuck you ! Damn! #yucks! #disgusting"
18978,Would be me to stand on chewing gum and have a string of it as I pull my shoe up #stickyshoe #disgusting
18979,The bun queen is back.. this is a sure sign I need a haircut. #alwaysinabun #disgusting #femalepains #ihatemyhair
18980,The kitchen is the worst it's ever been. #disgusting #eugh
18981,
18982,
18983,
18984,
18985,
18986,@DancingABC  Some of us voted for #TeamAmy on fb...it showed up that we voted for #MerylandMaks.  That is so wrong!  #disgusting
18987,Awake early on a Sunday. #Dislike
18988,"#thoughtoftheday that #weird feeling when your ex calls up ""just like that""! #eerie #facepalm #dislike"
18989,
18990,"I've dream, crushed up Oreo pieces and golden syrup is Toms new invention! #disgusting"
18991,Dafuq was this shit ?? Bengaluru team is shit and we are making them look like champs ??? #Disgusting
18992,Will never understand why and how you just say 'neck yourself' or 'kill yourself' to other people #disgusting
18993,"Pale chested, crap tattooed, slightly smelly, very loud Arsenal fans waking up new born babies on the tube #dislike"
18994,
18995,
18996,"Watched @Nigella_Lawson show Nigella Bites / TV dinners...a mozzarella sandwich, pasta in oil with pancetta and frozen cream...#disgusting"
18997,Barbecue pizza... #disgusting
18998,Solid maths revision on an 18 degree day #disgusting
18999,"Must be the water in Newcastle, they're all fuckin ravin lesbians.. And I don't mean ravin in a good way #disgusting"
19000,Everytime I cook I think I might be wife material then I taste the food and think nahh single for life #Nasty #Disgusting
19001,"Omw to Amsterdam and someone on the train has weed. Just the mere smell of it makes me high, my god! #disgusting"
19002,My sister got McDonalds for breakfast and it literally reeks soooo bad. #Disgusting
19003,"Dissected a fish on Friday. I'm not even the one who cut it open, but I about threw up #disgusting"
19004,Cleaning the BBQ that hasn't been done since last year üò∑ #disgusting #effort
19005,
19006,Short hair requires far more frequent washes #dislike
19007,@BBCRoryCJ Hi Rory are you going to cover the gaming brand &amp; institution that is CVG getting shut down &amp; replaced by Kotaku UK? #disgusting
19008,SPIDERS........nuff said! Ugh...... #dislike #deadspiderisagoodone
19009,
19010,
19011,Just cleaned the downstairs bathroom at my dad's house. It was freaking nasty!!! #gross #disgusting
19012,
19013,
19014,
19015,
19016,
19017,"Oh FFS, what on earth was she doing there? #ibi14 #disgusting"
19018,
19019,
19020,Sitting down on a chair that is warm from the last person is one of the worst feelings ever. #disgusting #starbucksprobs
19021,Perfect afternoon disturbed by stupid dog finding and rolling in fox shit! #vile #disgusting #irishsetter
19022,Went in there one day and she had the laptop on the side looking for cheats while she played skyrim #disgusting
19023,I will kill you if you eat your massive meat sandwich in my face on public transit. Seriously tho. Don't eat on transit. #disgusting
19024,Checking the bathroom for centipedes every time I go in there #disgusting
19025,Always nice when your sat on the train and a man starts pissing up the inside of the door! #disgusting #tramp #vile
19026,Watching this @SportsCenter E:60 special on Qatar. Why is this place going to host the 2022 World Cup?! Modern day slave camps. #disgusting
19027,
19028,It's funny when you feel like you know someone well then find out every story is a lie #disgusting #golddigger #shock #ohwell #overit
19029,
19030,
19031,Nice ratchet party üòÇ #disgusting
19032,I do not understand why my suitemate snot rockets everywhere on the sink and counter then doesn't clean it up #disgusting #gag
19033,I just had 2 obese women driving in front of me &amp; food wrappers were being thrown out both sides of the car.  #disgusting #wasteofspace
19034,I think it's disgusting that there's already a movie out about the missing MH370 Malaysian flight called 'The vanishing act' #Disgusting
19035,
19036,Feel a bit sick looking a photos of myself from 9 months ago why the fuck did I leave the house #disgusting
19037,
19038,"People On Welfare, Tell Me Again How You Can Afford Smokes Weed And Alcohol On The Daily When You Cant Even Afford Gas Or Diapers
#disgust"
19039,
19040,
19041,As soon as I saw dude up on Facebook saying he's gonna divorce his wife I knew it was only a matter of time #disgusting #pathetic
19042,
19043,The candidate supported by Olympiakos‚Äô president seems to be finishing first in the first round of municipality elections. #disgusting
19044,
19045,
19046,
19047,Why do Wales have seperate bins for food. #disgusting
19048,
19049,I wish the Golden Arches  would close forever#unhealthy #disgusting
19050,"@CapitalOfficial you're late, you said The Vamps ft. Demi would premiere 10 minutes ago. You obviously just want more listeners #disgusting"
19051,
19052,Just went to a #openhouse w/ tenants still there and living in a mess. How? Why? #awkard #disgusting #badidea #realestate
19053,The Connor-Cordelia storyline is probably the worst storyline in Whedonverse. #disgusting #connorisaslimypieceofshit
19054,
19055,"Blessing dat IK is no longer with Jemima, these filthy retards wud have made his life even harder had they bn together now #disgusting #Geo"
19056,"""Suck that lolly!"" sung at me by a group of vile men as I was walked home in the sun on Shepherds Bush green... @EverydaySexism #disgusting"
19057,
19058,"My mentions just crashed, I can't scroll down anymore. #dislike"
19059,You can totally feel my knee cap not even on my knee. #disgusting
19060,
19061,"Amazing how things work.. Once you dislike someone, you dislike everything that reminds you of that some1aswell.. #life #dislike #people"
19062,
19063,
19064,
19065,
19066,
19067,"@ClubWembley @wembleystadium 2 Arsenal fans sat in block 229, row 6,seats 69 and 70 should never be allowed in the stadium again #disgusting"
19068,
19069,Just threw a whole bottle of vanilla coke out the window bc I saw it has 70 grams of sugar. #Disgusting #NeverAgain
19070,
19071,"""@Fact: When you urinate, a small amount of urine enters your mouth through the saliva glands."" #disgusting"
19072,
19073,
19074,"Really!!! @EE charging me ¬£50 for my contract per month, then attempt to add on a surcharge for calling customer services? #disgusting"
19075,
19076,The dog slept in my bed last night and now there's a huge dribble stain on my mattress #neveragain #disgusting
19077,
19078,So James just sent me a picture of his poo üí© #disgusting
19079,
19080,
19081,The real disappointing part about yesterday is that I saw a woman with more facial hair than I could grow in a year #Disgusting #BeardedLady
19082,
19083,Whatever bird pooped on my car must have been really sick #disgusting
19084,Cheating is the most heinous thing someone can do to a relationship. There is no excuse. #unacceptable #disgusting
19085,
19086,Cant get over the football injury I've just seen üò∑ #disgusting #previoustweet
19087,Does the NFL really want hockey to matter in LA THIS badly? #disgusting
19088,
19089,
19090,@SkySportsNews not a single mention of the fantastic results that the GB gymnasts have achieved in the European Championships? #disgusting
19091,
19092,Who ever if it was who gave that injury to the Blyth town player should be locked up #disgusting
19093,
19094,He's too much of a flirt #dislike
19095,
19096,
19097,
19098,Clearly must have said or done something to piss someone off...#dontknow #dislike #thisistheworst #idontknowwhattodo
19099,
19100,That last tweet was number 666 #dislike #devilish
19101,"Beartooths ""Beaten In Lips"" is so frickin great @BEARTOOTHband @CalebShomo #disgusting"
19102,I think its only natural to wipe when standing up after peeing. I KNOW ITS NOT JUST ME. #disgusting
19103,
19104,Typical low class play by Chalmers #disgusting
19105,Long toenails freak me out sooo bad. #disgusting #cutthose
19106,
19107,
19108,I've eaten a quarter of the cheese ball jar. #disgusting
19109,I will never again mistake an olive for a grape. #disgusting #deceitful #italyprobs
19110,
19111,You wanna play a game? üò∑üò´ #itv2 #sawll #disgusting #whyamiwatchingthis
19112,"4 American Patriots now being used by the GOP for fund raising.  #Benghazi
We spent less $/effort iraq invasion #disgusting"
19113,
19114,
19115,
19116,Drunk Cubs fans tryin to feed pigeons by holding a cracker b/t their lips and leaning toward them #disgusting #StopWhitePeople2014AndBeyond
19117,"And just so everyone knows, the iced green tea at Tim Hortons does NOT taste anything like the green tea frap from Starbucks. #disgusting"
19118,
19119,Girls are talking like guys nowadays #Disgusting #TurnOff #StayClassyYouDumbBitches
19120,Our Veterans were dying in wait at #VA hospitals as Planned Parenthood received $542 million in tax dollars last year. #tcot #Vets #Disgust
19121,Got boy finger nails again now I've taken all my nails off #disgusting
19122,
19123,Still cannot believe sea world are getting away with the way they treat the whales üê≥ #freetilly #heartless #disgusting
19124,"My damn neighbors threw up outside their front door, which is across from mine. Ugh. #disgusting"
19125,Is wiping down the treadmill after a workout a lost art?! #disgusting
19126,
19127,
19128,Eye infections are making me very miserable. Please let me open my eyes properly and stop the juices flowing. #juices #disgusting
19129,
19130,
19131,So fucking disrespectful posting a photo with dundee winning a league and a picture of Eddie Thomson's Funeral underneath #Disgusting
19132,
19133,
19134,
19135,they haven't even found flight mh370 and there's already a movie nearly out... always trying to make money off others tragedies. #disgusting
19136,@radiogrant You dirty bastard. 2 gerkins with ya fish supper! That's just wrong! #disgusting
19137,
19138,"""@Joe_Wells07: Manziel is very cocky, but Im drawn to his confidence.....I could quickly jump on the #BrownsBus. #ItIsWhatItIs"" #disgusting"
19139,Is it illegal to drop weights on people's faces? cause I'm really considering it right now. #disgusting
19140,If your shorts are so tight that the fat is bulging out just stop wearing the shorts and buy the next size up. #disgusting
19141,
19142,
19143,The worst world cup song of all time! #WeAreOne #Pitbull #JLo #Disgusting #BillboardsMusicAwards2014
19144,
19145,Watermelon cupcake mix? #Disgusting #WTF
19146,
19147,That moment when you're not watching TV and you look up at the TV and see boobs. #Disgusting
19148,Thoroughly disappointed with this coffee #disgusting #timsdoesitbetter #spotcoffee
19149,Ariana Grande looks like she is 12 years old and dancing sexy. #Disgusting #BBMAs
19150,
19151,
19152,
19153,Pandora is not good today üòí#dislike
19154,Blowing your nose at the dinner table..... #Disgusting
19155,
19156,"Got my protein for the day, from all the bugs I ate on my run... #wtf #disgusting"
19157,Guys with groomed facial hair&gt; guys with wooly mammoth facial hair. #disgusting #cleanupyourface
19158,
19159,
19160,Seriously how many guys do you talk to and lead on? #disgusting
19161,
19162,This is fucked up to be completely honest. Stop bringing dead people back digitally. Fucking stop it. #Billboards2014 #disgusting
19163,
19164,Make friends that are your own age. #disgusting
19165,
19166,That fraud Lorde won best pop song rock #Disgusting
19167,Lorde is my new Taylor swift. And that's not a good thing. üëéüòë#dislike #thatshitidontlike
19168,"I will forever say I'm ok with it, but I'm not. #disgusting"
19169,Just seen a pic of Jordan sparks at the #BBMAs and she looks nice but zoom in on those feet ! #nasty #disgusting
19170,Ew. Like seriously stop #disgusting
19171,It sickens me how some people just throw others out of their life as if they've never even spoken #disgusting
19172,
19173,@justinzlbieber ur disgusting for liking Justin bieber that so nasty like frfr tho #ewwww #nast #disgusting #die #JustinBieber #justsaying
19174,
19175,"Pamela just called me ""disquesting"" #what #disgusting"
19176,The first thing that happened to me when I got home to Reston was white people trying to touch my hair with out Asking. #disgusting
19177,How could you ever just leave someone hanging like they meant absolutely nothing to you? #disgusting
19178,This is so sad at such a good cause you act a fool ..#MarriedToMedicine #disgusting
19179,
19180,
19181,I actually HATE blurred lines.. #disgusting
19182,#Cosign!!!--&gt;RT @msbyrd34: This is so sad at such a good cause you act a fool ..#MarriedToMedicine #disgusting
19183,Robin thicke just won an award at the #bbmas #rapeculture #disgusting
19184,
19185,Officially now scared of my back porch.. Thanks a lot Junebug! #disgusting #ughhh
19186,This girl literally just peed on the lawn in the middle of the concert.. SO RATCHET #disgusting
19187,These 2 blonde country people are doing a strange #RunDMC impression. #Dislike #BBMAs
19188,
19189,"5sos Fans Are Really Rude &amp; Annoying!! Just Shows Why I Would Never Want to Join Your Fandom!!

#disgusting"
19190,your heading &lt;&lt; #disgusting
19191,
19192,
19193,I want to HIT like that!!!!!! I WANT THE OPPORTUNITY TO ROCK SOM√âONE'S WORLD :) #DISGUSTING #PAINFUL #SAVAGE
19194,"I Came to This Rally AFTER Work!! This history has no object distinct from what takes place within it! 
 #tcot #Loathsome #DemandSchedule"
19195,
19196,People don't understand what dancers go through! We sweat buckets with 3 inches of makeup caked on our face #disgusting #dancerslife
19197,When you're cleaning your sisters old room and find a cupcake.. its at least 5 years old; AT LEAST. Excuse me while I puke. Dx #disgusting
19198,
19199,Had to turn off the #BBMAs because of @robinthicke. #disgusting #BillboardMusicAwards #robinthickeisaloser
19200,Cigarettes can turn someone from an iggy azalea..into a lorde..üòí#disgusting
19201,Facebook is now letting users ask for somebody's relationship status that doesn't disclose it. #dislike
19202,Wish some couples realized no one gives a fuck bout them and they shouldn't put everything on social media #disgusting #niggerz
19203,Am I the only one who thinks that 3DG new songs sound like MDD?  Like fuck #dislike #annoyingasfuck
19204,@flybags4 what disciplinary action is the club taking on Kennedy kicking bendigo player in last quarter on saturday? #disgusting #dogact
19205,Wore my extensions out last night just reminded me why I never wear them anymore #disgusting #painintheass
19206,The way my nephew kisses me üôäüí¶üí¶üí¶üí¶üí¶üí¶ #disgusting
19207,
19208,"Fuckin bitches here and there is what makes u happy then by all means do you, i ain't got time #disgusting"
19209,
19210,My boyfriend just asked me to give him a blumpkin. #disgusting #gladhesjustkidding #iwouldthrowup
19211,
19212,Just got attacked by a centipede. It was on my body.. Time to curl up in a ball and cry. #disgusting
19213,I'd rather smack ya food out ya hand than hear you smacking while eating. #disgusting
19214,
19215,"on me i tweeted this a few days ago ""@BJTHECHICAGOKID: I'd rather smack ya food out ya hand than hear you smacking while eating. #disgusting"
19216,
19217,
19218,@skyler_jessop needs to stay OFF snapchat ... #disgusting
19219,"@GovJVentura #stayvigilant great show, proof torture degrades america, dicky Cheneys war made him / Halliburton extremely rich #disgusting"
19220,
19221,"All these grown ass men liking these teenage Kardashian girls' pictures, get that shit off my timeline #growup #disgusting"
19222,
19223,
19224,
19225,Sat in Frankie and Benny's. Wife and kid eating chips. At 5am? #Disgusting
19226,
19227,Some people just don't even think about others. #Disgusting
19228,I have never seen something so disrespectful to an artist in my life then this MJ @OfficialBBMAs performance. Let the man die. #disgusting
19229,Just saw a commercial against smoking menthol cigarettes. How about not smoking cigarettes at all? #gross #disgusting #worsthabitever
19230,
19231,
19232,Seeing that just proved you haven't changed #SorryNotSorry #Disgusting
19233,
19234,
19235,"@comedycentralke Enyewe Facebook ina ufala una upload pic,unatag watu 20 bt in the end unapata 1 Like....#Disgusting"
19236,
19237,I do not want to listen to that guy cough and spit all night! #disgusting #neighbor
19238,
19239,
19240,
19241,
19242,There will never be another #MichaelJackson. Watched Simslike #MJ hologram on #bbmas. I think he would have disapproved #DISLIKE #CREEPY
19243,It's 8am and you are already smell like a pig man....#disgusting
19244,"It's insane that I got in bed to keep reading, checked my phone and ended up doing virtually nothing on it for nearly 3 hours. #disgusting"
19245,People who constantly shut you down. #dislike
19246,Who is this woman moaning on @GMB and why isn't she in the kitchen?? #disgusting
19247,The Word Secular is the most misused word in present day Politics and often used as a ploy to ensure Votes #disgusting
19248,
19249,Why does outside smell like sick #disgusting
19250,
19251,"After all that time of hearing the mice in the walls, I finally found one in my room. On my second to last night.Absolutely not. #disgusting"
19252,Not saying much about #Budget2014¬†because I'd prefer to have something constructive to contribute but I'm mostly still stuck on #disgust
19253,Them times when someone's hair looks literally wet because it is so greasy; please find out what shampoo is! #disgusting
19254,Catching up on the Skrill playoff final on BT Sport and they just cut for a 5 minute advert after only 12 minutes of the game!! #disgusting
19255,
19256,
19257,
19258,
19259,"Even after his death, people are still trying to profit from him. #MichaelJacksonHologram #disgusting"
19260,
19261,
19262,"Drinking from my water bottle miss 10 walks out and says 'mum, I let the dog drink from that earlier' #feral #disgusting #vomitinmymouth"
19263,
19264,
19265,Cheating advert on E4 from #jamster -infuriating! Telling 13yr old girls to expect cheating and 13yr old boys that its natural #disgusting
19266,"does this mindless moron @sagarikaghose even know what are #upnishads making baseless comments, lady are you OUT OF YOUR MIND! #disgusting"
19267,
19268,"It's hot, either dress appropriately or use deodorant!!! üò°
#NOexcuse #disgusting"
19269,"@JaniceUKIP You're an absolute disgrace to society.Do you deny that you're a hateful, fascist, classist xenophobe? #disgusting #DontVoteUKIP"
19270,feel asif im putting on soooo much weight recently #disgusting
19271,I'm tanning so quickly üò≠üò≠ #dislike
19272,Why become carers or nurses if all you want to do is take advantage of vulnerable people? #Disgusting #ThisMorning
19273,The little shop down the road always has stale food on the shelf! #disgusting
19274,"People who call ""s"" as ""x"" #Disgust"
19275,
19276,Never bullshitted myself through an exam than I have through that UMC exam #disgusting
19277,
19278,Cannot fault the nurses and doctors based at @LiverpoolWomens it's the admin staff that let them all down!!! #disgusting #awful
19279,So our bin hasn't been emptied for 3 weeks now meaning our front path has turned into a black bag dump! :/ #Disgusting
19280,
19281,"Made egg whites for breakfast because it's healthy &amp; stuff.. 
I frickin hate eggs. #disgusting"
19282,Hamad medical corporation has the worlds worst ever call center service operators#retards#bimbos at work#loathe#grrrr#hmc#doha#Qatar
19283,
19284,my room was absolutely bazoiling last night #disgusting #unecessary
19285,
19286,
19287,#Gag My co-worker just picked his ear and then put it in his mouth. #disgusting
19288,And if u claim to be a @nickcarter fan u should be ashamed of yourselves for what u say to @Lauren_Kitt on her IG #disgusting
19289,Still cant believe that BNP youth video is actually a real thing #disgusting
19290,This nasty bitch just ate off the floor... #disgusting
19291,Some of these freshman really need to learn how to wear deodorant..take a shower...and WASH THEIR CLOTHES! #disgusting
19292,Throwing up is possibly one of the worst  feelings ever..üòîüò≥ #disgusting
19293,So many sex abuse stories coming to light lately. Was that a trend in the 70s/80s?? #disgusting
19294,
19295,"When i have my own place one day, people wont even be allowed to wear shoes inside, let alone my house looking like this #disgusting"
19296,
19297,
19298,
19299,
19300,The sky is blue with little clouds. The trees and flowers are bright and green. The birds are chirping. It's a nice spring day. #disgusting
19301,Sat in a cafe and a man has just stood up and his shorts look like boxers -__- #disgusting
19302,
19303,
19304,"Why is a ""tallywhacker"" a part of bachelorette parties? Some ""twig &amp; berry"" cookie place just tweeted at me! No thanks! #disgusting #blocked"
19305,What about the kitchens gordon ramsay don't visit? #Disgusting #dying #ramsayskitchenNightmares
19306,I don't understand the Facebook app. Always shows me posts from yesterday. Never new ones. @facebook #dumb #thumbsdown #dislike
19307,who the fuck thought about recreating those jelly sandals for adults #worst #disgusting #why
19308,When people eat in clas... Then be smackin their food üôâüò≥üò∑ #disgusting
19309,Toity Jar the family is eating out of #LTTKas1 #disgusting
19310,@DarpanManek @nirmit_live y u behaving like naman :/ #disgusting
19311,Tried to make a Slushy out of my coffee. Epic fail #disgusting
19312,Its thundering and lighting and raining and trees are blowing like crazy #dislike
19313,Ken Paxton is the reason I'm sick of politicians #disgusting
19314,"@HotpointUK @IndesitSupport worst customer support EVER. cost me to fix damage they caused, still waiting for reply over week on #disgusting"
19315,Is it bad if I'm sick in the airport? #disgusting
19316,I seriously can't handle the sound of people chewing #Disgusting
19317,
19318,
19319,
19320,
19321,
19322,
19323,
19324,
19325,
19326,
19327,
19328,
19329,
19330,
19331,
19332,
19333,
19334,
19335,
19336,
19337,
19338,
19339,
19340,
19341,
19342,
19343,
19344,
19345,
19346,
19347,
19348,
19349,
19350,
19351,
19352,
19353,
19354,
19355,
19356,
19357,
19358,
19359,
19360,
19361,
19362,
19363,
19364,
19365,
19366,
19367,
19368,
19369,
19370,
19371,
19372,
19373,
19374,
19375,
19376,
19377,
19378,
19379,
19380,
19381,
19382,
19383,
19384,
19385,
19386,
19387,
19388,
19389,
19390,
19391,
19392,
19393,
19394,
19395,
19396,
19397,
19398,
19399,
19400,
19401,
19402,
19403,
19404,
19405,
19406,
19407,
19408,
19409,
19410,
19411,
19412,
19413,
19414,
19415,
19416,
19417,
19418,
19419,
19420,
19421,
19422,
19423,
19424,
19425,
19426,
19427,
19428,
19429,
19430,
19431,
19432,
19433,
19434,
19435,
19436,
19437,
19438,
19439,
19440,
19441,
19442,
19443,
19444,
19445,
19446,
19447,
19448,
19449,
19450,
19451,
19452,
19453,
19454,
19455,
19456,
19457,
19458,
19459,
19460,
19461,
19462,
19463,
19464,
19465,
19466,
19467,
19468,
19469,
19470,
19471,
19472,
19473,
19474,
19475,
19476,
19477,
19478,
19479,
19480,
19481,
19482,
19483,
19484,
19485,
19486,
19487,
19488,
19489,
19490,
19491,
19492,
19493,
19494,
19495,
19496,
19497,
19498,
19499,
19500,
19501,
19502,
19503,
19504,
19505,
19506,
19507,
19508,
19509,
19510,
19511,
19512,
19513,
19514,
19515,
19516,
19517,
19518,
19519,
19520,
19521,
19522,
19523,
19524,
19525,
19526,
19527,
19528,
19529,
19530,
19531,
19532,
19533,
19534,
19535,
19536,
19537,
19538,
19539,
19540,
19541,
19542,
19543,
19544,
19545,
19546,
19547,
19548,
19549,
19550,
19551,
19552,
19553,
19554,
19555,
19556,
19557,
19558,
19559,
19560,
19561,
19562,
19563,
19564,
19565,
19566,
19567,
19568,
19569,
19570,
19571,
19572,
19573,
19574,
19575,
19576,
19577,
19578,
19579,
19580,
19581,
19582,
19583,
19584,
19585,
19586,
19587,
19588,
19589,
19590,
19591,
19592,
19593,
19594,
19595,
19596,
19597,
19598,
19599,
19600,
19601,
19602,
19603,
19604,
19605,
19606,
19607,
19608,
19609,
19610,
19611,
19612,
19613,
19614,
19615,
19616,
19617,
19618,
19619,
19620,
19621,
19622,
19623,
19624,
19625,
19626,
19627,
19628,
19629,
19630,
19631,
19632,
19633,
19634,
19635,
19636,
19637,
19638,
19639,
19640,
19641,Never understood the idea of saunas. People breathing in other people's sweat. No thank you! #disgusting
19642,
19643,
19644,Shame on parents for not monitoring what your kids are putting out on social media! #Disgusting
19645,
19646,Hate people who eat with there mouths open #disgusting
19647,pushd /var &lt;do some stuff&gt; poopd #Disgusting
19648,
19649,I'm so tired of reading about people and their 'side chics' when did this become ok? #Disgusting #justAThought
19650,people that don't get out of the way for ambulances/policemen/firetrucks don't even fucking touch me #disgusting
19651,
19652,Nasty! #Disgusting
19653,So sick thanks to white castle.  #disgusting  #dontdoit #sick
19654,To have your hair done and then your card gets declined so you 'go home to get money' and we never see you againüò° #disgusting
19655,"@KngFish No way is Meade not going to protect Sullivan on that thread. ""There's a bond there, man."" #Disgusting"
19656,"Just left a customers house for an internet repair, found a dead mouse in the wall jack #disgusting #yikes"
19657,It's called deodorant you should really fucking use some üò∑ #disgusting
19658,We send our vets halfway across the globe to die but we can't lift a finger to help them once they are home. #Disgusting #notjustphoenix
19659,
19660,How can you keep my security deposit when you can't get the bill right? @SP_EnergyPeople #disgusting
19661,
19662,
19663,Just watched a little baby goat get blown up by an atomic bomb. #disgusting #worldhistory #poorgoat
19664,If this girl doesn't stop chomping on her chips and chew with her mouth closed #PetPeeve #Disgusting
19665,Why are some brothers going to extent whereby they speak about worldly women/compare them to Hoor Al Ayn in most horrendous way. #disgusting
19666,
19667,#disgusting #pt
19668,HAVE to interfere when I see someone getting bullied. #disgusting
19669,
19670,
19671,People who don't shower regularly&lt;&lt;&lt;&lt; üíÄüíÄ #disgusting
19672,
19673,Cannot believe my eyes what I'm reading on Facebook!! How can knife crime be justified? #disgusting
19674,
19675,If you are sick don't try and share shit with people. I don't care if its a blunt or a fucking drink. #disgusting
19676,
19677,It's not even 10:30 and josh has already eaten two hot pockets and two hot dogs #disgusting
19678,
19679,CSK cheerleader clothing is so ugly. It needs help. Please change it #disgusting #help #whistlepodu #CSKvsKKR
19680,
19681,Time Warner Cable.... Terrible company. #dislike
19682,I hate flies #passion #disgusting #buzz #buzz #buzz #buzzoff
19683,"Finding out I missed out that I missed 2nd place by one stroke is making this day worse. Also that I have to go to the dentist.
#dislike"
19684,
19685,
19686,
19687,
19688,
19689,Collegefession really makes me hate people more than I already do #disgusting
19690,Most of my time spent in the shower is me untangling the hairs between my fingers. #disgusting #bald
19691,
19692,It was birthday last Saturday and I got absolutely nothing from man city #disgusting
19693,"@ee so after you allowed my sim to be cloned, you haven't responded to my letter and have sent debt collectors to harass my mum. #disgusting"
19694,
19695,"Freaking nasty ass #grasshoppers are taking over Abq.They're stuck to my clothes, smooshed on my car, looking in my windows... #disgusting"
19696,Sheikh dynasty betrayal at its peak#Disgusting
19697,When some old man winks at you and looks at your legs. Perv. #disgusting #old #eww
19698,Don't support #FilmPiracy it's #disgusting #wiseUp
19699,Why am I still wearing my winter jacket May 20th in Halifax?? #disgusting #brutalweather
19700,Why is #feminismisawful trending before #feminism ? Twitter is the worst. #disgusting
19701,
19702,üò∑üò∑üò∑ #Disgusting
19703,
19704,Whoever comes up with the england kits needs to have a look at themselves #disgusting
19705,
19706,When people send you links all day to read stuff on the internet.. #dislike
19707,
19708,I hate that i love bojangles. #disgusting
19709,
19710,Yaya Toure! Listen to yourself! Only got a cake &amp; not a car for your birthday! Kids out there that don't even get a cake!! #disgusting
19711,
19712,"@GabbyLogan when ure father TerryYorath had his heart attack-he should perhaps remind u of ure TaxPayingDuties?NHS
#Disgusting #Tax #Shyster"
19713,
19714,$24 will get you admission into the 9/11 Memorial Museum. And no trip to the museum will be complete without a 9/11 coffee mug! #disgusting
19715,Spending my bday cleaning up Ainslee's milky puke. How do I get this out of my wool rug? #disgusting #smells
19716,@SportsDirectUK got sent stuff from u and it was all stained and smelly! Sent back and u didn't even refund postage! #disgusting #neveragain
19717,"Just seen a couple of druggies with a young daughter, no older than 3...with a giant bottle of Emerge in her hands drinking it #disgusting"
19718,@cmlauriecumbo The portrayal of #FirstLady @Chirlane just shows that the @nypost is more tabloid than news. #Disgusting
19719,"Giraffes are among my favorite animals, @CopenhagenZoo. Horses and Bayonets want to meet you in person in a dark alley. #disgusting"
19720,
19721,Miley Cirus gyrating round in a swimsuit? Catch a grip wee girl.. #disgusting
19722,High light of my day playing Russian roulette with dodgy jelly beans!!! #disgusting #neveragain
19723,If binky even so much as looks at alex again i will be so annoyed eurgh #disgusting #mic
19724,"People that upload pictures of injured feet/ankles/toes, please jump off a cliff and die instead of making me gag at my desk #disgust"
19725,The entire Paris population seems to smoke. #disgusting
19726,
19727,
19728,this dumb bitch keeps bragging about how she made out with three guys over the weekend. #disgusting
19729,You don't actually know how much hair you lose in the shower until you clean out your drains... #disgusting
19730,You really don't know who you can trust in this world! #disgusting #vile #creatures #notworthytospitonifyoureonfire
19731,i cant stand smelling Nasty body odour #nasty #disgusting #bo
19732,This woman is clearly at least 8 months pregnant and she's smoking a cigarette #disgusting #poorbaby
19733,Some people need to be retaught manners when they're eating #Disgusting
19734,
19735,
19736,"Received some disgusting racist tweets tonight, thanks @JuicyBuffalo you're a lovely human. #Disgusting"
19737,People who bully or harass handicapped people are the lowest of low. That kind of gutty behavior just sickens me to my stomach. #disgusting
19738,@OscarTrial199 I've been to the future OP walked. It cost him a lot of money...but he bought his freedom. #justiceforsale #disgusting
19739,
19740,
19741,
19742,I dont get how old middle aged pervy men think its okay to try hit on girls not even half their age.. #disgusting
19743,catching up on #madeinchelsea and every word that comes out of alex's mouth infuriates me #disgusting
19744,
19745,
19746,
19747,"If you touch/hold it when you shake, you are expected to wash your hands.. #disgusting #prolifetip"
19748,My least fav character from Devious maids is Marisol #dislike
19749,Since when is cheating in your girlfriend acceptable #disgusting #Worstkindofpeople
19750,
19751,
19752,"Apparently, my nose felt the need to bleed in the shower. #disgusting #nosebleeds #wierd #drowning #blood"
19753,"Just saw a women let her dog shit on the grass were little kids were playing, then didn't even pick it up! Horrible bitch! #Disgusting"
19754,"I just killed a spider but now its stuck on my wall. It's ""bugging"" the crap out of me.  #spider #killed #disgusting #pun"
19755,So I just reported a video on Facebook that was clearly showing child abuse and apparently they see no reason to remove it!!! #Disgusting
19756,It is NOT okay to bring your pet rats into my store. #HavingAPanicAttack #Disgusting
19757,
19758,
19759,
19760,@laschatzi love how Bozo slipped about her mom buying the furniture..#disgusting
19761,Listening to people talk about how they can barely go 2 hours without smoking #smh #disgusting
19762,
19763,
19764,Went into @asda and lifted milk off the shelf which was mouldy and had all separated #disgusting #asda
19765,White girls the only ppl i kno that lay in the sun tannin and smoke a cigarette at the same time #disgusting
19766,They just give you pain killers and send you home. And then we wonder why we have a drug problem in America. #healthcare #system #disgusting
19767,
19768,"Junkies, junkies everywhere #disgusting"
19769,I hate teachers who bark in your face #DISGUSTING
19770,Three people at gold fish today... Along with it they drank the water that the fish pooped in.. #disgust
19771,
19772,Springtime aka when my cat KILLS EVERYTHING and spreads it's organs all over the garage #disgusting
19773,a 20 year old lad hanged himself after applying for 40 jobs in 3 months and not getting one of them. #Disgusting #CameronOut
19774,
19775,I will stop hating mixed vegetables when they stop putting Lima beans in them. #disgusting
19776,Hate hate hate public bathrooms #Disgusting #filthy #gross
19777,
19778,
19779,
19780,Wow absolutly disgusted and appalled at people praising blatant sin in America. now more Fags getting married. #Disgusting
19781,
19782,People with dirty finger nails bother me #Disgusting #yuk #washyourself
19783,
19784,
19785,I can't believe how crazy people get when they start doing drugs. You look like a psycho #done #drugfree #Disgusting
19786,Seeing you in town makes me wanna puke... #disgusting
19787,Jose Fernandez you will be missed. #disgusting #thecomeback
19788,Seriously though if you make jokes about Hillsborough you are the lowest of the low #Disgusting
19789,
19790,
19791,said I was thirsty so dad hands me a water bottle filled with moonshine and watches my chug it.... I thought it was water üò∑ #disgusting
19792,That moment when your dissecting a frog and fluids starting shooting out !! #eeewww #nasty #disgusting #makesmesick
19793,The fact that you're attracted to HER tells me all I need to know. #disgusting #shesadude #fake
19794,
19795,will never vote UKIP ‚úã #ukip #disgusting #vote
19796,
19797,Saw a bottle of Ros√® on the TV and it brought back bad memories #evilwine #disgusting #badRos√®
19798,
19799,These patients can s my d. I'm over them. #Disgusting
19800,"No-one in the media has dared to support Miley Cyrus like they have Justin Bieber, only slated her. #disgusting #sexism"
19801,
19802,"You come to our field and tear up ""Go Lancers"" signs that 6/7th grade NS teams made for us.. In front of our coach #classyteam #disgusting"
19803,
19804,My jaw is so locked up that every bite I make it cracks #disgusting
19805,
19806,Pulling ticks off Miles üò© #disgusting
19807,have some self respect #disgusting
19808,@Starbucks your new oprah chai tea is awful. It's got an awful aftertaste. #WasteOfMoney #OprahChai #Disgusting
19809,
19810,
19811,You seriously need to realize the number of people you've been with.. #disgusting  #growup
19812,
19813,
19814,"Any support I may of had for #Fairtax"" using President Regan and his memory to push your agenda is wrong. No support from me! #Disgusting"
19815,Girls that smoke weed or cigs... #Disgusting
19816,
19817,
19818,You know you're in a high school bathroom when none of the toilets are flushed #Disgusting
19819,
19820,
19821,
19822,
19823,
19824,
19825,Is it really necessary to spit? #disgusting #justnasty
19826,It really grinds my gears when people chew their food with mouths wide open #disgusting
19827,The fact Jodi wants a cat right now.. &lt;&lt;&lt;&lt;&lt; #disgusting
19828,OH MY GOD THE FAIRIES ATTACKED SETH THEY TURNED HIM INTO SOME KINDA MALFORMED WALRUS THINGY #DISGUSTING
19829,I'm not going to miss throwing away spitters. üò∑ #Disgusting
19830,
19831,So Churchill wants to raise takeout at the Fair Grounds too. They are purposely trying to kill racing at all their properties. #Disgusting
19832,
19833,How do you allow your weave to get so matted up and tangled #disgusting
19834,
19835,2 ppl in the class of 2011 talk to my mom #disgusting #vomit #ewew
19836,These girl from #BGC12 talk so damn ghetto #wackbitches #Disgusting
19837,Common #NBA experts laugh at the conspiracy theories but what else do they expect fans to believe. Setting up Leflop watch 2.0 #Disgusting
19838,
19839,Its so obvious the NBA wants LeBron back in Cleveland #FeelGoodStory #disgusting
19840,"I will do my best to never buy @DIRECTV bc their ""wires are ugly"" commercials are SO bad. How did those get approved? #Terrible #Disgusting"
19841,All these people being racist and explaining their reasons for voting for #UKIP is making me feel physically sick. #Disgusting
19842,
19843,
19844,
19845,18 hours of class in two days #disgusting
19846,
19847,
19848,"Cough medicine tastes like poison, it's as simple as that. #disgusting"
19849,Someone posted a pic of a person getting herpes becuz semen was in her McChicken...üò∑üò∑üò∑üò∑ fuck!!!!!! #ihateyoumcdonalds #disgusting
19850,#maddow I love how much money and time is spent on campaigning and elections and nothing on actual Governing #Sick #Disgusting
19851,
19852,the dance community is outraged about the dancewear ad and clothing line Free people released&amp; they have every right to be #disgusting
19853,
19854,I think i just lost a decade of life with tht toxic waste entering my body thru my nasal cavities üòê #disgust
19855,"Just when I thought it could hardly be worse, a baby puked on the seat next to me #ineedtoyak #disgusting #haventevenleftyet"
19856,
19857,@TonyAbbottMHR Call yourself the Minister of Women yet you wink &amp; smirk when told someone does a job beneath your standards! #Disgusting
19858,Since when did it become ok to have a toilet in your pic?!? üò≥üòíüò§ #Disgusting #CropItOrSomething #Yuk #NotCool #JacqsInnerThoughts
19859,Dudes was slaying lebron....ummm what about PG. 1 for 11 #disgusting
19860,
19861,Well got @BEARTOOTHband new cd preordered and @NightmaresGa new cd. #Disgusting #Suspiria
19862,Saw a mother breast feeding and smoking in her car -- windows up. #disgusting
19863,Stop it lance Stephenson #disgusting
19864,Viewing a twitter chat that you were the reason for is a bit like walking in on someone talking about you behind your back. #disgusting
19865,
19866,
19867,Still can't believe what I saw at work tonight #Disgusting #Nasty
19868,"Minister for women, sexy women. #auspol #wink #disgusting"
19869,When people younger than me hang out with my aunts ex..... #DISGUSTING
19870,Evening lectures of 4 hours üò™üò≠ #dislike
19871,
19872,
19873,
19874,
19875,Looks like King Flop and the flopstars are about to win this one... #FlopNation #disgusting
19876,@ramonasinger is the very epitome of what is wrong with this country &amp; why we r the ridicule of the world. #disgusting #RHONY
19877,
19878,So pissed right now. #Disgusting
19879,I loathe milky coffee #dislike #coffee #caffeine #thingsiloathe #ruinedcoffee
19880,
19881,‚Äú@digvijaya_28: Pay homage to Rajiv Gandhi Martyr who lay down his life for the Country.‚Äù Joke of the day Rajiv Gandhi a martyr? #disgust
19882,
19883,My dog is killing me! I seriously cannot breathe. #disgusting #gassydog
19884,
19885,
19886,
19887,
19888,
19889,
19890,This is the first crossfit class that I actually enjoy at my new gym. #sweatymuch #disgusting #crossfit #iloveit
19891,#speedrestrctions #delays and #cancellations are trending in @CapeTown @helenzille @CapeTownTrains @TrendsCapeTown #metrofail #disgusting
19892,Holy fuck go back to port hardy #dislike
19893,WTF is wrong with the world?! Women are getting plastic surgery for hand selfies? #disgusting
19894,I spilled tea down my boobs and just kinda left it. #Lazy #Disgusting #DontReallyCareThough
19895,Aussie captains r busy digging talents in young uncapped Indian players while WC winning Indian skipper doesnt seem to care so! #Disgusting
19896,I hate when people smell like cigarettes! #Disgusting #youstink #sogross
19897,
19898,
19899,
19900,
19901,
19902,Weed got my heart rate up #dislike
19903,"Now I understand we raise girls only for the reason that they could be married to a stranger,  giving him everything we earned. #disgusting"
19904,Fucken possum in my backyard #disgusting
19905,#YouSingleBecause You do not floss ur teeth #disgusting
19906,In the bathroom and all I hear is my family vacuuming up June bugs in my sisters apartment. #Disgusting
19907,I absolutely hate that cigarette commercial where the girl peels off her skin #disgusting
19908,
19909,These bitches that kill their kids Deserve the same fate!How can u look at ur child and stab them?!! #Disgusting #noexcuse #Abc7
19910,
19911,
19912,Wanted to check out cameras @walmart for my upcomming video review on products #Nodemos #Disgusting #...
19913,
19914,Saw my first cockroach tonight #disgusting #floridalivin
19915,
19916,OMG someone just farted on the bus!! Like really loud Gads!! #publictransportproblems #disgusting #thankgodicantsmell
19917,Really dislike the new female presenter on #goodmorningbritain Wheres @reallorraine &amp; @realaled? Bad move #ITV #boo #dislike #daybreak
19918,Well done media. You have managed to turn a tragic story of a young man's suicide into a win against job seekers on benefits! #Disgusting
19919,
19920,@GMB why should we pay the government for a service that is not fit for purpose #disgusting#
19921,
19922,
19923,I wonder if @Nigel_Farage will ever get interviewed in Nation tv instead of barraged with this rubbish. @GMB #disgusting
19924,"@najamsethi Restored again, Supreme Court V IHC decisions turn PCB into Circus, #Disgusting"
19925,Login to your Amazon account and get presented with 55 options and menus. I don't even own a Kindle‚Ä¶ Busy dashboard. #dislike #amazon
19926,"""I want something new, not something that's been used."" Thank you gypsies for perpetuating the objectification of women. #disgusting"
19927,
19928,@Toure_yaya42 throwing a strop over not being wished a Happy Birthday stinks of 'I'd like more money please' #disgusting
19929,"#YAYA might leave #MCFC just because his B'DAY wasnt celebrated ...
how #egoistic is Mr. #Toure
#Disgusting"
19930,the smell down the corridor is actually horrific #disgusting
19931,
19932,"NO THANK YOU, I WILL NOT WORK WITH YOU FOR NUDE PICTURES #Disgusting"
19933,Can't believe all my neighbours do is make noise Drink Beer &amp; Smoke Crack #Disgusting
19934,When people eat with their mouths open ‚úãüò§ #disgusting
19935,@JosieCOnline why the fook would katie price want to be on your site. Omg your a fucking bully.  Horrible bully.  So mean #Disgusting
19936,With only myself to blame... I am a fool to my own demise #vile #disgusting #letdown #givingup
19937,
19938,
19939,
19940,
19941,"The bus fare from Grimsby to louth is now ¬£4.10, used to be half the price! #disgusting"
19942,Dont use @CesarDogUK Third time I've found a heart valve in the sachets of food! Makes me wonder where the meat is from #disgusting
19943,
19944,
19945,you know what really disgusts me? when lads have got a girlfriend but still chats up other girls.. üòñüòê #disgusting
19946,Lunchtime shake #disgusting #meanstoanend
19947,Why are people so cruel to animals? One thing that really gets to me. #disgusting #fuming
19948,"Thanks to all that lovely rain last night, there is sewage water sitting in the basement. Beyond disgusted! #Gross #disgusting #thanksrain"
19949,Note to self: Don't eat an apple ever again after brushing your teeth #disgusting
19950,
19951,
19952,
19953,can't believe my eyes seeing ONE OF the girls Alex cheated on @BinkyFelstead with!? what is it with males these days? #disgusting #scruff
19954,Buzzing for these bacon noodles !! ...cook them add powder üòî peppered steak üôäüò∑! #gutted #disgusting
19955,
19956,
19957,
19958,
19959,"The Netherlands is the third biggest fur farming nation in the world, with 160 fur farms producing five million pelts a year. #disgusting"
19960,That moment you pour yourself a bowl of cereal and take that first bite and realize the milk is bad!! #fail #disgusting
19961,"A spider just jumped on my pillow near my head.

Just had a heart attack.

I feel sick üò∑ #disgusting"
19962,The rich keep getting richer #Disgusting
19963,#kentucky voters decide they want 4 more years of politics-as-usual and say no to @mattbevin . Why are people STUPID? #Disgusting
19964,"My sandwich tasted like bleach, couldn't even eat it #dunkins needs to step up there game #Disgusting"
19965,"Shame on you, @NME for sendingan email encouraging fans to buy tickets off tout site @viagogo  for the @ArcticMonkeys show. #Disgusting"
19966,
19967,Close ups of 'succulent meat bits' in cat food ads #vomitsinmouth #Disgusting #catfood
19968,Cop pulling over people in the parking lot... #disgusting
19969,
19970,@FoxNews re VA..this is a president who locked veterans out of the Memorial...actions speak louder than words #disgusting
19971,I swear someone just farted near me üò∑ #Disgusting
19972,
19973,Just heard on the #today show that you shouldn't wash your jeans. #whatthewhat #disgusting #craycray #washyoclothes
19974,
19975,It dosen't bode well that its 6am and #WellsFargo Short Sale Department makes me wish I was drunk already #fail #dislike
19976,
19977,
19978,Ewww what I just saw #disgusting
19979,I'm Not Hating On All These Girls &amp; Their Fake Boobs Or Ass Cause The One Having Saggy Skin Is Them. #Disgusting #SurgeryGoneWrong #OverTime
19980,
19981,Dreams really suck anus sometimes.. Why do i dream the things i dream? #Dislike
19982,Sprung toe üëé. #dislike #hurts
19983,@GOPquotable  This president is a #failure of #EPIC PROPORTIONS!!!!!!! #dislike
19984,"Thank you @chris_sharp18 for now supporting #NTAFC instead of @tamworthfc, after them not buying you a cake for your 18th. #Disgusting"
19985,Why do 40 year old men think it's acceptable to wolf whistle #disgusting #im15 #ewww
19986,That moment when you wake up and realize allergies have taken over because every window is open! #dislike #allergies
19987,
19988,"Alfie 
Milo 
Hemsky 
Spezza 
Conacher 
Bishop 
Silfverberg 
Noesen 
1st rd pick 

All gone in 2 seasons under Senators budget #disgusting"
19989,comon people‚Ä¶ there is such a thing as too much perfume #disgusting #gasmask #cubiclessuck
19990,I would make more per month if I stopped working and received a social security disability check. #USA #Disgusting
19991,@TheSundayIndo Respectfully suggest that you gag @DrennanPolitics for what he is saying about cyclists on twitter #disgusting
19992,
19993,
19994,I'd be fuming #disgusting #stupidfucks
19995,
19996,I wish people would take their morning shits somewhere other than at the office... I'm dying #Disgusting
19997,"@BMWGroup heard it all now! The mechanic said... You've got to be careful when washing your BMW water might get into the brain
#Disgusting"
19998,
19999,"Dont know what to do??
#Lonesome #Loathsome"
20000,Woah. Some Anime freaks are so wierd. Sex chat? Seriously? #Disgusting
