2002,
2003,
2004,
2005,
2006,
2007,
2008,
2009,
2010,
2011,
2012,
2013,
2014,
2015,
2016,
2017,
2018,
2019,
2020,
2021,
2022,
2023,
2024,
2025,
2026,
2027,
2028,
2029,
2030,
2031,
2032,
2033,
2034,
2035,
2036,
2037,
2038,
2039,
2040,
2041,
2042,
2043,
2044,
2045,
2046,
2047,
2048,
2049,
2050,
2051,
2052,
2053,
2054,
2055,
2056,
2057,
2058,
2059,
2060,
2061,
2062,
2063,
2064,
2065,
2066,
2067,
2068,
2069,
2070,
2071,
2072,
2073,
2074,
2075,
2076,
2077,
2078,
2079,
2080,
2081,
2082,
2083,
2084,
2085,
2086,
2087,
2088,
2089,
2090,
2091,
2092,
2093,
2094,
2095,
2096,
2097,
2098,
2099,
2100,
2101,
2102,
2103,
2104,
2105,
2106,
2107,
2108,
2109,
2110,
2111,
2112,
2113,
2114,
2115,
2116,
2117,
2118,
2119,
2120,
2121,Why And Why #Michigan  so freaking gold I mean freezing Cold... #Hate
2122,You call my name over 3 times in a day #irritated
2123,
2124,Personally I'd prefer if they just covered Lebron James from head to toe so I didn't have to look at any of him. #Hate
2125,I'm just gonna keep farting the whole night until this girl asks to be moved! #annoyed
2126,My laptop broke and I can't so work... So I took a 3 hour nap. #annoyed
2127,Done trying to make plans with some people.. #annoyed
2128,
2129,2 hours later of referencing its time for bed. #hate #final #year
2130,I can hear the glee in Bobby Knight's voice. #Irritating #BBN
2131,I don't understand what raising 4 children while trying to balance work has anything to do with money! #annoyed #madonna #report
2132,just bought my tires and ones already flat #annoyed
2133,
2134,
2135,Some people will never learn. Have fun taking scraps from others. I'm not about that life. #annoyed
2136,
2137,
2138,"when people say ""loose"" instead of ""lose"".... I LOSE my mind!!!!!!! #rage"
2139,
2140,Omg.. Tomorrow will be brutal.. I can feel it. #mad #hatin #canthelpit
2141,
2142,@Mknobilette is in the bottom 3???  *throws my glass of milk at the tv* #AmericanIdol #rage
2143,k this girl was like born to be a pornstar. #annoyed
2144,
2145,
2146,
2147,
2148,#TVD is driving me insane with these annoying storylines #igiveup #hateit
2149,Thanks @DIRECTV 2 DYS since satellite lost signal. Missing grey's anatomy tonight until service tmrw 12-4 #annoyed
2150,
2151,
2152,"Tired of the same ole, same ole. I want to change things for the better. #annoyed #wishing #betterdays"
2153,
2154,Omg stop telling the safe ride driver how to drive and where to go #lethimdohisjob #annoyed
2155,I don't understand why some people follow just to unfollow... #irritating
2156,
2157,
2158,#i #hate #myself #so #much
2159,#Metrolink - lady next to me keeps cracking her gum in my ear. #peoplebehavingbadly - I'd rather stand up #annoyed
2160,"Taking my stress out on freestyling how i feel best feelingg!!!
#hatred#by#everyone#noone#to#talk#too#but#myFreestlyes"
2161,Sooo cold out I am willing to pay $20 for parking at work tomorrow #freezing #hateit #torontoisaripoff
2162,So pathetic that I have to ask for a break at my job! #workprobs #hateit
2163,
2164,My mom really texted me today... Like who does she think she is. #Annoyed
2165,"Time is dragging, seems like this shift is lasting forever! Getting a little fed up now I just want to go home!! #Irritated"
2166,Sick sick sick did I'm mention I'm SICK! #hateit
2167,
2168,Can't even practice my speech in private ugh #annoyed #leave
2169,
2170,Just great..starting to get the flu and it's my weekend off :( #stupidflu #hateit
2171,I swear.. I'm always the guard that has to deal with blood. #ugh #hateit
2172,
2173,Ugh. Printers hate me ! Mine is still being a bitch and wont let me fckin do anything. I have tons to print. #Annoyed
2174,Suspending my Twitter account was like adding salt to a wound. #angry
2175,
2176,#mepolitics guess mr. Hate all #muslims got tired of fighting with someone who knows his holybook better than he does.#Islam.#holywar #hate
2177,Does anyone have problems with their iTunes Radio stations not playing? #annoyed
2178,I've been at the library since around 1. Do I feel like I'm gonna die? Yes. Did I knock out about 85% of my homework? YES. #rage
2179,
2180,
2181,
2182,
2183,
2184,About to relieve my stress #angry #LA
2185,
2186,All I want is the TV to myself and for no one to talk to me #irritated
2187,FF NET WHAT'S YOUR PROBLEM?!?! #ugh #annoyed
2188,It was so cold today. #hateit
2189,The worst part is...that happened TWICE to me today -__- GEEZUSSSSSSSSS! #annoyed #mybrainisslowtoday
2190,I dont trust the words of a man anymore. Everything that comes out of there mouth is bs #annoyed
2191,Some ppl never  give up #annoyed
2192,
2193,
2194,
2195,Whoever put the washing machine on at this time of night has released all hell #rage
2196,
2197,
2198,
2199,With this 2 hour delay I'll attempt to learn what we're doing in trig since the test is tomorrow #hateit
2200,When people take hours to reply &lt;&lt;&lt; #HateIt
2201,
2202,
2203,
2204,Got lost for the first time in a while tonight. It was not fun. Ugh. #annoyed
2205,
2206,I can't stand stupidity #annoyed
2207,
2208,
2209,Some people just never change. #annoyed
2210,
2211,ever since i let my dad use my laptop i get pop ups now.. #annoyed
2212,
2213,I haven't felt this bad in forever. #blamingtheweather #hateit
2214,
2215,
2216,
2217,"Just one more ""sleep"" til @vintagebluechi debuts their BRAND SPANKIN' NEW music video at @doubledoor - c'mon &amp; join the party! #rawk #rage"
2218,
2219,I actually wish country music wasn't even a thing #Hateit
2220,
2221,#mepolitics der fake christian... You have to post truth first. So far you've been more Jim Baker than Dr. Walter Martin. #islam #hate
2222,
2223,You haven't texts me all day but you can look at my snap chat story I guess?!? #fxckit #irritated
2224,
2225,Today was just a terrible day üòí #tired #annoyed #tomorrowwillsuckjustasmuch #ifnotmore
2226,I'm mad... I paid for Hannah Montana and now I'm not even gonna see her. #irritated
2227,
2228,"fuck sake, I just want to sleep. #annoyed"
2229,
2230,
2231,This room is either burning up or freezing! üòí #Annoyed
2232,
2233,
2234,
2235,
2236,"WHATS MY NAME WHATS MY NAME?? #jakebuggonidol         ISINT IT EYEDOL
ITS ALL SHIT,  1 #HATE"
2237,"Want a job with halfords? Don't, it's fucking shit money, get no fucking gratitude, get fucking fobbed off every fucking time, #FUCKIT #RAGE"
2238,100 days till graduation! #loveit #hateit #mostlyloveit
2239,
2240,
2241,"""The fear, the fear of falling, lead away by imperfect impostors, if you love let me go!""  #panicatthedisco #music #anger #stress #letgo"
2242,
2243,
2244,I'm tempted to ignore everyone for the rest of the night. #Annoyed
2245,Got Winter Spring track. BYU is dropping pretty fast on my interest scale. #noneofmymajors #winterspring #coldweather #mad
2246,
2247,
2248,
2249,I love it when Lesbians date men.... #wtfc #lgbtq #annoyed
2250,
2251,I'm about to strangle you #Annoyed
2252,
2253,Urrrgggghh see when folk try to steal other folks thunder #rage #howaboutnawm8
2254,I hate it when they follow me to my classes #Annoyed
2255,
2256,
2257,Will you fucking well shut up!!!! #gobby #disrespectful # dick #camel #angry #sleepdeprivedbecauseofyou
2258,I just wanted to punch almost everyone in the face today . #annoyed
2259,
2260,Feeling so damn tired but hot black coffee is just so nasty... #annoyed #roadtripfail #thanksstarbucks
2261,
2262,#mepolitics guess der fake #Christian got annoyed enough. When #Islam preaches #peace he looks like those terrorist he hates. #hate
2263,Yuengling is 4.4 percent and just so normal I hate everyone #angrytweet
2264,Just waited 5 mins w/ a guy 2 use an elevator... we get in and he presses 2... #comeonnow #annoyed
2265,
2266,
2267,3 hours later. #annoyed
2268,
2269,
2270,My dad is playing with a stupid squeaky toy &amp; im gonna flip. #annoyed
2271,Ugh! #annoyed #greysanatomy
2272,Lights out! Guerrilla Radio! Turn that shit up #Rage
2273,
2274,"Towson internet, you are failing me right now. #annoyed"
2275,
2276,
2277,
2278,Everyone in this family is so stubborn. #Annoyed
2279,Just finished watching the Bachelor from Tuesday.. someone needs to smack some sense into Juan Pablo #RAGE
2280,Why is it when you're in a rush to get somewhere you always get every fuckn red light?! #annoyed
2281,I was supposed to be off work over an hour ago. Just got home because I work with some incompetent people. Missing the game! #irritated
2282,
2283,If u wanna talk shit please unfollow me I promise I wont cry #annoyed
2284,
2285,
2286,
2287,
2288,"I miss my juco cause we could be in the gym whenever the fuck we wanted. Without a coach, this shit is whack. #irritated"
2289,
2290,Sometimes I find myself with more hate than love. Especially on transit. #agitated #annoyed
2291,They fucking figured it out now I've been screaming it out since the last 4 eps!!! OMG!!! #tvd#omg#wut#why#ugh#angry#bingo
2292,
2293,I hate pimples so much. #hate #withapassion
2294,
2295,
2296,Why is everyone being so ughhhh tonight. #irritated
2297,"If he wasn't a minor, I'd bitch slap his ass! #irritated"
2298,If your smoke detector is going off turn it off #beenonfor20min #annoyed
2299,Annoying fly buzzing in my ear at 4 am #annoyed
2300,I hate getting so stressed about school #hateit #school
2301,Ugh don't return my texts k. #mad #today #was #bad
2302,I need ice cream and cheese fries. #annoyed #comfortfoods
2303,"Okay dead serious, it's enough with this DUMB accounts honestly people get a life and quit with the drama goodness! #Annoyed"
2304,Looking forward to spending my march break with @kylewoods96 #madden #ymcateennight #cineplexarcade #polarpops #prankcalls #miniclipgames
2305,Yup cause that's what we are going to do at his house you're completely right. #annoyed
2306,
2307,
2308,What the hell!? Flyers are playing like shit right now. #irritated
2309,
2310,
2311,"I thought I was playing it safe by getting a roast vegetable salad.
Rocket was not advertised yet it made up 75% of the plate. #RAGE"
2312,What the hell were you doing instead of actually working?! #annoyed #confused #cranky
2313,Gaggling teenage college students in the compartment. Full irritation of not being able to sleep because of stupid conversations. #Irritated
2314,
2315,
2316,Some kind of a bitchüò† #annoyed
2317,Glad my heat went completely out in my car on my way home from work tonight. Not like it's cold outside or anything. #annoyed
2318,
2319,
2320,
2321,I can put the hot in psychotic in 2.5 secs. #Anger
2322,Couldn't have predicted that one... Oh wait. It's a reoccurring theme. #annoyed
2323,Both of my men in the penalty box tonight; how rude!! :(    #Annoyed
2324,I seriously can't handle this sickness anymore! #annoyed
2325,Not surprised to hear @Jeff_Creech won. Boys got alot of built up anger. #rage #FightNight2014
2326,
2327,"I *hate* the ""sharpie"" thing. Hate it. #Hate #sharpie #ncaa #hate #CupcakeWars"
2328,Nothing is WORKING!!!! #Mad
2329,Really? leave me TF alone! #Annoyed
2330,Why is it soo hard to find a guy bestfriend that wont leave. . . #annoyed
2331,
2332,You really sent Rene home!! #TheBachelor #angrytweet
2333,
2334,
2335,
2336,My dad just yelled at me again #rage
2337,"Being woke up by 'we miss you a merry Christmas "" blasting through the house :@ #angry #itsfebruary #brothers"
2338,Look out #angry
2339,
2340,
2341,
2342,I really wish that it wasn't so damn cold out üòí #annoyed #bringonsummer
2343,Mom always comes to the door &amp; frowns at me when I'm smoking. üò© #HateIt
2344,Mikael taught Ollie how to hump. #Annoyed
2345,
2346,Congratulations to our boys on being Big 8 Champs yet once again! üèÄüèÄüèÄ#‚É£1‚É£‚òùÔ∏èüòä #RAGE #ProudTrojan
2347,GGRRRRRAAAAAAAHHHHHHHHHHHH!!!!!!!!!!!! #CHIvsNYR #Blackhawks #Rage
2348,
2349,When you've been waiting so long for some damn food and it's hot as shit!! üòë #irritated
2350,
2351,
2352,
2353,
2354,How do I write a diary entry if I don't even know when the story took place! #annoyed
2355,Greyhound Bus in ONE HOUR and 15 min! All I gotta say is my loved one had BETTER make it in ONE piece!! #angry #ShitCustomerService
2356,
2357,I hate teachers. #hate
2358,
2359,
2360,#mepolitics btw Welcome all new peep to #Holywar against #Evil with @noway90 and @allforjury. #islam. #hate
2361,
2362,About to throw my phone against the wall. #annoyed
2363,This is very interesting @_Psycho_T @ashwaugaman #madden #freefood
2364,
2365,I hate when ppl follow other ppl off my page ! #irritating
2366,You have worse mood swings than a girl with pms. Grow up and shut up. #annoyed #leavemealone
2367,So unprofessional. I need a new job so I can quit the one I have now. #annoyed
2368,Enough with the making Caroline feel bad about Klaus. #Annoyed #TVD
2369,#mepolitics we left off I asked @noway90 to #google some of #Islams more positive contrabitions to America. So far bubkiss.#uniteblue #hate
2370,
2371,This is just getting old #annoyed
2372,
2373,Can't stand people who go on nights out to pull #getthehint #leavemealone #hereforagoodtime #irritating
2374,
2375,"My best friend who was bitching about getting a new job in her field just decided to ""wing"" an interview for a job in field. #Irritating"
2376,Aaaaahhhh I really wish I could afford to live alone #SoPissed #Annoyed
2377,
2378,
2379,A lot of my coworkers are coming out next week and they have NO IDEA what they signed up for lollol #rage
2380,
2381,
2382,"I don't hate her, I just dislike her greatly and wouldn't mind if she jumped off a bridge tbh. #annoyed"
2383,Had about all I can take. #irritated
2384,I saw you typin so why didn't I ever get a text back? üòí #annoyed
2385,Wow you really are the biggest fucking hypocrit ive ever met!! #AngryTweet
2386,
2387,
2388,
2389,How can I be happy about my boobs when I'm finding out a million things I never knew about you.... #ugh #annoyed
2390,
2391,"Stop saying ""gay"" to mean ""stupid."" I'm not about your homosexism. #rage"
2392,
2393,He really tried to kiss my neck earlier today when his bitch ass no I have a bf üò§üò§ #mad#asf#glad#icut#his#face
2394,
2395,
2396,
2397,
2398,
2399,"Couldn't even get wings tonight, literally ready to bitch at the worldüò§ #irritated"
2400,
2401,
2402,I want to do this house activity. I would tear that shit up #rage #CouplesTherapy
2403,
2404,
2405,You have no idea how much shit I keep to myself. It's only a matter of time before I let it all out. #annoyed
2406,#WWENetwork crashing constantly during the MAIN EVENT! #annoyed
2407,
2408,Self check out at Walmart #hateit #fckit
2409,"Try to watch a movie together, rather argue with some ignorant asshole about a post. #annoyed"
2410,Don't say something is for sure and then change ur mind a half hour later. #annoyed
2411,It's been about an hour since I finished that ep of #VM and I just teared up about it so it's safe to say I'm invested. #mad
2412,Where the real men at in NYC so sick of dealing with guys who fucking waste my timeeeeeeee #annoyed #subtweet
2413,If you think I'm gonna text you first then you're wrong #hateit
2414,
2415,
2416,This is why I can't watch hockey #rage
2417,This Isat Is Coming Up To Quick ! üò≠üòëüíÄ #GoAway #Irritated
2418,
2419,
2420,
2421,"To the person who parked in my ASSIGNED parking spot, thanks for stealing my spot and making me walk in the rain #annoyed"
2422,
2423,
2424,
2425,Huh... #annoyed
2426,
2427,
2428,
2429,Punching wars are all fun and games... Until I get a bruise. Then you know you're going to hell #IDontBruise #WatchOut #Rage
2430,
2431,
2432,
2433,
2434,
2435,
2436,
2437,
2438,
2439,If I didn't pick up the first time why call back three more times #annoyed
2440,
2441,Big 8 Champs!! #BIG8CHAMPS #HomerBasketball #RAGE
2442,"How to win any game with ""3 goals in own net""¬ø #pathetic #angry"
2443,Is it bed time yet? I'm so over today!! #irritated #letdown
2444,
2445,It seriously doesn't shock me that again I always have to apologize and text you first. #pissed#annoyed #leavemealone #shocker
2446,
2447,
2448,"I strongly disagree with the ""only 2 people can use your account at a time"" because now I cant watch my showüò° @netflix #angrytweet"
2449,
2450,History is the hardest subject to study. #hateit
2451,How is it that there are so many hot guys in Colorado but none in Wisconsin?.. #annoyed
2452,When a person in front of you slows down at a green and it turns yellow for them and red for you. #annoyed #roadrage
2453,Why do ppl always make stuff about them?!! #annoyed #itsnotaboutyourightnow
2454,I missed like 10 minutes of #TheVampireDiaries because @CW_network went out. Now it just went out for #Reign #irritating
2455,
2456,
2457,So I went to dye my hair lighter and it looks the same still. #mad
2458,My even days are difficult and my odd day teachers have attitude -.- #Annoyed #Done
2459,Chrome deleted like half of my bookmarks bar :( #Annoyed
2460,
2461,When you push yourself too hard at the gym and have to cut your workout short &lt;&lt;&lt;&lt; #annoyed
2462,Wow... She doesn't care.. At all. #annoyed
2463,
2464,
2465,
2466,HEY timmins police feel free to give my boyfreinds cell phone back to him #been #months #annoyed
2467,Such a bad week. Is it Friday yet? #annoyed #badweek #almostfriday
2468,"Please if your gonna chew gum, I don't wanna hear it from across the room!!!!.#irritated"
2469,This has just been the worst week... and I'm ready to break down. I wish people would leave the petty shit out of my life right now #annoyed
2470,
2471,
2472,
2473,"Instead of talking shit about my friends &amp; I to your friends, say it to our faces. Or don't say it at all! #annoyed"
2474,
2475,
2476,STOP USING THOT!!! ITS NOT A WORD! #Annoyed
2477,@TSN_Sports Thanks for showing basketball instead of the scheduled hockey game Can't watch on NHL Gamecenter either. #sacrcasm #annoyed
2478,
2479,"is it my fone or is the digicel 3G network really effed up.
#annoyed"
2480,
2481,Never gonna support the choice April made. #hateit #notafan
2482,
2483,Really needing my humboldt crew to come chill where yall at #thirstythursday #RAGE #getLOC
2484,
2485,"Alright, since your too much of a jerk to answer my question, I'll take your no response as a yes.üòîüòê #grr #annoyed"
2486,When people start a conversation with you then ignore youüòë #annoyed
2487,
2488,
2489,
2490,"if you don't want to talk to me, tell me don't ignore me #hate #being #ignored"
2491,I have the worst headache right now...an then my mom wanna talk shit! Bitch K ‚úåüòë #mad #headache
2492,So badly want to subtweet.... #subtweet #annoyed
2493,I guess I just don't understand why people do some things. #annoyed #frustrated
2494,Thanks to this afternoon I have been sitting on the edge of tears all night. Various little things keep trying to get to me. #annoyed
2495,Seriously... They have to stop this Fair &amp; Lovely ad...!! #Irritating
2496,I need to become a nurse like now so I can move out of this hell hole. My family sucks. #annoyed #fuckyou
2497,
2498,"I understand the #LookBothWays thing that #unt did, but my tuition shouldn't go towards a fucking helicopter in a fake scene... -.- #annoyed"
2499,Unless we are in a relationship or you have an emergency please do not blow my phone up #noexcuse #smothered #annoyed #pleasestop
2500,@GreysABC that girl has to go now. So what Jackson dumped Stephanie. She really took it there? #seriously #mad
2501,
2502,"If you wanna be famous just be a low life ,Don't become successful because you get richer by doing drugs and fighting on tv. #irritating"
2503,
2504,
2505,
2506,
2507,
2508,"when you have a perfect afternoon/evening to hit the gym, then all off a sudden its 10pm b/c life happened #annoyed"
2509,There's nothing I hate more than being short texted.üòí #annoyed
2510,"I don't understand why a ""girls night out"" is so difficult. I need more single girl-friends üòë #annoyed #singlelife"
2511,
2512,
2513,I shouldn't have complained about my phone being so dry.. Ugh. Lol #Annoyed
2514,
2515,
2516,I don't understand why life has to be so damn difficult...  #HateIt
2517,"Is it ""catch every red light in the city""  night. #irritated"
2518,
2519,I act like a little kid every time I'm sick #hateit #unashamed
2520,
2521,
2522,
2523,So tired of VB!! #college #homework #annoyed
2524,
2525,
2526,Med surg is not for me. #HateIt #GetMeOutOfHere
2527,Phones are my worst enemy when it comes to the all important bed time! Then love agIn come morning... #HTC #Hate
2528,That shirt made my room smell like vinegar. Gonna throw up. #annoyed
2529,
2530,You can't even talk to me... #hateit
2531,Thanks for taking 5 months of my hard work and pain with your selfishness #beyond #angry #hurt
2532,I have been trying to download 7 games it has taken me 7 hours to download 2 games! #annoyed
2533,Git your sweet tooshes to @KatHouseLounge for BIG KATS and a Big Bear #rage
2534,
2535,
2536,You can go suck it because youre all disrespectful salty ass bitches. #mad
2537,
2538,
2539,If this were #Wisconsin this bird would be dead. #annoyed #OnWisconsin
2540,
2541,
2542,
2543,I would done with this bibliography if the internet didn't keep dying on me #annoyed
2544,
2545,
2546,
2547,I HATE how Natalie talks #hate
2548,
2549,Papa Fitz is about to use Olivia as a pawn? Dear Jesus #rage #scandal
2550,
2551,Whats the point of technology when it doesn't work half the time you go to use it #annoyed #technologyfails
2552,If I hear anyone complain it's too hot this summer... They will get curb stomped #Chicago #angrytweet
2553,
2554,
2555,You have no idea what it's even like to actually put effort into your relationship. #annoyed
2556,Why does my roommate and her family feel it necessary to yell at each other when they talk? #annoyed #headache
2557,ugh..TB #hate
2558,All A's except creative writing. üò°üò°üò°üò°üò° #I #hate #that #class
2559,There is always that one girl that just doesn't get it. #annoyed #gtfo
2560,
2561,I freaking #Hate #papapope #eww
2562,
2563,
2564,"I feel like shit :( 
Don't feel like going to school tomorrow -.-
#sickagain #fuck #hateit"
2565,Tired of putting so much effort into things when I don't get anything in return #annoyed
2566,
2567,A brotha can't even be on twitter cuz all I see is scandal. #Mad #Salty #ImTooBusyForLife #ICantdoThisNoMo #ImJustGonnaBeAHobo
2568,
2569,üò©üò©üò© here we go lmao ... The üòà distracted me üòÇ #GirlBye #Irritating
2570,Ugh!!! It's gonna be a long night haven't made it home and still have homework to do #irritated #frustrated #lackofsleep
2571,
2572,This snow ruins my plans and i'll be very upset #Angry
2573,Fuck! My beer is frozen. #hate
2574,"so wtf do i do with this. why did i have to see that, why couldn't things just stay the way they were..... #crushed #angry #SODONE"
2575,Sneaky little girls get on my nervous! #annoyed
2576,Studying üòí #annoyed
2577,
2578,I have so much homework I need to do but IM SO EXCITED ABOUT THIS WEEKEND I can't focus #KREWELLA #RAGE
2579,
2580,Eagles spent 12 years atop NFC East. Fired most successful coach in their history. And already are back in better shape than Cowboys. #angry
2581,Am I really about to be sick after I'm all done worrying and stressing about school? #annoyed
2582,Man fuck this shit!  Bout to get a shower roll one and go to bed! #irritated
2583,
2584,
2585,When shirts hug you and you can feel you have a stomach üòÅüò© #hateit
2586,Ma whole tl is scandal. And shorty watchin it while we on the phone. üòíüòëüòµ #Irritation
2587,If these cats do not stop running around my room stg. üòÅüòÅüòÅüòÅ#annoyed
2588,
2589,why is the sound on my macbook not working when I plug in my headphones... #annoyed
2590,Business Law...worst class ever #hateit
2591,
2592,"I can complain here, because no one really follows me, right? feel like crap #headache #bitter #angry #depressed #overusinghashtags"
2593,Now i have to check my instagram to make sure i didnt all of a sudden follow trillions of randos.#annoyed
2594,Now I'm seeing three all the time #annoyed
2595,Mind your own business honey because you just made yourself look dumbüòÇ #annoyed
2596,Stoppppp pounding on my wall... #Please #Annoyed
2597,
2598,I've been waiting for this day for months #annoyed
2599,I REPLIED RIGHT AFTER YOU SO WHY DIDNT YOU RESPOND?! üò§ #irritating
2600,That feeling when you know she would be the perfect girlfriend but you can't do anything about it... #uggh #hateit #gottagetoveritandher
2601,Uuuuuurrrrgggghhhhh this daggon black baby!!!!! #irritated #ScandalThursday
2602,Tonight's the first night in over a week I'm sleeping aloneüò≥üòíüôç #hateit #sleepingwith10pillows
2603,
2604,
2605,I can't eat like that #mad
2606,
2607,
2608,Sometimes it's best to just shut up. And now I need to learn to take that advice. #annoyed #justgotobed
2609,Just took some cough syrup.. coughing more than I was before I took it. -_-  #annoyed
2610,
2611,
2612,
2613,
2614,I think I finally hit my breaking point.. :/ #sostressed #senior #sucks #annoyed #futureplans #life #school #drama
2615,Got a big night ahead of me...watching videos of German Shepard puppies on YouTube #Rage #TurnUpforPuppies
2616,FUK U IF YOU LOOK HOT WITH NO MAKEUP ON #mad
2617,I fucking hate school #rage
2618,I truly don't know how to feel right now! #mixedemotions #hazy #irritated #confused #inneedofanswers
2619,So my grandma just called Justin bieber goof nutsüòî #hate #you
2620,So I had plans tomorrow to go shopping. But I just found out my mom signed me up to work at a carnival. K. #annoyed
2621,
2622,
2623,"If you're a 40 year old man and you're louder than the student section, I'm judging you. Unless you're Dusty. #Annoyed"
2624,Oh my gawwwddd. How can a day go good to bad.. I don't understand. üò§üò∂ #irritated
2625,Horrible night #hate #this
2626,Listening Too Him Talk Too His Background #Irritating
2627,"Ready to get my car fixed tired of using other family members vehicles.
#annoyed"
2628,Defiantly driving around untill dad crashes. #annoyed
2629,Venting kinda night #angrytweet
2630,My daddy just does not know how to have a normal conversation. #irritating #bobby
2631,I hate sharing suitcases it is like sharing a bed with an elephant I always loose. I may be OCD but let me be!!!! #angry
2632,I still don't get why we have to write an essay as part of the final...... the day before the final.....at home LikeWTF#annoyed#stupidessay
2633,Don't advertise business hours and not actually stick to them. I'm out a suit for my cousin's wedding now #rage #pureanger
2634,
2635,Negative concentration? Thank you Matlab rounding errors... #annoyed
2636,
2637,
2638,"I hate when you tell someone your age, and the ask REALLY??? Like 50 million times. Like ya I am that old #annoyed"
2639,
2640,
2641,
2642,I've been on edge all day today. #irritated
2643,Just bc we stay open til 11 doesn't mean you should sit in your car and wait til 10 min to close to come in #annoyed #readytogo
2644,I sware I wanna throw my phone at all technology I hate you #annoyed #fml
2645,I'm the most impatient girl on the planet #irritated
2646,
2647,Yeah....Quinn is getting up there in Skylar White territory @ScandalABC  #KillQuinn #hatred
2648,
2649,
2650,I'm pretty fucking good at this game #xbox #live #rage #anarchy
2651,"I really hate when people have a double standard. You can be mad at me, but you have a meltdown if I get mad at you for the same thing? #Mad"
2652,Eminem type Of Night to listen all night Long #Angry
2653,
2654,
2655,
2656,
2657,
2658,
2659,
2660,Take the hint already..damn #Annoyed
2661,Don't tell me your easily accessible via email when this is the second time in a row that you haven't emailed me back.. üò° #annoyed
2662,But all I wanna do is fucken rage! #rage
2663,
2664,
2665,
2666,I hate how fast you are to judge people. Like you're not too perfect yourself. #Annoyed
2667,My dog is snoring and farting simultaneously. #annoyed
2668,Why oh why are some guys so fuckin annoying -.- #annoyed
2669,
2670,Could you not with your man-period shennanigans? #annoyed
2671,"We work our butt off to get nothing, they sit on their butt to get everything....#annoyed"
2672,
2673,Why can't people be considerate. Just because you don't have Friday morning classes doesn't mean everyone else doesn't either üòí #annoyed
2674,I wish this girl would quit spending these last tutoring minutes focusing on only  two people's papers... #annoyed
2675,"Ignorant, homophobic , sexist, asshole ! Ugh!!! Grow the fck up ! #annoyed"
2676,
2677,
2678,
2679,
2680,"Sorry for being nice, I won't do it again. #Annoyed"
2681,
2682,Is there no such thing as seniority anymore? #annoyed
2683,
2684,
2685,Scandal freaks r killing my fb timeline. #annoyed #ScandalThursday #SleepWeek
2686,Since I didnt buy flappy bird in time I bought splashy fish but still I nearly broke my phone #Rage
2687,
2688,Trust few #annoyed
2689,Whu did you just have to spoil my day FUCKING TWICE!!!! Like grow a pair and leave me the fuck alone...ps. sorry for the curse words #angry
2690,Walking out of the Marquette game because the officials won't give the whistle a break. #atrocious #annoyed
2691,#DMRC services seem to be down..waiting at INA for 35 mins now.. Getting late for Office #hate #slow #delhi
2692,Don't come in my room and act like nothing happened. Don't try and talk to me like nothing happened. #annoyed
2693,My best friend and cousin love each other more than me... #hateful
2694,Do some of you feed off of drama because orrr? #annoyed
2695,
2696,The Knicks are pathetic and they're on national television every week on ESPN or TNT. #annoyed
2697,People have no brains and respect anymore. #mad
2698,"Well shit fire, this changes everything #annoyed"
2699,
2700,Y RESTE 1 FKNG MANTEAU!! Y peut tu venir le chercher que jfinisse! IM GONNA KILL SOMEBODY üëøüò° #angrytweet #work
2701,
2702,Some teachers need to take in to consideration of what they say to students before they actually say it to them. üòí #annoyed
2703,Feeling like no one understands or cares. #hateit #needsomeone
2704,I can't even begin to count the number of mistakes I've made in my life. #annoyed
2705,
2706,
2707,This is stupid. üòíüò° #ugh #annoyed
2708,I live in the most dramatic house hold in the fucking world #annoyed #pissed
2709,Can text 10 people 0 reply. Hmmmm yup sounds about right. #mylife #single #hateit
2710,It's funny how one thought can turn your good day into a bad one #overthinking #hateit #badday
2711,Wanting the chq to clear immediately and the bank guys working slowly #irritating
2712,
2713,I hate that you don't understand what I want. #annoyed
2714,
2715,All  feelings do is just over confuse me. #hateit
2716,Don't you love when people open your snap chats and don't reply?  #annoyed
2717,Really like @caferio - just wish they took a second to get my order correct instead of rushing me through without listening... #annoyed
2718,
2719,Jammin out to @Bulbsta's mix #rage
2720,Mr Perfectionist . #annoyed
2721,
2722,Is my header thingy showing up as flowers? Because its not showing anything for me.. #annoyed
2723,
2724,When you are so used to texting someone almost all day everyday and then suddenly all that stops.. #hateit
2725,"How the hell are you out of toast at a Canes? You sell like, four things 
#angrytweet"
2726,I honestly hate you. After everything I did for you #üêü(goldfish) #thinkingofpast #angrytweet #justtired
2727,
2728,
2729,Dumbass rule! #HateIt
2730,
2731,
2732,
2733,Why will my weather widget not work!?!?! #SamsungProbs #irritated
2734,"Some dick didn't turn his brights off when he was behind me. So I slow down let him pass and ride his ass with mine off.
#rage"
2735,"Ion trying to hit anyone up so back up what don't you understand /.- besides yous ugly 
#todaysbgame#annoyed"
2736,
2737,
2738,
2739,If you want something come get it. You must not want it then.  #Annoyed
2740,"Another possible 10 inch snow. I'm done, over winter completely. #inwx #irritated"
2741,"No, no. Like all my stuff but don't bother to text me.. I forgot texting doesn't work both ways, silly me. #annoyed"
2742,
2743,Currently wanting to slam my head into a wall repeatedly. #annoyed
2744,
2745,Helloo. Not everything's about you bitch. üòí #annoyed
2746,
2747,Fuck this family fuck....... Hate it.... Hate them...... #feeling #hate
2748,
2749,
2750,
2751,You only text me when you want me to feel bad for you.... News flash I do not nor will I ever feel bad. #annoyed
2752,
2753,
2754,and why the hell can't snow storms every happen on the damn weekend?!!?!! I cannot miss work!!! #bitter #annoyed #IHATEWINTER
2755,Oh my gosh if she don't shut tf up &amp; go upstairs !! #annoyed
2756,
2757,Its nice that you like your car but a picture of it everyday is not needed damit.. #annoyed
2758,There is no way I'm going to keep doing this. #annoyed
2759,Seriously wish I had friends...that actually invited me to do shit! #annoyed #neednewfriends #sucks #blah
2760,Every Thursday üòí #annoyed
2761,Currently my homework -.- #irritated #fuck
2762,"Never trust someone that takes forever to answer your texts, but when you're with them their phone is stuck to there fkn hand.

#annoyed"
2763,"What is irritating is always worrying: worrying about people,  worrying about health, worrying about the future &amp; cant even help it #annoyed"
2764,Frig star like if I wanted to pree the show later it would be pointless #annoyed
2765,19 minutes and 30% battery to load 1 image on my phone... Worst service in my place ever. #RAGE
2766,
2767,Holy hell. 20 minutes to install 2 updates? Fucking Windows 7. #Rage
2768,"I've been in such a shitty mood all week, hopefully this weekend snaps me out of it #bummed #hateit"
2769,I just feel like punching someone in the face #mad
2770,
2771,"When someone doesn't reply back to your msg when they clearly read what you wrote. Wow, I don't appreciate that. #notcool #annoyed"
2772,Muthafuckin ANIMALS #Rage
2773,There's no way I can edit that video tonight so I'm doing it tomorrow. :| #annoyed
2774,
2775,Cheap dicks stay yo ass home! And don't even try to spit your lame ass game on me üòí‚úåÔ∏è #annoyed
2776,
2777,Great  I guess I'm the bad guy again! JUST GREAT!! #angry
2778,Gee I can't tell who the announcers want to win... #annoyed
2779,I hate Katherine #grr #irritated #TheVampireDiaries
2780,About to get in the tub and go to sleep!! #mad
2781,
2782,I HATE when people think of my job as degrading... I think I have more self respect than those people have ever had in their life. #Annoyed
2783,My ___ can be a real female dog I swear #dontwannasayyourname #annoyed #shutupalready
2784,It's 2014... High speed internet needs to be made available out in the country. Why hasn't this happened yet?! Someone make it happen! #rage
2785,
2786,"I swear they think in 2, they think In stupid and don't know how to do anything....!!!!!!!!! üò†üò°üò†. #parents#annoyed#GoAway"
2787,I shouldn't have said that #Annoyed
2788,"I really think I'm over you this time, this is ridiculous #annoyed"
2789,
2790,So ready to just up and leave and forget about everything and everyone! #fedup#annoyed
2791,
2792,I hate when people sleep with tvs on. üò° #annoyed
2793,
2794,"I hate feels, but when people mess with mine, that is SO much worse. #angry"
2795,I'm about to unfollow someone...üò† #irritating
2796,There were some girls on the third floor of the library that were so loud and would NOT shut up! #irritated #quietfloor
2797,The school week shouldn't be split up 5/2 it should be like 2/5 I don't like waking up at 6am or at least Friday off! #tired #hate #school
2798,
2799,Tell me why one thing said wrong to you can ruin your attitude for the night üòí #annoyed
2800,"@Pinterest on my computer is terrible... Takes forever to load &amp; then won't let me pin anything, just keeps saying loading #ANNOYED"
2801,Needed a relaxing Netflix night and a day off tomorrow. #exhausted #burntout #annoyed
2802,
2803,
2804,Eating food when you have a cut on the roof of your mouth. ÓêñÓåìÓÑìÓê£Óê° #hate
2805,Do you honestly need sympathy and attention every month that goes by.. Move the fuck on. #annoyed #onlymakingitharderonyourself
2806,
2807,
2808,and this stupid iphone is NOT worth going through all these steps and losing everything I have. I just want my DROID back. #wah #mad
2809,
2810,If its not one its the other. #annoyed
2811,I never thought I'd say this.. but for God's sake it's quiet hours!! Be quiet!!! #annoyed #stophavingsex
2812,
2813,
2814,It amazes me that a coach wouldn't make their team get offense rebounds #annoyed #thatscommonsense
2815,
2816,literally just spent an hour trying to delete music off my phone and it didn't fucking work #anger
2817,Another snow storm coming i this weekend #wtf #isthisreallife #hateit
2818,
2819,feels great not to be sick again #hateit
2820,I want to grab your face and scream into it #annoyed
2821,Ugh Red Cross...why can't anything just be simple and work the way you say it's supposed to? #annoyed #blendedlearning
2822,LOL I'm 18 so can you stop üòí #annoyed
2823,It's always an adventure when your phone decides to spontaneously delete every single one of your contacts #rage
2824,
2825,HATE IT.... no water .......!!!!!! WHYYYYYYYYYYYY.... #grrr #hate
2826,Pet peeves are really being brought out tonight #annoyed
2827,
2828,This pasta salad was a waste of my life. Didn't even turn out good. #Irritated #StillHungry
2829,You're a slut. And I hate you #annoyed
2830,
2831,Hubby is snoring in my ear grrrr! Hate snoring especially when I'm awake trying to cuddle my son to sleep. #ShutUpAlready #Annoyed
2832,
2833,
2834,LOL AT EVERYONE. You're all pathetic bitches shut the hell up. #annoyed
2835,Let's call this 'Random Rant Thursday' on Twatter #saidit #annoyed
2836,So much has changed in the past year.. #hateit
2837,Fucking work is having me stay late on a Friday!!! #angrytweet
2838,Call me a hypocrite one more time.. #annoyed
2839,
2840,
2841,I Seriously Need A Pack Of Newports #Annoyed
2842,"Not really sure what your problem is, but I'm over it. #annoyed"
2843,I can't wait for you to graduate #annoyed
2844,
2845,Damn these @ScandalABC spoilers!!!!! WHY OH WHY did my damn DVR not record the season premier?!?! #pissed #annoyed #depressed #leftout
2846,
2847,I just want to throw things everywhere in a violent manner. #angry #angerissues #stressed #needastressreliever
2848,"I got an A on the biology test, please explain to me why I have to retake it? #irritated"
2849,
2850,My roommate finds the igun app sooo amusing üôàüëäüî´ #canyounot #annoyed
2851,I just found out I'm out of sports for 1 to 2 weeks cus I have a concussion from hitting this one guy to hard and brakeing my helmet. #mad
2852,
2853,
2854,Y r ppl so annoying #mad
2855,
2856,
2857,So many things go threw my mind when you don't answer me at nightüòû #hateit #goodnight
2858,
2859,Getting sick and tired of people tell me that I have missed too much school! I know that! #juststop #irritated
2860,"I'm out I guesss 
#annoyed"
2861,It's a sad day when you find out @MeganRuth05 snapchats my friends more then she snaps me... #angrytweet #notsosubsubtweet
2862,My phone is about to die and I could care less about charging it  #annoyed
2863,
2864,"Keep your thoughts to yourself!, unless you want me to express my opinions as well! 
#PhuckWitIt #Scorpio #Annoyed"
2865,
2866,Tonight's mood: #deceptioned #angry #frustrated
2867,So many damn commercials üò† #annoyed #VampireDiaries
2868,
2869,
2870,Getting shots in the butt &lt;&lt;&lt;&lt;&lt; #hateit
2871,
2872,
2873,"Don't fucking ask me a question if you don't give a fuck anyways!
#frustrated #annoyed"
2874,I'm pretty sure today was the worst day of work ever.. &gt;_&gt; hit by two go karts in one day.. #idiotkids #annoyed
2875,
2876,
2877,Can't wait to get my new glasses. The pair I have now keeps sliding down my nose #annoyed
2878,
2879,You got to be kidding me !!üò° #annoyed
2880,
2881,Mom you can shut up anytime now #Annoyed
2882,I FORGOT TO DO MY AP OUTLINE?!? Guess who is waking up in 6 hours to do that now. #why #forgetful #irritated
2883,
2884,so I thanked God for the creation of DVR. then I find out I forgot to set it......#NewCableBoxBlues #Irritated
2885,
2886,"Honestly,  if you don't want to talk to me. Tell me. I'd rather hear the truth then finding out the hard way. #Irritated"
2887,
2888,I can't believe she have us all these days off in march #annoyed
2889,
2890,
2891,
2892,Why can't I get to sleep #irritating
2893,
2894,
2895,It's bad when something irritates you then 5 minutes later you can't even remember what it was.... #irritated
2896,Valley drama sucks! Stop hating on each other. That was some great basketball and neither team deserves any disrespect! #annoyed #JustStop
2897,
2898,Anyone else sick of the greasers #mad
2899,
2900,Nwoye is a great disappointment. He left us for the white men! #angry
2901,This ride home late at night is really starting to get the best of me. #hateit
2902,
2903,
2904,Last 6 days . Whether we like it or not it will end. #hateit
2905,I hate feeling like this! #hellasick #novoice #irritated #iwantpho #meh
2906,
2907,How am I supposed to get my time off request in on time when the website is down? #angry
2908,
2909,"ANGRY RANTS ARE THE BEST KIND OF RANTS
#ANGRY"
2910,
2911,
2912,"Back to work!!!! 
#Irritated"
2913,"When someone says ""I have to tell you something""&lt;&lt;&lt; #hateit"
2914,
2915,
2916,Some fucking bad memories -_- #hate
2917,
2918,
2919,
2920,Don't offer to help me. Dont! Just stop! #annoyed
2921,
2922,Person that won't shut your car alarm off...get fucked. I want sleep #annoyed
2923,Let's see what this ones about #annoyed
2924,Sleeping alone &lt;&lt;&lt; without my kitty even :((( #hate
2925,Two years after his first visit Obierika comes back and tells me how Nwoye has been talking to some missionaries. #mad
2926,
2927,
2928,Thanks dog for the claw marks all the way down my cheek #mad
2929,Every new lady i meet kinda seem to autoswitch to kamba. #MAD
2930,It's like sometimes people try to purposely piss you off. #annoyed
2931,
2932,"There are two kinds of smokers, Active &amp; Passive. There's no non-smokers -_- #annoyed"
2933,"From where we were, to where we are now. #hateit"
2934,
2935,"Done chasing you around. You want me in your life, you know where to find me. #Irritated"
2936,I hate how thin these fucking walls are. I wish there was a button you could press to make the walls sound proof at night. #annoyed#stfu
2937,
2938,My mood went from wonderful to awful in a few short hours. Jusssssst #annoyed
2939,F. U. #vodaphone #australia #irritated #cheated
2940,Oh I really can't wait for you to leave!! #thankgodforbasketball #annoyed #sorrynotsorry
2941,"Well at least they finally put ALL the PPVs on my @WWENetwork ...they still freeze and shut off, but hey! #babysteps #anger"
2942,"So cold . Screw the cold 
#hatred"
2943,Really dislike synthesis papers #annoyed
2944,
2945,It's people like you that make me hate relationships. #annoyed
2946,I don't know if I wanna go to the dance in amarillo on saturday anymore üòí #annoyed
2947,Update the app... What's new - fix the bugs... There were no bugs!!! Wth... #annoyed
2948,
2949,Things can never just be simple anymore #stressed #annoyed #igiveup
2950,
2951,seriously who naps until 9:30. #rage #yolo #ThirstyThursday
2952,
2953,"Eff this I'm gonna go to bed and lay there cause I never sleep anyways :,( #insomnia #hateit"
2954,Only 2 exams this semester and the university places them 10 days apart............. #annoyed
2955,"I hate you. I hate you, I hate you, I hate you. Get off my facebook and stop acting like you're 12 #angrytweet #ohandihateyou"
2956,When people yell at me for no good reason I just want to say f**k you then I didn't do anything #annoyed #idiocity
2957,
2958,The Chainsmokers bout to be TU tomorrow night. #Rage #Oldtown #Maya #WhyNot #FoFree
2959,
2960,
2961,I swear people are so stupid sometimes üòí#annoyed
2962,@CallofDuty There is at least 95% male user base Why a women controls that user base blows my mind #ghost #rage
2963,great..managed to run my car over my fucking phone #angrytweet
2964,Really just need a pick-me-up right now #exhausted #annoyed
2965,"You realize that even if you lie and blame everything on me, theres still nothing good for you. #annoyed"
2966,
2967,Really wish my dad would stop being a pain in the ass and pay for my car so I don't have to ask everyone for rides to work.üòí #annoyed
2968,Wont like February anymore... #hate
2969,"Gustuhin ko man mag aim further, my time and resources will not permit. #annoyed"
2970,
2971,
2972,I have a biology and a chemistry test tomorrow and I have little hope for bio considering my teacher hasn't been there all week #annoyed
2973,"Sometimes having less friends can be a hella good thing, but other times it's a shitty thing üòí #irritated"
2974,
2975,
2976,
2977,
2978,I'll be happy if I can fall asleep before 2 tonight.. #annoyed
2979,
2980,@HYPERCRUSH. Have I told you how much I love Vertigo!?!?! #rage
2981,
2982,Take something seriously for once #annoyed
2983,
2984,One of my cousins has informed me that Nwoye has been around those missionaries. #mad
2985,
2986,Why the hell can I not sleep #irritated
2987,
2988,Why does money run the world? #hateit
2989,Can't stop crying #uuuggghhh #irritated
2990,people blow my mind #annoyed
2991,
2992,
2993,I just want to be happy and free from worrying about stupid stuff. Like seriously know when to react overly and moderately. #irritated
2994,"@clairecoffee Why did I have to write you in on the Maxim Hot 100 Vote?  Your ""In My Place"" Shoot is the sexiest shoot I've ever seen. #mad"
2995,
2996,"No no, you texted me first. That means you can't just randomly stop texting back. #annoyed"
2997,"I don't mind guys using our bathroom, but flush the fucking toilet. #annoyed #smelly"
2998,
2999,One of my cars won't start and is having a sleepover in Williamsville #annoyed #ehhh
3000,
3001,"If physics had a face, I would kick it... And if Newton was still alive, I would kick him too... #hateit #withapassion"
3002,Waking up to a message &amp; already has me wanting to punch someone in the face isn't a good start to my 6am shifts! üò°üò°üò° #angry #badstart
3003,Why do my tweets post then dont go through #annoyed
3004,A week letter I'm still in pain from getting my wisdom teeth out and I can't takeeee this any loooonngggerrrrr #frustrated #annoyed
3005,Sofa king hot!!!!! Going to kill anyone who gets in my way. #rage
3006,You're such a fucking liar. I can't even stand you rn. And yes this ones to you. #annoyed
3007,Wow. You are so conniving!! You seriously get on my nerves!! #annoyed
3008,I am now upset that there are no grilled  stuffed nachos at Tbell #anger
3009,Talk to me when you care about someone besides yourself. #annoyed
3010,
3011,
3012,"I hate when I buy food and these people eat my shit knowing it's not theirs, like really üò† #annoyed #pissed"
3013,Why does it have to be so difficult to get comfortable in a vehicle?!? #hateit
3014,
3015,
3016,
3017,
3018,
3019,
3020,I hate how hot üî• and cold ‚ùÑÔ∏èpeople can be. #annoyed
3021,
3022,
3023,
3024,
3025,
3026,
3027,
3028,
3029,
3030,
3031,
3032,
3033,
3034,
3035,
3036,
3037,
3038,
3039,
3040,
3041,
3042,
3043,
3044,
3045,
3046,
3047,
3048,
3049,
3050,
3051,
3052,
3053,
3054,
3055,
3056,
3057,
3058,
3059,
3060,
3061,
3062,
3063,
3064,
3065,
3066,
3067,
3068,
3069,
3070,
3071,
3072,
3073,
3074,
3075,
3076,
3077,
3078,
3079,
3080,
3081,
3082,
3083,
3084,
3085,
3086,
3087,
3088,
3089,
3090,
3091,
3092,
3093,
3094,
3095,
3096,
3097,
3098,
3099,
3100,
3101,
3102,
3103,
3104,
3105,
3106,
3107,
3108,
3109,
3110,
3111,
3112,
3113,
3114,
3115,
3116,
3117,
3118,
3119,
3120,
3121,
3122,
3123,
3124,
3125,
3126,
3127,
3128,
3129,
3130,
3131,
3132,
3133,
3134,
3135,
3136,
3137,
3138,
3139,
3140,
3141,
3142,
3143,
3144,
3145,
3146,
3147,
3148,
3149,
3150,
3151,
3152,
3153,
3154,
3155,
3156,
3157,
3158,
3159,
3160,
3161,
3162,
3163,
3164,
3165,
3166,
3167,
3168,
3169,
3170,
3171,
3172,
3173,
3174,
3175,
3176,
3177,
3178,
3179,
3180,
3181,
3182,
3183,
3184,
3185,
3186,
3187,
3188,
3189,
3190,
3191,
3192,
3193,
3194,
3195,
3196,
3197,
3198,
3199,
3200,
3201,
3202,
3203,
3204,
3205,
3206,
3207,
3208,
3209,
3210,
3211,
3212,
3213,
3214,
3215,
3216,
3217,
3218,
3219,
3220,
3221,
3222,
3223,
3224,
3225,
3226,
3227,
3228,
3229,
3230,
3231,
3232,
3233,
3234,
3235,
3236,
3237,
3238,
3239,
3240,
3241,
3242,
3243,
3244,
3245,
3246,
3247,
3248,
3249,
3250,
3251,
3252,
3253,
3254,
3255,
3256,
3257,
3258,
3259,
3260,
3261,
3262,
3263,
3264,
3265,
3266,
3267,
3268,
3269,
3270,
3271,
3272,
3273,
3274,
3275,
3276,
3277,
3278,
3279,
3280,
3281,
3282,
3283,
3284,
3285,
3286,
3287,
3288,
3289,
3290,
3291,
3292,
3293,
3294,
3295,
3296,
3297,
3298,
3299,
3300,
3301,
3302,
3303,
3304,
3305,
3306,
3307,
3308,
3309,
3310,
3311,
3312,
3313,
3314,
3315,
3316,
3317,
3318,
3319,
3320,
3321,
3322,
3323,
3324,
3325,
3326,
3327,
3328,
3329,
3330,
3331,
3332,
3333,
3334,
3335,
3336,"Hate periods, sofa, tv, hot water bottle and quilt it is today #ill #chilling #hateit"
3337,Gan to be such a shit weekend trying to get back onto a dayshift sleeping pattern üòû #hateit
3338,
3339,To the B***ch that tried lying her way out sh** she caused I hope you you trip and fall in mud cause your full of sh** #angry
3340,Literally what the fuck is the point of a bus lane if it's too narrow for the bus to drive in? @TfLOfficial @MayorofLondon #rage
3341,Why must everything always be such a mission at a bank... #Annoyed #HowCanWeNOTHelpYou
3342,#admiral car insurance are USELESS. They got my policy wrong and want to charge me another ¬£150 to change it! FUCK RIGHT OFF #ANGRY
3343,
3344,
3345,Can't sleep.. #getting #annoyed
3346,Don't appreciate my sister going through my phone :( I thought it was common courtesy to respect another person's belongings #annoyed
3347,@danyneville running the dancehall scene proper in #dubai #mad #respek
3348,"There are 2 things guaranteed to wind me up big time, 1~I tunes, 2 ~printers . This morning it's the printers turn....grrrrr  #annoyed"
3349,Urgh just got woken up by someone knocking on my doorüò´ #rage
3350,
3351,@Tinthepark Getting very annoyed - been on since 9am and it keeps telling me there are no tickets #angry
3352,
3353,I dare anyone else today üî´üò´üò¥üò§ #Annoyed
3354,There's soo much I want to say to him but idk how to put it in words. #annoyed
3355,
3356,I hate people who thinks Im an idiot #angry
3357,"If my car isn't working tomorrow even after I put all these new parts on her, she is going off the biggest cliff I can find. #annoyed"
3358,
3359,
3360,I hate it when people lie it just makes me mad! #angry
3361,
3362,"2 months, about 15 emails, about 8 phone chats and countless live chats to solve a issue with @SkyHelpTeam and still not sorted #angry"
3363,Fucking mind fucks #angry #notbuyingit #toolpic
3364,Damn...  #DrivingExam  #angry
3365,ALL I WANTED WAS A FUCKING LIE-IN AND @dariusmatthews WAKES ME UP AT 7.30 NOW THE NEIGHBOURS ARE DOING FUCKING DIYüò°#angrytweet#sorrynotsorry
3366,
3367,my phone likes 2 turn off by itself sometimes üò† #iphoneproblems #annoyed
3368,Some people are so selfish ! #annoyed #hadenoughnow
3369,
3370,
3371,But why would I get sick the day before I'm going away!? #annoyed
3372,
3373,#Indianairlines surely living up to its name by delaying its flight.. again :\ #annoyed
3374,Great so I can't exercise cuz of a bloody back injury. #annoyed
3375,
3376,
3377,I FREAKING HATE ONE ENTRY VISA!!!!!!! #anger
3378,
3379,
3380,"Heyy Edgbaston, could you give me the money you owe me. Its not like I am a poor student living off a loan! #annoyed"
3381,Bloody poxy pissing car!!! Have had to do school run with one hand on the key because cuts out every time I stop!!! #rage
3382,
3383,"Morgan: Eckhart Tolle said, ‚ÄúWhere there is anger, there is always pain underneath.‚Äù #criminalminds #anger #pain #morgan"
3384,
3385,The middle voice on the #MorningMix on the @timmyandkaren show is driving me #MAD #wlfrm
3386,Ugh. Why am I awake rn?! I hate it when my body won't let me sleep :( #annoyed #insomniac
3387,Omg get a Fucking tissue and stop sniffing while I'm trying to concentrate!!! #annoyed #howhardisit
3388,A little Rain ain't stopping me... #Rage #DT #DoItWhileYouCan
3389,
3390,"My train is leaking. Every window is leaking. My bag is soaked through, the lady on front of me is soaked through. #trainsareassholes #mad"
3391,I always take my bad mood out on people that are trying to help #fucksake #hateit
3392,
3393,NOOO!!  PC won't start again. If PSU is gone again Nova tech will be hearing from me.#annoyed
3394,Having to use free wifi cos my network is crap!! #Angry
3395,This night is goin slow af. #irritated
3396,Just got a look at the stitches in my hand there. Think Stevie wonder could have done a better job ffs. A mess is an understatement #rage
3397,A person bereft of common sense would stand so close behind you whilst you're using the cash deposit machine. Ergh! #annoyed
3398,
3399,whos got the friday feelingg.. obviously not me because im sick and cant swollow. #fockoffflue #hateit #kissmyass
3400,
3401,
3402,So cold at work today #hateit
3403,I just hate people sometimes #irritating
3404,"WHY AM I NEVER THERE WHEN THEY PERFORM ""WHITE CONFESSION"" #RAGE #fb"
3405,
3406,I want a breakfast sandwich!! ]= #hungry #mad #tired
3407,
3408,
3409,being under payed has gotta be up there with the worstüò°üí∑ #annoyed
3410,I hate it when they mess up my order. . . #AngryTweet
3411,"argh what is my facebook doing, why won't it load anything?! #irritating"
3412,
3413,GRRR #ANGRY
3414,High blood sugar is the most uncomfortable pain ever!! #diabeticprobs #5am #annoyed
3415,
3416,WTF #Angry
3417,
3418,
3419,
3420,Everyone head get your swimming costumes on and head down to my room because it's like a pissing swimming pool in here #angry
3421,
3422,hoping that they won't exist to this world!!! ughh #annoyed
3423,Sweating like mad from the short walk. #rage #sgweatherkills
3424,"never thought I'd say this but I wish I never came to uni, biggest drama of my life #hateit"
3425,How can I have something right in front of me one minute and then loose it the next?! #irritating
3426,#MAD #ratchets
3427,Why is it already time to get up?! #annoyed
3428,"At school. :(Math :(#school #hate #math #balls"
3429,
3430,DRM is buying a book and then having to hunt down customer support to get a password for a PDF you just PAID FOR! D:&lt; #rage #DRMsucks
3431,
3432,Honestly cant look at my fantasy football team since I've betrayed all my morals by adding in John Terry.. I feel sick. #teambridge #hatred
3433,
3434,"Fck everything fck you guys wey , can you guys just fcking load ? #rage"
3435,
3436,Just bcoz of that meaningless drama i cant watch kbs music bank that can help me more base in my singing and dancing skills #mad
3437,
3438,hardyes stresses me out so much #HATEIT
3439,
3440,"I should watch BBC Question Time in the morning more often, I'm now pumped for the day #Anger #Adrenaline"
3441,Last come first serve???? #annoyed #bullshit
3442,
3443,A demain üòâ @lesDDM @Kevinioddm @BenjaminDDM @ShilerP @DDMLuis #hate
3444,Typical English weather üòü‚òîÔ∏èüåÇ #rain #winter #hate #England
3445,Hates sitting around and waiting #annoyed#grrrrr#fines#HMCourts
3446,My replacement Galaxy s3 is now fucking up. Idk if its @SamsungMobile or @TMobile but I'm fuckin tired of both.  #annoyed
3447,Wish I never took a contract out with @EE #hateit #nosignal
3448,#i #hate #it #when #people #on #instagram #hashtag #every #word
3449,
3450,
3451,"Off the bus Friday night, bit of me time, hawker beer and world go by. #outofoffice #atlast #irritating #week"
3452,
3453,
3454,
3455,Got home. #irritated
3456,"My fucking word, the lack of brevity displayed by these people beggars belief. #rage"
3457,"Go to get the bus for the park and ride, get to the doors and he closes them in my face then drives off. #parkandride #oxford #angry #git"
3458,iOS 7 y u so unresponsive? #apple #fail #rage
3459,Gwiz you did us wrong.... #Mad #SchoolSucks #NoSnowDay
3460,@AshtonFurnessx I literally can't do anything. Apps don't work at all #annoyed
3461,"Rain is pissing me off with the word "" Books "" #anger #issues"
3462,I don't understand why its so hard to get a hold of someone in this day and age!just answer your damn phone!#annoyed
3463,I feel like CRYING out LOUD#Angry
3464,
3465,Double Canadian history this morning.. #HateIt
3466,For f*ck's sake #natwest sort your sh1t out! #rage
3467,
3468,"Bothering so much about others over myself :-/
#HateIt"
3469,
3470,
3471,
3472,wish all the idiots in this class would shut the hell up #angrytweet
3473,Do you get them people where whatever they write even if you agree with it you think to yourself what a twat... #hatred
3474,
3475,Even my nose ring is out.  #whatthefuck #thatwasmtlastgoodone #annoyed
3476,
3477,Clearly this week has just been completely shit for me! #whatislife #upset #annoyed
3478,
3479,
3480,#We #Have #One #Big #Mad #Stink #Truck #On #The #Road
3481,You leave me a voicemail msg and when i call u back you don't answer...Please answer your fuckn phone tuu..#irritated
3482,
3483,@itvthismorning @EamonnHolmes Miley's career isn't going downhill. #angrytweet
3484,Worst fkn pain ever. #annoyed #tootiredforthisshit
3485,
3486,You can tell the #Greatness of a #Man by what makes him #angry
3487,ok Greenville is starting to look like babies.... they have had a snowday almost very other day since christmasüò°üò° #angry
3488,Bottle of wine is much needed #angry
3489,
3490,Omg why people just like to harras me early in the morning:-/ I am sleeping ease me up!!!! #annoyed #tired #sleepdisturbed #badmorning
3491,Second time in a row..booking gets cancelled 15 mins ahead of pick up timing..great way to keep people stranded.. @EasyCabsIn #annoyed
3492,Absolute foul mood today! Literally couldn't give a fuck about anyone or anything today! üò°üò° #mad #mardy #pissedoff
3493,
3494,"Woke up to find a dog chewing on my New shoes so happy -_-
#annoyed"
3495,2nd day finding way to kill my time. #hate
3496,"Can't be dealing with slow as fuck drivers infront of me, the speed limits 30, not 15!!!! Argh #roadrage #hate"
3497,"been out of bed for 2 hours, now I'm heading back there after 17 hours of being in it üò©üò∑ #poorly #hateit"
3498,
3499,Kinda feel bad stealing 38 xp from a top 100 guy. Poor bastard got worked 3 in a row. #madden
3500,
3501,
3502,Are you fucking serious? #annoyed #drama
3503,
3504,
3505,
3506,Katherine is really pissing me off right now hahaha I want Delena back! @VampireDiarieCW #tvd #TVDFamily #omg #annoyed
3507,"#RaiUno cookery show. Chefs who've had face lifts  making pancakes with over 60s audience in fancy dress. Squaw, Minnie Mouse, Bishop. #mad"
3508,
3509,Every number ive tried for @VodafoneUK its not working ahhh #rage
3510,The sooner today is over the better üòîüò¥ #annoyed
3511,
3512,"Arrogance is not a sense or humour, you ass hole #angrytweet"
3513,clearly only aloud to do my work in black and white Thank you Photoshop for knowing exactly what I wanted #angrytweet #Photoshop
3514,Just got ID'd in @marksandspencer while buying bottle of Prosecco+was REFUSED!! I am much older than 25.Should be flattered but  #annoyed
3515,Sticky strings on bananas drive me crazy #hate #peeling #justsaying
3516,
3517,
3518,"That horrible moment when your in the shower and ""what does the fox say"" comes on and you can't change it... üò£ #eww #hateit"
3519,What's the point in student discount if ASOS wouldn't let me use itüò† #annoyed
3520,Roommate better move out today. We don't want you anymore!!! #angry #frustrated #mentalillness #help
3521,Stop overthinking things... Just go with the flow dude #annoyed
3522,
3523,God watch over my babies in their way to Dallas ... Can't wait to be with them @_Georgia_Heat #rage #inferno #embers #NCAnationals
3524,
3525,Not Happy. Maccy D's forgot my Hashbrown this morning and I only realised when I was on the motorway again... #Angry #LetDown #MacDonalds
3526,
3527,
3528,I have to wait till 15:30 #annoyed
3529,
3530,#CallofDuty got me fucked up üò° #annoyed
3531,
3532,
3533,"Wow, some peoples view on reality is seriously warped #angrytweet"
3534,"Yeah, it would probably be best if no one talked to me today. #rage"
3535,I'm not going to leave the house today &amp; tomorrow #carnaval #hateit
3536,Really don't think people know how much I hate uni! Meant to be the best years of your life?! What a fucking joke! #hateit #fuckeducation
3537,"While this lady was erasing part of a text she said ""I wrote too much. Ch. Ch. Ch."" It's too early. #NoSleep #Annoyed"
3538,Accepted and Internship. #MovieMarathon #Headache #Homeworks #Grades #Craps #Mad
3539,do it take an hour to go to the store and to mcdonalds ? i mean im just curious ! üòí #annoyed
3540,"Apparently you need a degree in engineering to open corned beef. There seems to be a key but no lock, what on earth?! #annoyed"
3541,It's bloody payday and @BarclaysOnline won't let me into my app #angry
3542,You know what would be cool? My phone actually working properly all the time. #iphone4 #timeforanupgrade #annoyed
3543,On cold days like this we should be aloud to wear our own clothes instead of the cheap Material shit are uniforms are made of!! #angrytweet
3544,Serious double standards -.- #family #hateit #fml
3545,
3546,
3547,"Don't come to the library for a conversation, you dick! #Rage"
3548,"Philippine government please stop spending money to Janet Napoles, why are you wasting our money for such a criminal? #annoyed"
3549,
3550,alright it's not my problem to deal with yours. like seriously I have a horse to worry about. I don't need to worry about your life #annoyed
3551,so many pic of them... #annoyed
3552,
3553,"It's a could job you ain't here right now, I'd probably be punching you. #angry"
3554,Niggas be having attitudes but FOR WHAT!?! Smh #Irritating
3555,Waking up 2 hours before I need to get ready for class because I have to do colors...üò° #annoyed
3556,Why are my skinny jeans already bi around the ankles? #irritated
3557,
3558,I literally HATE taking the busüò°üò°üöå #coldoutside#bus#hate
3559,
3560,"I can't access Facebook WTH!

Fine.. I will re-install you. Hmp!!! #annoyed #stopsurfingthenetandstartstudyingnow"
3561,I hate being sicküò∑ #hate
3562,Ugh! On 7:07 @GOtransit ... Delayed...just sitting here catching up on my social media...does this qualify for a refund? #annoyed #transit
3563,Father give me strength TODAY! #frustrated #irritated #petpeeves #FRIDAY
3564,This is bullshit. #I #Hate #NewYork
3565,
3566,"i can't believe i missed the northern lights, that would of been a beautiful sight to see   :( #annoyed"
3567,I didn't know my bus driver was my therapist also #annoyed
3568,
3569,I fucking hate calling off but I'm sick as fuck #hate
3570,When your #iPhone deletes part of your contacts on it's own&lt;&lt;&lt; üò° #grumpy #angry #nothappywithapple
3571,
3572,How good would it be if you could press a button and evict people from your life? #angry #homealone #deepthoughts #losingit
3573,How can one person be soo annoying?? #irritated #littlebrother
3574,If after school activities get canceled again people will feel my wrath! #Rage
3575,
3576,Are people totally incapable of saying please or thank you nowadays???!!! #rage
3577,
3578,
3579,Sitting on the 11.17am train which at 12.27 has just reached clapham junction#annoyed
3580,I wish this cough would fu.. cough #irritating
3581,Cba wid coege now :/ wanna go home #annoyed
3582,Month end neh my girls be sipping some wine nna ke buzy ka herbex#annoyed
3583,
3584,
3585,
3586,
3587,
3588,#boredatwork #fridayshatetowork #sadday #feelingfrustrated #annoyed
3589,i always wait until 8-9 o'clock to leave for toronto. i hate traffic. üëäüöó #driving #toronto #traffic #hateit
3590,
3591,
3592,
3593,
3594,Shame on @united for booking a group of 36 kids and not making sure they all have seats and leaving one kid without a seat #angry
3595,Not really in the mood. #irritated
3596,so glad I'm going to chicago today because I need to get out of poho. #hateit
3597,
3598,"They are SELFISH, 
They cannot be trusted.
They don't know what it feels.

#FUCK #YOU 
#MIDDLE #FINGER #FOR #YOU 

#anger"
3599,Just one work day and then it's SB14 (aka the 2 day weekend) #rage
3600,I need to print one paper! One! #annoyed
3601,
3602,Well pissed off. God help anyone who gets in my way today #annoyed
3603,
3604,
3605,"Bosses that are unappriciative for covering their shift, and show up for 2 hours and log in 8. #frustrated #annoyed"
3606,"""This isn't true, not remotely. But in the absence of information the mind concocts it's own stories."" #Fury"
3607,Everyone looks dead and half asleep! #Rage #Attila
3608,
3609,
3610,Hey snow.. Fuck you! #annoyed
3611,"I can deal with anything, just don't throw them attitudes. #hateit"
3612,I'm also about to slap the shit out of my brother#annoyed
3613,
3614,
3615,"If u think that u can sleep in a room with a mosquito then think again 
#annoyed"
3616,
3617,
3618,They really abuse the song Drunk In Love.. #annoyed
3619,I guess my car not starting is a good excuse to not go to the gym. Good thing I got up so early to go üòí #irritated
3620,I can't get over how stupid you sound when you talk. like do you hear what's coming out of your mouth right now orrrrr? #annoyed
3621,I waste two hours of my life every Friday going to a lecture. That's two hours I'll never get back. #uni #annoyed
3622,that moment wen u finished cooking and your house smells like the food you just cooked-----ANNOYING! &gt;.&lt; #hateit #sprayditospraydoon
3623,The final working hours before the weekend are rolling in!! Not long till its party time :D What a weekend! Guestlist just about full! #mad
3624,If your gonna follow me can you keep following me and not use me for a new follower? Thank you goodbye #annoyed
3625,"If you text me &amp; I ignore your text, don't then go on Facebook &amp; message me. This will cause a further delay in my response. #annoyed #foh"
3626,If I ever see a Rachael yogurt again it's going straight at the floor #hate
3627,And the number of car accidents this morning üòÅüòÅüòÅ #annoyed
3628,The external hard drive I record on may or may not have committed ritual suicide last night. Not sure what I can salvage if anything. #rage
3629,
3630,
3631,"Wtf, humouring in every1's wishes is a pain #irritated"
3632,Tip: Don't cook when you're angry! It's a cock blocker for the taste buds! #Hungry #Angry #Cockblocker
3633,Pot kettle black #Annoyed
3634,I hate that I could neve wake up in a good because right away my grandma puts me in a bad mood -_- #annoyed
3635,Trangkaso lang to! I can take care of myself by my own. :/ #irritated
3636,
3637,Where are these allergies coming from?!? #annoyed
3638,Anyone else frustrated w/ not being able to watch @ABCNetwork online anymore w/o a provider account? DC/VA doesn't support DirectTV #annoyed
3639,
3640,
3641,found out my medicine makes me anxious and makes me shake. found out the hard way. #irritated
3642,
3643,
3644,
3645,Everybody Getting On My Nerves This Morning .. #Irritated #Attitude
3646,Happy birfffday @fightingcougar let's all have a good one! #rage
3647,My bad luck: everyone gets at least one canceled class except for me #annoyed
3648,Stuck in traffic for 35 minutes in aberarth and eventually go through and the majority of them are not even doing work!!!! Grrrr #angrytweet
3649,It's been 1 hour playing snake game.I won't play this game again #irritating
3650,
3651,Why on earth am I up right now #sleeplessmornings #hate #ahhhhh #iwannabeinsleepcoma
3652,"I swear, dogs do not learn..... #annoyed"
3653,How fucking hard is it to not put salad on something?! Ruined my KFC! #rage #saynotosalad
3654,"So fucking pissed off this morning. Not only did I spend half my night on the floor,  I only slept like 3 hours.  Don't try me today. #mad"
3655,Why are there so many temporary traffic lights around Farnborough!! #irritating
3656,
3657,
3658,Thank God it's friday#still#school#hateit
3659,
3660,
3661,I'm so sick of the people at my school. #irritated
3662,Love it when that happens.. #sarcastic #joking #hateit
3663,My sister loses her key and still finds a way to blame me for it. People just need to start taking responsibility for their own actions #mad
3664,
3665,What is the point to being in class if you're just going to sit here and talk?? Don't even bother. #Annoyed #AtLeastItsFriday
3666,Can hear fireworks but can't see a thing #annoyed
3667,
3668,Getting bored of people bailing on me now :( #annoyed
3669,I haaaaate friday-28th-payday traffic!! #hate
3670,I was sleeping so lekka!!!infact the whole house was sleeping but our stupid neighbour decides to ring the bell twice!! #irritation
3671,It's so nice outside! #Hate
3672,I thought preaching were banned on these buses -.- #Annoyed
3673,I'm pretty sure @hailey_ruiz6 and I are at the points in our lives where we hate everyone and everything. #annoyed
3674,
3675,Controller just dies on xbox one during a game of fifa and cant find the lead #angry
3676,
3677,My music is blasting and I can still hear the freshmen screaming to eachother in this hallway üòí #annoyed
3678,
3679,
3680,: @bookingcom i am appalled with your service. You have false advertising on your website about an apartment #poorservice #annoyed
3681,Maybe that wasn't the best news I want to hear.. #hate #doctors
3682,Feeling#lost#hate#thz#life
3683,
3684,"seriously tho, we live with some of the most inconsidarate, most selfish cocky bastards... #Annoyed"
3685,Me thinks my twitter was hacked. Apologies for the random tweets... Security fix up happening now. #hacked #annoyed #pointless
3686,Is anyone else's snapchat not sending them notifications?! #annoyed
3687,Oh. So we're all still talking about this? üòí‚úã #Annoyed
3688,
3689,This chick is gonna make me beat her down! Walk somewhere else.. Not in front of me! #irritated
3690,@enterprisecares Thx for making me late to work. You sounded surprised about rush hour traffic. #annoyed #atlanta #planfortraffic #latecar
3691,
3692,Pops had to use trusty Honda to start his Acura today. #Mad
3693,
3694,
3695,
3696,
3697,"Not going to lie, I feel so shit! #hateit"
3698,This girl in my music appreciation class never shuts up.! She always gotta make a comment on something smh #annoyed
3699,
3700,I'm like the only cheerleader at school today. #annoyed
3701,Lucky stuff #PNC had their quality folks call before I realized I rec'd bad info which = me locked out of my acct #annoyed
3702,
3703,
3704,Having an eye infection sucks. #Ugh #Irritating
3705,
3706,Horse got to go to school #mad
3707,Bad hair day...#annoyed
3708,My garbage disposal is broken again...... How?! #angry
3709,Why does cricket have to be on when I have shit to do! West Indies n England #irritated
3710,"Some of the kids on supernanny make me angry, little brats üò°üëä #supernanny #kids #angry"
3711,This is becoming an every morning thing..#HateIt #JustLeaveMeAlone
3712,Just wanna relive from nye 2012 to nye 2013 for the rest of my life! #bestyearever #mad
3713,I tell you the disrespect from the cold is live smh ! #hate #this #cold #weather
3714,Does it always have to be about you when I'm upset? Like seriously. Help doesn't mean talk about yourself. #annoyed
3715,Idk why I thought having a party bus on a week day was a great idea #hate#work#hungover
3716,
3717,This parenting ISH ain't what It's cracked up to be. #Annoyed
3718,@BIIIG_BALLER_23  I'm sorry why did I not get it lastnnight? #mad
3719,Just seen how to make a 7 inch knife tazer you can charge it and it has the turn on/off button its a knife turn it on its a tazer/knife #mad
3720,
3721,
3722,
3723,
3724,
3725,
3726,...Wide awake at 5am two days in a row for zero reason... #annoyed #stresssucks #mustfindcoffee
3727,
3728,Debating whether or not to deactivate my Facebook... #hateit #ew
3729,
3730,
3731,
3732,I don't think you think anything is wrong and that bothers me.. #annoyed
3733,gimme my mff debit card bitches.! üò§ #angry
3734,"RT@jernalist @paulontherun Would Bill Fraser in drag work? Oh the ""outrage""!! #NB #NBPoli #CdnPoli #Bullying #Hateful #Harassment"
3735,That noise his door makes #annoyed
3736,
3737,I hate it when my friends casually take every friday off #anger #fuck
3738,
3739,"hey @youmeatsix you should tour all of canada instead of toronto, there's more to this country than one province ... #angrytweet"
3740,like don't make me burn gas to come here for no reason #Annoyed
3741,Would've thought my extortionate rent would cover that! #ANGRY #POOR
3742,always get excited about having a day off work and being able to go everywhere eaisly then remember im from wemb where NOONE works #angry
3743,Me &amp; my weird ass dreams üòî #annoyed
3744,
3745,
3746,Ugh get me out of here #APbio #hateit #fuckthisclass
3747,
3748,@KingPMoney Lord of the mics 6 is going #MAD #LOTM6
3749,
3750,I ask you to do just one simple thing for me and you say no.. i don't ask for much üòëüò§ #annoyed #seriously
3751,
3752,I'm so pissed today #irritated
3753,
3754,
3755,
3756,
3757,
3758,"So this weekend ... No social life , just books #cantdeal #fuckyou #annoyed"
3759,
3760,You better stop with the mixed emotions man. #irritated
3761,Listening to imma do my thang by Miley at 9am. It's fine. #rage
3762,I hate when people chew ice!!! #irritating
3763,Why does the sky decide to drop liquid the second I get out of the car to go inside #irritated
3764,Well isn't this a fine how do you do! #angry #couldhavefooledme
3765,If you you did not wish me happy Birthday last night..... OOOOHH #HATE
3766,Have so many spotsüò§ #irritating
3767,Woke up with literally no voice üò´üòí #hatebeingsick #annoyed
3768,
3769,Stop switching up on me!!! #irritated
3770,Why does @EnterpriseCars put a $350 hold on an actual #creditcard to rent a vehicle?? #annoyed
3771,Would it kill you to put that damn controller down and get your niece some god damn milk!?! #getyourassgoing #irritated
3772,Is photo-upload using Twitter app in mobile an issue with other users too? #tryingsinceages #irritated
3773,
3774,Shut up. No one asked you. Seriously. #Irritated
3775,"But why do we do ""activities"" in class? Can't we just take notes? We're not in first grade. #annoyed"
3776,
3777,It's friday madness again at EDSA! #traffic #hungry #angry
3778,
3779,Why has@meetup gone down?? Error 522!! #annoyed
3780,"I'd tell you all how I felt, but I honestly have no clue, at all. Wah #sleep #tiredofthinking #hateit #HappyFriday  #orsomething #singlelife"
3781,Sorry the last couple weekends have been fairly sporadic with WCG content; we'll remedy that starting this weekend! #draft #opinions #Madden
3782,"Miss, stop flooding my feeds. #irritated"
3783,I just don't know What to say anymore!! I'm tired of trying to be a good sister! Done can't wait to move out this summer #gone#mad#bye#„ÉÑ
3784,I pretty much don't like anyone in this class üòí #annoyed
3785,Im done! God Damn #donelove #schoolsucks #hateit
3786,
3787,
3788,So far this day is not goin how I liked it to go! #annoyed
3789,When the first thing I do after I wake up is sneeze 3 times... I'm miserable.. #sick #helpme #hateit
3790,
3791,
3792,
3793,
3794,Why is it all week no one talks to me and the one day I have to work everyone asks me to do something? #annoyed
3795,
3796,
3797,I need ear plugs #annoyed
3798,
3799,
3800,
3801,
3802,Octagon never fails to put me in a bad mood üåÄ #impossible #rage
3803,Can this day end already... Nxa #irritated
3804,
3805,if the nightmares are returning... Then so will my lack of sleep. *sigh #Nightmares #HateIt
3806,
3807,"If you get extra extra cream and sugar in a coffee, you're just drinking cream and sugar. So stop saying you love coffee. #rage"
3808,The only difference between The Westboro Baptist Church &amp; States passing Bills similar to AZ is that TWBC is open about hate &amp; bigotry#hate
3809,
3810,
3811,.@talk2GLOBE FIX your BILLING system! Stop blaming my credit card company! I already stopped the auto debit payment! #angry
3812,
3813,Why the fuck is it zero out?!?! #Irritated #GoAwayWinter
3814,
3815,This morning isn't going the way I expected. One thing after another. Just wanna be left alone in my room! #pissed #annoyed #tears
3816,so my professor couldnt cancel class this morning but she keeps us for 12 minutes and then lets us leave....üòíüòëüò° #annoyed
3817,"@Wix Help where are you? Do I cry or grab a G&amp;T?
I loved you but now ... where are you?
#annoyed"
3818,Im beyond ready for summer‚ô• #hate #cold #weather
3819,
3820,
3821,
3822,
3823,Why does everything take so long in phone shops? @VodafoneUK some of us don't have all day you know! #Annoyed
3824,
3825,That's well just pissed me off #annoyed
3826,I hate people....so done with today already! I'm going back to sleep! &gt;:( #feelingpissed #donewithtoday #annoyed #stupid #getoutofmybusiness
3827,Can today possibly get much worse?? 45min delay on all my buses home! #angry
3828,
3829,
3830,Fucking examen commun #HateIt
3831,
3832,"Well incase you haven't heard yet, 59 is closed completely north and south bound, squirrel to Adams üòí #annoyed"
3833,Would genuinely pay someone to pin curl my hair for me üíÜ #HateIt
3834,
3835,
3836,Maybe I should just go home and not let today happen. #annoyed #AboutToSnap
3837,
3838,
3839,In you're gonna come in the library and scream get out #annoyed
3840,#DropTheAWord  this word should be banned &amp; treated like a hate-speech! N-word #equality #Muslim #hate #racisim #discrimination
3841,WHY? my interweb right now is in Troll mode. i hate it! #Annoyed
3842,"If I have to be a bitch THIS EARLY, it's bit gonna be a good day... #irritated"
3843,What a shitty day..... just want to lie in bed and cry! #pissed  #annoyed
3844,
3845,Just dip dyed my hair purple for #ShaveorDye #mad #asyoudo
3846,Seriously!? I just wanna get home ... Not sit in this traffic! WTF #irritated
3847,Life is a lemon and I want my money back! #meatloaf #angry
3848,
3849,"Some ah dem nuh deserve to be alive, mon.
Tek a bloodclaat gun an kill his rass, cho.
#angry"
3850,
3851,
3852,Honestly I'd move to Durban just so I never have to sit in another Joburg traffic jam again üò° #irritated
3853,
3854,Bad hair day üôÜüôà #annoyed
3855,All my work and laptop out infront of me and havent wrote a word in an hour #hate #assignments
3856,"Don't you love when you have your day mapped out, and others find crap to fill it up with??? #irritated"
3857,The shit on my left dont shut the fuck up and the bitch on my right is an ass and cant read and is dumb as fuck #annoyed
3858,
3859,
3860,I hate being ignored #Fact #PickUpYouPhone #irritated
3861,I don't like my first block. #annoyed
3862,Starting off the day with a power hour. #rage
3863,dont u just hate liars? #mad
3864,Bloody idiot cyclists on pavements. Can nothing be done?! #rage #sheffield
3865,second-hand smoke is actually my biggest piss-off!!! #disguisting #hateit
3866,Ugh.. idiots though. #annoyed
3867,
3868,Xbox tournament this Saturday with some men bragging rights on the line #madden #nba #nhl
3869,
3870,
3871,My class would be dead if this wasn't a drill #annoyed
3872,Every single day. #irritated
3873,Why you calling me baby tho????? #annoyed
3874,Man this job is doing the most!!!!!! #ugh #readytoquit #frustrated #irritated #readytogohome
3875,Re watching Gossip Girl when you actually know who she is opens up a whole bunch of problems with every episode. #rage
3876,
3877,This whole week gone like 5000 miles fast.  #tired  #annoyed
3878,Self made Nerds #Irritation
3879,@dialoglk 4G data sim is not detect in pro link PRT7005L #fail #hate
3880,
3881,Your a fucking dumb ass if you think I'm about to buy a pack of Seneca Greens for $10. I'm not a dumb ass. #annoyed
3882,Cartoons on all day &amp; all I wanna do is watch 15 minutes of @KellyandMichael and my son has to scream over the whole thing #annoyed
3883,People should take a good look at themselves before having the nerve to judge someone else #annoyed
3884,
3885,"If you could not puke all over my bathroom and leave it there for me to find, that would be great. #annoyed #whyareyousogrossserioisly"
3886,
3887,School isn't for some people. And I am one of them. üò´ #hateit
3888,i dont care bout peoples feelings i really dont if yu talking im really dont give to fucks and thats my attitude #is #yu #mad #or #nahhhh
3889,You bitch and then turn around and do the same thing you're bitching about! #annoyed #hypocrite #needthisbreak #DRhereicome
3890,
3891,
3892,When there are more immature people in college than there was in elementary school...#annoyed#readyfortheweekend
3893,
3894,So glad I got out of school #HateIt
3895,
3896,
3897,Already started #Annoyed
3898,DelPo's won a slam where's his name??? #annoyed
3899,"PSA: If you are moving, make sure you have everything packed 3days before the movers show up! #annoyed"
3900,Why does this girl keep talking to me? What happened to not talking to me? I could go for that again. #Annoyed
3901,
3902,"I have a huge spot, it's like I'm growing an extra chin #angry"
3903,
3904,Could you eat your apple any louder üò§ #annoyed
3905,Easyjet's cabin bag policy is just ridiculous. #rage
3906,
3907,
3908,
3909,
3910,Get annoyed over littlest things #angry
3911,Can't seem to find the one thing I need rn -___- #annoyed
3912,Some people are so fucking stupid #annoyed
3913,
3914,It's finally the end of February! I've never been this excited for the end of a month #annoyed
3915,Half of france in the laundrette not leaving any space for my stuff!!! #annoyed
3916,
3917,I seriously hate school .. why cant i just fucking stay in bed all day and sleep!!! #annoyed
3918,Wtf is going on with itube ? #annoyed
3919,This constant harassing of the customers is bullshit! #Digicel #Annoyed
3920,Damn i failed that test.... #Annoyed
3921,@ShockerHoops @Clearly_BallLyf Breakfast early w bros+pops aint missin historical game Give ME EVERYTHING from JUMP #PASSION #ANGER #Defense
3922,
3923,If this guy does not stop being so dramatic...idk what I'll do. #annoyed
3924,
3925,So if you complain about wanting to be thin but dont work for it. bitch i dont care. like you gotta work for what you want.. #annoyed
3926,These girls in the class.. üòí #annoyed
3927,"Some people just don't know when to stop. Fine you're blessed, so shut your filthy mouth! #stupid #irritating #kyora #HindiMoIkinaganda"
3928,
3929,
3930,
3931,
3932,
3933,
3934,Has not got that Friday feeling!! ÓÅô Today can do one!! #annoyed
3935,how many times can the school's freaking fire alarms go off in 10 minutes üò°üî• #annoyed
3936,
3937,
3938,"Ugh, how d'ya get rid if a really bad earache?! 
#Hateit #ugh #pain"
3939,Don't TELL me how much you love me. SHOW me how much you love me because your ACTIONS suck! #annoyed  #dumbboy #ohwell
3940,
3941,Y'all are seniors. ACT LIKE IT. #annoyed
3942,
3943,
3944,Ou kno the one bad thing about trying to business with your friends? Their professionalism goes OUT the window #irritated #SadButTrue
3945,
3946,Some stampede for the train #was #mad
3947,WHYYYY does word make it so difficult to start page numbers from a few pages in a document?! üò°üò°üò°üò° #ANGRY #microsoft #are #arseholes
3948,
3949,
3950,
3951,
3952,"I can't even say two words without being told I'm whining 
no, there's a difference
I could show you if you'd like 
#annoyed"
3953,"It's raining. Perfect sleeping weather.
My alarm hasn't gone off yet. I've got 2 hours.
Why am I still awake? Oh, right, insomnia. #annoyed"
3954,I drive a dumb honda and it still takes 55 to fill the tank gas prices are redic. #irritated
3955,"""Where is that monkey?! I wanna shoot something!"" I feel ya bro. #frustrated  #angry"
3956,you make yourself come off as a caring guy on social networks but in real life you're a everyday typical douche.. #annoyed
3957,"I'm getting super pissed about my phone! I just want a new 1 not android! But I'm not allowed apparently 
#sprintunlimited #pissed #annoyed"
3958,
3959,"Would have been nice to see an example of the homework BEFORE we did it, not the day we turn it in. #justsayin #angrytweet"
3960,I fucking hate biting my tongue. #irritated
3961,
3962,"Get out sanga!!#Irritating"
3963,I left my tea in my car this morning... #mad
3964,
3965,
3966,
3967,OMG YOU CRAZY ASS BITCH. I AM SO OVER THIS WEEK IT'S NOT EVEN FUNNY. OLD PEOPLE CAN BE NICE BUT SOMETIMES THEY MAJORLY SUCK ARRRGHHHH #rage
3968,"Out of all the empty seats, this guy always sits next to me and all I hear is him smacking his gum üòíüò† #annoyed"
3969,
3970,
3971,
3972,
3973,It really makes me angry how racist people used to be back in the 60's#angry
3974,"Left school an hour ago for my orthodontic appointment, trekked up a hill, missed the train and it only lasted 2 minutes. #annoyed"
3975,Sometimes I hate living in a student house when people are inconsiderate and play loud music when you have important work to do #annoyed
3976,
3977,"Wake up check twitter, I read 1 tweet from some1 and my mood is fucked for the rest of the day! #Why #KillMe #Annoyed #Pissed #ItsRealityNow"
3978,Whats the point of scheduling appointments when you have to sit in a crowded waiting room for hours anyways #annoyed
3979,Man some people are so annoying. #annoyed
3980,
3981,
3982,
3983,
3984,
3985,"Everytime I get sick, I feel like I'm on my death bed üòîüò∑üò© #hateit #helpme"
3986,People are om thin ice today and Im on my last nerve. #annoyed #tired
3987,When u try to open your straw and it breaks üò° #MAD
3988,Cole just said my socks with dogs on them are stupid... #mad
3989,Can we ban people from talking on their phones in the doctors office too? #annoyed
3990,I HATE MESSING UP ON A GOOD TWEET #angry
3991,
3992,It's ridiculous how excited I get when I eat one piece of fruit. üçì #hate #being #allergic
3993,
3994,There are not nearly enough chocolate chips in my chocolate chip bagel! #AngryTweet #GetItTogetherEinsteins
3995,i hate when you tweet your favorit singer or actor/actress and they just flat out ignor you #annoyed
3996,They talking too damn much behind me! #irritating
3997,
3998,Frustrating is not the word! #rage
3999,Everyday it grows and grows. #hatred
4000,Haven't took a day off since May. I stopped trying because people act like they can't work for you but want you to work for them. #irritated
