12002,Just ordered The Husband some #yellowSpotWhiskey just for being awesome! Shhh don't tell him #surprise
12003,
12004,"""Frozen"" has become the highest grossing animated film of all time at the box office, surpassing even ""The Lion King"" #Frozen #Surprised"
12005,
12006,
12007,Finished Breaking Bad yesterday. Not sure what to do now. #amazed
12008,I filled a hip flask with Sriracha. Time to go make friends! #sriracha #newfriends #surprise
12009,It is amazing how many people want to help people who are homeless. #helping #awareness #homelessness #amazed
12010,Woke up this morning to a flight itinerary in my email. Guess I'm going home for Easters. #surprise
12011,Connection to my #ECS200 placement: you can say so many things without saying one word. I've seen this at work with #astonished #ecs210
12012,Omg what a bowling guys #amazed
12013,
12014,
12015,Omg I get out bed to go pee and I have to crawl through my very own balloon ballpit to get to the toilet #surprised #birthday
12016,Today has actually not been that bad #surprise
12017,Preparing a #soupy #surprise
12018,Got a ticket for @BBCR1's big weekend  courtesy of Lorna Finn #HappyMonday #surprise #Glasgow #excited
12019,Mister Valls next prime minister of France ??? oh my god....#surprise #France
12020,Tomorrow maybe.... #surprise
12021,
12022,Jenna asked if I was gonna be home for her birthday the other day and my mom and her mom both told her I wasn't üòÅüòÅüòÅ #lies #surprise
12023,surprising your girlfriend with chocolate covered strawberries just because! #friendoftheyear #surprise #bestfriendsforever
12024,
12025,
12026,Glad I listened to my gut feeling today and quickly went over the chapter. We did have a quiz. #atleastididntfail #surprise
12027,
12028,
12029,
12030,"Tender gaze, sleepy
Sighs, curled up toes, winter wise,
Warm brew, love surprise 
#haikuchallenge #haiku #surprise #micropoetry #poetry"
12031,"If i get in there, you're gonna be the first who i am going tell. Just wait for it even you don't know. #surprised"
12032,Nothing like thinking you got cole slaw only to realize it's crab salad. #SURPRISE #ick #rudeawakening
12033,
12034,
12035,@eaupalmbeach   Twitter universe. I'm so impressed. Staff and service here 5 out of 5 stars. Facility beautiful. #spectacular #surprised
12036,"@iPoonampandey  I don't understand ,how all of a sudden u started talking only about #chelsea ?
#amazed #intresting"
12037,Dying my hair :) #surprise
12038,Holy Moly it's nice out ‚òÄÔ∏èüåÄ #surprised
12039,
12040,
12041,
12042,I never ever ever would've thought you were such a jerk #surprised
12043,Matt Lindstrom to close for the White Sox...#surprised
12044,
12045,"Damn, actually got in to bishops #surprised"
12046,#RaiseTheApple Andrew Brown! 3 run homer #Wow #surprise #Mets
12047,Yay this morning sucks too! #surprise
12048,@mazzy13 am I the greatest husband/dad?  #surprise
12049,
12050,2-1 tonight carroll and armero with the goals #WHUFC #surprise #goalscorer #COYI
12051,"Asleep on the couch
when Lila kisses my cheek
a pleasant surprise
#haikuchallenge #surprise #haiku #writeyours"
12052,.@Brewers faithful give Ryan Braun the loudest ovation during player introductions. #surprise #BrewersOpener #OpeningDay
12053,
12054,Girl is your body named visa cause it's everywhere I want to be!!!  #realtalk #thisgirl #amazed
12055,"If you are into mind games, don't be surprised when you run into someone that plays it better than you. #mind #games #surprised #better"
12056,That awesome moment when you find out you don't actually work today #Surprise #Win #DayOff #WhatDoIDoNowTho
12057,.....when I find chocolate I hide from myself #totallyforgot #surprise
12058,Literally cannot wait for my holiday now even though I don't know where I'm going!! #surprise #4daystogo
12059,OhMyGoodness .... what has happened... Ive escaped from the sweat box &amp; It's still light and not raining or freezing #amazed
12060,
12061,"How I ever thought I was ""in love"" before my amazing boyfriend I don't know. This feeling though&gt;&gt;&gt; couldn't be happier. #amazed #purebliss"
12062,Aww someone just complimented my eyebrows. #Surprised
12063,
12064,Nothing worse than forgetting you're drawing a nude model in class today üòí #surprise
12065,Almost a standing ovation. ..wow #surprised
12066,
12067,
12068,"Honestly, that was amazing. Read through 1 John 1:5-10 #Amazed"
12069,
12070,#October surprise/Could be six months from April/Sway the #election #haiku #haikuchallenge #micropoetry #poetry #surprise #politics
12071,The leading award/in the journalism trade:/The Pullet Surprise. #haiku #haikuchallenge #senryu #surprise #journalism #awards #PulitzerPrize
12072,I still recognize some faces! #surprised #RangersOpeningDay #excited
12073,I actually took solid notes today in physics. #surprise #itstheweather
12074,Just watched the parking police write a whole bang of tickets at Whitehurst ! #surprise #sosalty #okstateprobs
12075,
12076,
12077,AND he just said the word Weasel #surprise
12078,
12079,
12080,
12081,"Hoping tomorrow's April Fools will be slightly less eventful than last year's, when the wife's waters broke 3 weeks early! #surprise #daddy"
12082,
12083,
12084,
12085,
12086,"If you can sit down and talk to some guys while a games on, your tip will skyrocket. #amazed"
12087,
12088,
12089,Can't wait till Friday hehe üòäüéâ #surprise
12090,Today was actually kind of awesome. Almost perfect actually üòä #surprised
12091,
12092,Want to own something of mine? Just a taster of many things coming soon from Me. goddessalexis2@gmail.com #tease #surprise #changes
12093,
12094,
12095,"While talking about colorblindness in a lecture on color, a kid learned he is red-green colorblind. #surprise"
12096,
12097,
12098,Ima charge my phone up. Then I'm back with a big #tutstime .. Don't miss it #surprise
12099,@tutsbieberr follow me and tell Justin To follow me too please love u pls #surprise #tutstime
12100,
12101,
12102,Cannot believe the coverage of Riley's story!! Just been told it's made headlines on sky news app! Jeeeese! #overwhelmed #amazed
12103,17 years and still single while others are in a relationship! :O Woah! #Surprised
12104,Can't wait to see my bro's face tomorrow! #birthday #surprise
12105,@TalkingTCGS WOAH! AN EPISODE WITH VACATION JASON GOES LONG?!! #SHOCK #SURPRISE #ENDLESSBITS
12106,
12107,
12108,
12109,"Wait, the Cubs bullpen just pitched OUT of a problem ... #Amazed"
12110,
12111,fett clones W/ bad aim makes no sense (Insert order 66) I can shoot the light saber out of a jedi's hand @600 feet #Assassian #Surprise
12112,I didnt expect to get a text from you. #surprised
12113,Can't believe #47ronin is based on true events! The ulimate honour and sacrifice  of the Bushid≈ç the Samurai code. #amazed
12114,"This has been my most productive night ever, done some amount of physics studying #amazed"
12115,
12116,"I got my prom dress today and the only one who has seen it, and is going to see it until prom night, is my mom. #surprise"
12117,"If I don't get the best girlfriend award on Thursday, there's something wrong. #surprise #surprise"
12118,My grandpa thinks my grandma meeting my mom to give her my sunglasses I left over there... Fri night!!!! #surprise #grandpas90th
12119,"Wow, a bunch of updates for the official #Windows8 apps! #surprise"
12120,
12121,Doing ballet today actually made my bad back a bit better!  #surprised
12122,That could be Sunderland down this season #surprise
12123,Some days I just sit and wonder... #amazed
12124,Another famous guy I have a crush on... #surprise #gayboyproblems
12125,
12126,
12127,
12128,Jack actually had clothes on in his snapchat!!!! #surprise
12129,My baby never fails at making me smile every day! I feel so lucky &amp; so blessed to have him! :) #ILoveYouSoMuch #Amazed #TrulyBlessed
12130,Dayyyuuuum. No hours again.... #surprise #surprise #paneraproblems
12131,
12132,"wow, you actually posted a pic of something other than your big ass head! #amazed"
12133,I have work in 15 minutes and I'm still laying here...tweeting smh lol #Amazed
12134,"Cnt wait 4 my 1st date night, walk on the beach and mos def the talk with yo dad, #amazed"
12135,I'm in Hawaii. Just putting that out there. #jetlagged #amazed #stayinghereforever
12136,
12137,Need to sleep before I get angry. I swear I won't bite anyone's neck...#nothungry #surprise
12138,
12139,
12140,
12141,"was going to make salmon and salad for dinner but, like usual, all i want is @pizzahut. #surprise"
12142,@RitaOra is going to be in 50 shades of grey... Didn't see that coming!! #surprised
12143,I want a surprise.. #nice #surprise
12144,
12145,
12146,
12147,
12148,Lol Meyers strikes out #surprise
12149,
12150,
12151,
12152,
12153,
12154,"There you go again. When I least expect it, you surprises me with a call. #surprised"
12155,@BrandiLemar SUPER CONGRATS!!! So happy for u!!! #mama2be #preggo #surprise
12156,@lonestarband it just keeps on getting better! #Amazed
12157,
12158,
12159,
12160,
12161,
12162,@classymailbox96 Ryan Clark is now apart of the Redskins #surprise
12163,
12164,"""@emily_fost: SoOoOoOooo officially gonna be a Seahawk for the next 4 years üòä"" that is 2 cool. #surprise"
12165,Wow :o #amazed
12166,What the hell??? My parents just got married! #surprise #happybirthdaydad
12167,"#TheWalkingDead I sort of saw that coming, but I still enjoyed it. #surprise #notreally"
12168,The mayor just showed up to our cheer dinner #thefuck #surprise
12169,
12170,
12171,Saw a hitchhiker on 40 and I secretly wanted the OK Department of Corrections passenger van behind me to stop for him. #SURPRISE
12172,Damn... I just saw the nicest Lamborghini down Central #surprised
12173,Some items in my To-Do are crossed off ! #Amazed #weird
12174,
12175,So the blujays lost the first game of the season #surprise
12176,God can convict even the hardest of hearts. #Amazed #Blessing
12177,"Been sittin here for two hours,, still haven't started my paper #SURPRISE"
12178,#ImSoHappyThat WTF my dad just walked in the door!? #SURPRISE #TodayHasBeenTHEMonday
12179,I have the worst luck and I just won $30 on a scratch off #amazed #thereshope
12180,"Only Lovers Left Alive was made of pure beauty, I loved it ! Visually stunning. #amazed"
12181,Kristen's at my house #surprise
12182,What if someone finds the missing plane tomorrow &amp; it's all some big april fools joke..? ‚úàÔ∏è#surprise
12183,Some people always know the right time to show up. #surprised
12184,Took me completely by surprise #amazed
12185,"Swear my lady just met my dad !!! Lol the one who was against my lifestyle 
#Surprised #SuperHappy"
12186,"Hats off to @youmeatsix @DONBROCO and @YOUNGKATO amazing show, all great performances. #amazed #fantastic #youmeatsix #donbroco #youngkato"
12187,G eaz-e actually isn't bad #surprised #sickrhymes
12188,The number of emotions right now are on another level #woah #surprised #thisdayneedstoend
12189,Things went so well .. #amazed #thankGod
12190,
12191,
12192,"Hey Albany actually booked a good DJ for Parkfest, #surprise"
12193,
12194,get to hear my baby's heartbeat Wednesday for the first time. So excited üëè hope it all goes good üíûüë∂ #surprise
12195,The girl at Hard Rock Caf√© just offered me a beer. Do I look over 21? #surprised
12196,
12197,Asked Anna how many people she coaled in town she said only a hitch hiker. #surprised #leadfoot
12198,
12199,Watching Front of the Class and see @SarahDrewGreys I wasn't expecting that so it made my night #surprised
12200,YAY DANAS HOME üéâüéà #surprise
12201,#9 I own 230 bottles of nail polish üíÖ #surprise
12202,
12203,
12204,
12205,
12206,
12207,
12208,
12209,
12210,I seriously thought the Badgers were playing Florida for the next game... huh #Surprised
12211,
12212,
12213,Raps got a call!! #surprised
12214,
12215,
12216,
12217,
12218,
12219,"What a nice little visit from my roomies next year, Stacy and Mollie. üòò #surprise"
12220,@Jeremih OMG!!!! I've been listening to party girls ALL f'n day!!!!! #IFLI #GiveMeLife #Pow ugh #Amazement #Repeat
12221,
12222,
12223,
12224,If that's not a tear jerker I don't know what is! #DWTS #amazed
12225,Who even talks to a girl like that. #astonished
12226,"Monday, where did you go? The night came so fast, I question where the day went...and where the year/s would go. #intrigued #amazed"
12227,I really cannot recommend @tylermagician90 enough; he had even magic sceptics stunned. #NBSBALL14 #magic #amazed
12228,@derekhough and @AmyPurdyGurl are so beautiful and it made me cry and that was too amazing for words! That was soo... WOW!!! #amazed #wow
12229,
12230,Wow...did not see that coming üò≥ #blessed #scholarship #surprise
12231,"group projects w/ all male group = me doing everyone's leftover work, formatting and citing, 3 hours before the fucking deadline. #surprise"
12232,Remind me again why I live in Michigan and not here? üò©üòç #amazed
12233,Added some chick on snapchat from her tinder account without even connecting #surprise #openingupwithadickpic
12234,
12235,
12236,
12237,
12238,#Raw omg didn't expect that surprise from John cena #surprised
12239,
12240,
12241,
12242,When I get married I'm sending those ppl an envelope stuffed to the brim w/ loose glitter. #surprise #glitter #everywhere #4ever #xoxo
12243,i wanna do an april fools joke that leaves everyone speechless.. tomorrow i'll show up to school naked but magically have a dick #surprise
12244,
12245,
12246,unexpected plot twist: robin and barney's divorce and the mother's death was an early April Fool's joke #surprise
12247,
12248,
12249,I cant wait till the weekend :)))) #surprise
12250,Opening my car door to some stars tickets on my seatüåüüòª #Surprised #AEPiDateParty
12251,Honestly can't believe I'm walking back from the gym in shorts #amazed
12252,The only white guy in the High School Jamfest just won the dunk contest #success #surprise
12253,
12254,Sharon Salzberg is not only a gifted meditation teacher but also a compassionate story teller. I am ordering audio everything! #amazed
12255,Got to get up early. Why do they drag me on like this.. #Mondaynight #surprise #yayjob
12256,Damn have to admit when I'm wrong. People do care #Surprised
12257,"If @RyguyD isn't a good guy when he's older, life would be wrong #sav #nut #surprise"
12258,Hoy vi un fucking big tornado in front of me!  Most amazing/scary thing ever! #amazed
12259,
12260,
12261,"Just did this personality test, and it was SO accurate. #amazed #likewow"
12262,So far this actually isnt that bad of a match. #Surprised
12263,Whoa... Did NOT expect the ending of #HIMYM #surprised #cantbelievethatwasthelastepisode
12264,Had mad fun time with cousins‚ô•‚ô• #surprise #dinner #anniversary
12265,
12266,
12267,I had a feeling @WWEDanielBryan would make an appearance.  #RAW  #sneakattack #surprise #imissedyou #Wrestlemania30 #FearTheBeard
12268,
12269,
12270,
12271,@AMidd33 won skills challenge AND 3 pt challengeüò±üò±üò± you gotta cuff bruh @J_Williams_23 #amazed #OkDoYoThaaaang
12272,
12273,"Felt good walking out of the school from the banquet in my dress,all to step outside &amp;have it blow up in front of a bunch of ppl. #surprise"
12274,"Since I haven't seen my dad in time, I am going to make a surprise visit to his house when I have the preggo stomach for parenting #SURPRISE"
12275,Hangover three is actually funny #surprised
12276,"I feel like getting Andrew a little puppy for his birthday, but I don't know whether he would love me or kill me? üê∂üíú #surprise"
12277,
12278,Far out it is warm in Melbourne for once #surprised
12279,It's actually been a better 21st year than I thought it was going to be #Surprised
12280,@ShiamakLondon it's April 1st let's tell the city about #wyc!!! #AreYouReadyForThis #surprise #suspense #HaveFeetWillDance
12281,
12282,"As my April Fools prank for tomorrow, I decided I'm not going to do any of my homework...üò¨ #NotReallyAPrank #Surprise"
12283,"Held my cup under the fountain for some Brisk raspberry iced tea, but pink lemonade came out instead... üò≥ #surprise #aprilfools"
12284,
12285,
12286,When @prophiphop comes on my Listener station. #surprise
12287,
12288,So excited for this weekend! There is nothing more important than family! #grandmabday #surprise
12289,
12290,to harm me is to harm oneself ~ #surprise
12291,"Friends, check your emails on the reg. Just found out I'm on the Dean's honour list with highest distinction. #surprise #sheshootsshescores"
12292,haha..some people been doing their research lately...#amazed
12293,
12294,Downtown Abbey aint really falling apart without Michael Crawley...#Surprised
12295,
12296,Prob takes half the goray singers out there a thousand tries and autotune etc. to be half the singer Shreya Goshal is live. #talent  #amazed
12297,
12298,
12299,Holy fuck did this really just happen... #amazed
12300,DUCKS WIN!!! #Boom#Quack#surprise
12301,"""Around the Corner""
Lifetime of surprise,
she embraced change eagerly,
her heart's fondest friend.
@baffled #haikuchallenge #surprise"
12302,"""They Had a Teenaged Wedding..""
Secret engagement,
wedded til death do they part,
never a surprise.
@baffled #haikuchallenge #surprise"
12303,
12304,
12305,
12306,Growing up I used to save those poppers from 4th of July and put em under the toilet seat at my house for April fools day. #surprise #snap
12307,
12308,
12309,
12310,
12311,"we gave you the @TinieTempah ticket giveaway Thursday at AZURI, then we gave you the man himself last night at @trashmondays #KOC #surprise"
12312,
12313,The day ended on a great note. #surprise
12314,3500th tweet ! #Surprise
12315,What an odd night #sleeptime #surprised #confused
12316,@HowIMetMother That Final was so amazing I don't even know what to say. #speechless #amazed
12317,To all my SMARTIES be on the look out for tomorrows video its going to be special #YouTube #YouTuber #surprise
12318,OMG..the facts of the new EXO concept is so deep...wow #amazed
12319,
12320,
12321,"Apparently health insurance went up today, nothing has arrived in my letterbox to tell me how big the rise is. @australianunity #surprise"
12322,I have white nose hair. So... that's a thing. #surprise #oldmenRus
12323,@lou_is_mad shit @ericandre just favorited that tweetüòÑ#amazed
12324,Got 2 pints for just over a 5ver at my mates local in #London last night. #surprised #tubewankers
12325,
12326,
12327,I went to bed at 12.13am and woke up at 7.11am How the fuck Did I do that?! #amazed
12328,"Y'know what? It's time to step it up. I'm joining the TR.
#Surprise"
12329,"I don't know what made this time so different, but I want it to be like that everytime. üòçüòçüòçüòç #amazed"
12330,@Sinned_Schomber Merry Christmas. I left you a present. üéâüòè #SURPRISE
12331,
12332,Any good for April fools today? Didn't see anything fun at all in the papers #AprilFoolsDay #surprise
12333,Congratz to @Bonang_M for getting the 9am slot on Metro FM . AWESOME upgrade#Radio Changes#Surprise
12334,
12335,Omg just seen the lirpa loof jogging along the 5 pit trail near me #surprised
12336,"""the more fruit and vegetables people ate, the less likely they were to die - at any given age"" - stunning. Who'd have thought it?! #Amazed"
12337,@Ce_BeeSa how do you know Mr Barth? #surprised
12338,"I can't wait to go away with Jords! 3 weeks, so excited. #surprise #ispoilhim"
12339,"Just seen someone using a phone box, bloody hell #amazed"
12340,"Had 5am alarm set to my Pandora radio ""Vivaldi"" station. It chose to wake me with Carmina Burana/O Fortuna instead. Bastards. #startled"
12341,Just finished watching the season finale of @HIMYM_CBS #NothingToSay #Surprised
12342,Pero got home and my uncle's family are already here #surprised
12343,
12344,enjoying Pippin. #amazed
12345,"It seems like of those night,we ditch the whole scene It seems like of those night,we won't be sleeping... #amazed #flashback"
12346,"Yeah, We're happy free confused and lonely at the same time It's miserable and magical, oh, yeah...~ #amazed #flashback #22 #91015 #11127"
12347,
12348,"There is hope beyond the suffering, Joy beyond the tears. Peace in every tragedy, and love that conquers fear #ourGod #amazed #loved"
12349,
12350,@MarcAndKimShow it sounds like there are dragons flying through my bathroom this morning! #AprilFool #startled
12351,The soonest appointment I can get at my dentist for a check up at a reasonable time I can finish work is 8th may. Incredible. #surprised
12352,Soup for lunch.. Or so I thought! Maybe chicken jalfrezi then.. No! Paprika chicken it is.. Scrummy but not what I was expecting #surprise
12353,So we made it to 12 o'clock without any new DfE policy announcements? #surprised
12354,
12355,"Its Tuesday, yeah.lol and omfg the new @Architectsuk album just blew my mind and then put it back together,wow! #amazed"
12356,A gift from unknown person ‚ÄºÔ∏è‚ÄºÔ∏è‚ÄºÔ∏è‚ÅâÔ∏èüò≥üôàüôàüôàüôàüôàüôàüëÄ. #surprise
12357,2 months till our first anniversary... Need to get planning! #Surprise
12358,
12359,My babies are on spring break in Florida with Grandma. They have no idea Ive flown in to surprise them! #Surprise #DisneyWorld #Excited
12360,Just watched the #HIMYMFinale and I just dunno how to feel #Surprised #TotesEmosh
12361,
12362,"I think my days of the ""I'm transferring schools"" April fools joke are over.. Considering I actually did transfer schools üò≥üòÖ #Surprise"
12363,
12364,
12365,"@danlongo last night 7 teenage boys came in at 10:10 and I was like ""to go?"" and they were like ""no for here"" #theymadeamess #surprise"
12366,
12367,
12368,
12369,
12370,"called revenue quebec, didn't have to wait for someone and they were actually helpful. #surprised"
12371,Wow did not realise how good HTC actually are #amazed
12372,"As a joke, I told my mom I got a tattoo last night &amp; she asked me on what body part. I thought she would freak out... #surprised #AprilFool"
12373,UND closed 2 days in a row! WOW they probably haven't done that since the flood in 97' #Amazed
12374,
12375,I never thought my students would love Fractions this way. #surprised #math #fractions
12376,"""The secret to humor is surprise."" ~Aristotle #quote #qotd #humor #surprise #secrets #aprilfools"
12377,
12378,
12379,
12380,
12381,Wisconsin is getting NO love from the media ... #Surprise #Underdogs
12382,Whoever left the lindt chocolate on my desk - bless you! #chocolate #surprise #yummy #treat
12383,"It's so hot Sam. Not that I don't appreciate the not-winter weather, but damn RTV. #sweating #surprise"
12384,Oh. We have a test in math. #surprise
12385,"Finally home. What a tuesday! Daming nangyari, ang daming surpresa Ni Lord. Grabeeee.. #amazed #promoted #fulltime #pushnatinto"
12386,More people can tell us apart than I thought #twinning #finaly #surprised
12387,still can't believe na naka one point something ko sa genetics kag histo after gnhatag ni sir ang midterm grades... #mindblown #amazed
12388,
12389,#Divergent was better than I thought it would be. #surprised
12390,
12391,"So I lit fireworks in honor of April Fools today.

Really loud ones.

At 2 am.

In my parents room.

#surprise"
12392,Super Mario's Luigi has just got on my bus #amazed
12393,So google added pokemon you can catch to the google maps app... Just press start #amazed
12394,Dang it's been over 2 months And I believe 2 weeks alreadyüëÄüôà #cool #surprised
12395,When you get more then 10 likes on your instagram and your just like is this for real!!:o #surprise
12396,Buy a new aux cord and find my old one. #surprise
12397,
12398,
12399,
12400,Yes YOU Sandra! #surprise #priceisright
12401,"""Did you know Jess loves cycling? Like she follows it professionally""-@mtking1005 ""Yea, I got that from social media"" #DoinItRight #Surprise"
12402,
12403,@KaylaRacine is an April foolz joke errybody #surprise
12404,"Dear Gavel Club..
You guys are seriously awesome 
#UoM #StudentSociety #surprised"
12405,
12406,Taco Bell breakfast was pretty good #surprised
12407,yet another fight #surprise
12408,We really did have inspections again! #surprise #didntseethatcoming #vistaway
12409,Everybody knows everybody on my TL. Its crazy how connected ppl are #amazed
12410,
12411,Found out I was pregnant 21 years ago today with one of the best kids ever @h_dawnn üò≥üò≥ #AprilFoolsDay#blessing#surprise
12412,
12413,
12414,
12415,What a gorgeous day! First I'm seeing of it mind you! üôà‚òÄÔ∏è#surprise #stuckindoors
12416,"Woke up wondering who was pouring out a bucket at 4am, then sprinted outside in my underwear to cover my #datsun. #surprise #rain #510 #wet"
12417,put clear nail polish on my moms bar of soap last night üíÅ she showers every morning #surprise
12418,"Yes. It is sunny outside. It's also 37 degrees. That, friends, is not shorts and a t-shirt weather. #surprise"
12419,@PyroOhio: What did you think about the HIMYM finale? #HIMYMFinale #HIMYM #spoilers  kinda tucked up to bring mom in and then BAM! #surprise
12420,
12421,Future light bright! Lol #amazed
12422,Tiger's not playing the Masters!! #surprise #MastersCountdown #notgoodnews
12423,
12424,"Just got done playing 2 v 2 with ex prisoners and beat em 
#threes #surprised"
12425,The sneak cops in Oregon drive brand spankin' new Camaros. #surprise
12426,"wow, the in-home streaming of @steam_games has incredible performance! Even over the freaking wi-fi there's no delay! #amazed"
12427,@googlemaps just played one of the best April fools pranks ever on all pokemon fans/trainers. #amazed #gotmyhopesupfornothing
12428,WOW everyone is pregnant today! #babiesbabiesbabies #surprise
12429,Guess what I'm doing... WAITING FOR FRIED RICE AND ORANGE CHICKEN. #surprise #panda
12430,
12431,accidentally putting on @FrencHMonTanA pandora instead of @FLAGALine can really catch you off guard #surprise #notcountry
12432,I didn't know dogs could snore :D #amazed
12433,I don't know how Bob Ross can be a beast at painting a tree!!! I mean he makes it look so easy! #happytree #amazed #speechless
12434,
12435,
12436,"@ChampionsLeague Night :DD

#Barca #ManUtd #Bayern #AtleticoMadrid 

#Villa #Messi :D

Hope to see some great moves todayy :D

#Amazement"
12437,Think she's finally letting me take her out. :o #surprised
12438,Feeling pity for those souls who have their birthday today and ppl still take it as an April Fool's Joke @guwahaticity ... #amazed
12439,
12440,There's 2 Blue Derbies (250 points each) and a GOLDEN DERBY (500 points) on mountain view property today #surprise #DerbyDays14
12441,
12442,
12443,Nice workout today! 4 girls sub 5 soon? 4 boys sub 9:20? #amazed
12444,
12445,Actually I just never was God #Surprise
12446,Just found out that I'm going to be a father!!!!!! #thankful #excited #surprised #parenthood
12447,Thank you @SMGuitars for helping me get a Distinction in my @RGT_Guitar Electric guitar Grade 2 exam! #amazed #wellchuffed
12448,I'm seriously considering moving to Vegas with Emma and she doesn't even know it #surprise #missmybestfriend
12449,@swedishousemfia making their twitter experience just as amazing as their shows #amazed
12450,
12451,THERE IS NOT ONE STARBUCKS IN SOUTH AFRICA #firsttimeforeverything #amazed
12452,Since when I became so heartless! #surprised
12453,Is it a knife? #surprise #TheArchers
12454,"Hey @biasport backers,  @EELiveShow noon tomorrow on the free expo floor, find out what's inside your device. #surprise"
12455,Could it be that Spring really does exist??!   #amazed
12456,Getting treats together. #surprise #spoiling #worthit
12457,"#LibCrib 
ALEC funded groups write legislation for #GOP. In related news, Christies lawyer exonerates Christie in bridge scandal.
#Surprise"
12458,can't believe I was still surprised... totally caught off guard! thanks guys :) #surprise #birthday
12459,Backing the Red Devils to deliver tonight!!! #GGMU #Surprise #Underdogs #UCL
12460,There's nothing quite like finding out there's an 8 page paper due at midnight... #surprise #IWishItWasAJoke #ButNoThisIsReal
12461,"On paper, the @Angels look stout. Wouldn't be surprised if they make the big show. #MLB @MLB #Paper #Stout #Surprised #Show #Hashtag"
12462,"The smell of your skin, the taste of your kiss, the way you whisper in the dark, your hair all around me, baby you surround me! #amazed"
12463,I'm always the one who falls for April Fools tricks. That's three in one day. #amazed
12464,They're opening up a Sporting Life in Markville Mall?! #surprised
12465,Best news I've heard all day!üòÉ #surprised
12466,First sunburn of the year and many more to come #surprise
12467,Tomorrow may be the day. ... #surprise
12468,Learning about this snake that was 48feet long and that could kill rhinos üò≥üò≥üò≥ #titanoboa üêç#amazed
12469,
12470,"Moms bday this month, already have her day planned out üëå #surprise"
12471,"@marissadeyak @Cassieswanson30 I hate talkin in front of people, and Public Speaking ended up being my Fav class last semester! #surprised"
12472,
12473,
12474,Welbeck is actually playing football .... Wowwwwww #surprised
12475,Has @ShanErasmus been sucked up by ALIENS ahhahaha LOL #oopsy #OHNO!! #surprised #eyeswideopen
12476,
12477,Really good start from Utd! #Surprised
12478,@ManUtd came guns a blazing‚Ä¶#surprised #MUFCFCB
12479,
12480,My family has remained so strong. #Amazed
12481,Some of you may remember I bought a wee bonsai  tree before Christmas. Well it's now April and it's still going strong. #surprised
12482,"a cold, vegan sambosa from lksc is not a bad way to go for lunch in a time crunch #surprised"
12483,#surprise #AprilFoolsDay
12484,
12485,Eek! Used to lovvvve jlovehew as a brunette! Shes a blonde now! #surprise
12486,Is it just silly of me to expect people who proclaim to be Christian to act like a Christian? #amazed
12487,
12488,@JerrySeinfeld my sisters and I got my dad tickets to see your show at the Dow event center for his 50th how should we tell him #surprise
12489,
12490,Haha! How God works is funny #amazed#daymade
12491,That HIMYM finale doe....truly shocking #surprised
12492,Mrs K watching Holby just screamed. #surprise
12493,
12494,"Slowly but surely, U wearing off...#surprised #expirydate"
12495,@PaulKeeping8 they're doing alright mate. #surprised
12496,
12497,I really didn't think Man United would scored first #surprised
12498,
12499,Real Madrid fans going for athletico #surprised
12500,So barca &amp; bayern are loosing! What a night #amazed
12501,* Who knew Amy Schumer actually would get famous &amp; have her own show?! #UmmWhat #Surprised #Shocked #CongratsGirl
12502,
12503,Wow. My old Samsung S3 (dev phone) just updated to Jelly Bean! #surprise
12504,
12505,
12506,#Mlbnow #surprised
12507,Free tickets to see Matilda in London for next Saturday? Don't mind if we do @Jemma_Larham @alex_ottley #surprise
12508,Can't believe they're gonna let me be Mr. Rugby.... #astonished
12509,Wow it's 4:35 and I'm not asleep yet. #surprised
12510,Can't believe the football results tonight #surprise
12511,Shigley steals 3rd! #surprise
12512,My car is sooo clean#amazed
12513,Didn't see that happening tonight.. United played well #surprised
12514,
12515,When Bella girl brings my shoes from the room to the lounge 2put on my feet... seriously how does a 10 month old know 2do that...#astonished
12516,
12517,"Does someone want to help me make a Tardis pinata for my sister's surprise party? &gt;&gt;&gt;

#doctorwho #surprise #party"
12518,After today I should get an award for best girlfriend everüòÅüòÅüòÅ #Surprise
12519,Wooo go Marvin! #hair #surprised
12520,
12521,"Just watched two episodes of Benidorm. Hadn't seen it before, it was actually pretty funny. Don't judge me. #surprised"
12522,
12523,Shhh dont tell him #surprise
12524,What?! @BarackObama announced today that he's resigning because he just can't handle all the pressure anymore?! #surprised
12525,"Just watched Living with autism, really interesting to see how they see the world #amazed"
12526,I'm not creative enough to fool people so I just stab them when they aren't looking #surprise #aprilfools
12527,
12528,
12529,I jus pepper sprayed my boifriend #savages #surprise #nottruluv
12530,"We don't have control over our destiny, so be careful what will surprise you. #be #careful #of #your #destiny #true #cool #agree #surprise"
12531,
12532,
12533,When my speech prof said we were giving impromptu speeches today... april fools?? No. So serious. #Surprise #YouSneakyTeacher
12534,You can actually sign out Twitter? when did this happen?!?! #amazed #mynewdiscovery
12535,
12536,
12537,
12538,I love my friends so much ‚ù§Ô∏è‚ù§Ô∏è#shaking #surprised #almostpeedmyself
12539,Tomorrow is the big day! I announce what @MickieMueller @SierraKat and I have been up to. I think you're going to like it! #surprise
12540,
12541,Well i think that was successful #Prom2014 #Kisses (#HERSHEY'S) #Blindsided #Surprise #Ithink
12542,"Everyone go on Netflix right now and watch the mindbending feature film, Sizzlin' Bacon. #Amazed #Wow #PABITS"
12543,
12544,
12545,
12546,
12547,
12548,Who's excited for tonight's podcast? We've just started drinking so expect some drunken ramblings and a new theme tune #surprise #podcast
12549,
12550,Well me and oomf talked todayüëå #Surprised
12551,walk into class &amp; @Jordan_Wilson_ is sitting next to me. #SURPRISE
12552,Eiffel tower was definitley worth it ÓÑÜÓîâ  #amazed
12553,Law abiding citizen never gets old #Amazed #OhButler
12554,"I'm such a lovely daughter, buying mum &amp; me tickets to Sarah Millican for her birthday next month üëç #yay #surprise #noonetellher"
12555,Omg the shower is RUNNING! #Surprised
12556,
12557,And my sister is pregnant with child number 7 haha good lord my family just keeps getting bigger!! #surprise #noaprilfoolsjoke #aunt4life
12558,"Can't wait til my mama gets home, haven't seen her in like 2 weeks üòäüíì #surprise"
12559,That time my dog was highly confused when we went for a drive...me being in the drivers seat #thecutest #oppsimadrivernow #surprise
12560,
12561,How can you make that silly mistake?? #Surprised
12562,My girl(7yr old)wouldn't tell me yesterday who she was going 2 dress like Wed for who u admire day.Found out its me #HowSweetIsThat #Amazed
12563,"Terkaget kaget...

#Surprise"
12564,Gavin DeGraw is opening for Billy Joel rn #surprise
12565,
12566,
12567,
12568,
12569,
12570,
12571,
12572,
12573,
12574,
12575,
12576,
12577,
12578,
12579,
12580,
12581,
12582,
12583,
12584,
12585,
12586,
12587,
12588,
12589,
12590,
12591,
12592,
12593,
12594,
12595,
12596,
12597,
12598,
12599,
12600,
12601,
12602,
12603,
12604,
12605,
12606,
12607,
12608,
12609,
12610,
12611,
12612,
12613,
12614,
12615,
12616,
12617,
12618,
12619,
12620,
12621,
12622,
12623,
12624,
12625,
12626,
12627,
12628,
12629,
12630,
12631,
12632,
12633,
12634,
12635,
12636,
12637,
12638,
12639,
12640,
12641,
12642,
12643,
12644,
12645,
12646,
12647,
12648,
12649,
12650,
12651,
12652,
12653,
12654,
12655,
12656,
12657,
12658,
12659,
12660,
12661,
12662,
12663,
12664,
12665,
12666,
12667,
12668,
12669,
12670,
12671,
12672,
12673,
12674,
12675,
12676,
12677,
12678,
12679,
12680,
12681,
12682,
12683,
12684,
12685,
12686,
12687,
12688,
12689,
12690,
12691,
12692,
12693,
12694,
12695,
12696,
12697,
12698,
12699,
12700,
12701,
12702,
12703,
12704,
12705,
12706,
12707,
12708,
12709,
12710,
12711,
12712,
12713,
12714,
12715,
12716,
12717,
12718,
12719,
12720,
12721,
12722,
12723,
12724,
12725,
12726,
12727,
12728,
12729,
12730,
12731,
12732,
12733,
12734,
12735,
12736,
12737,
12738,
12739,
12740,
12741,
12742,
12743,
12744,
12745,
12746,
12747,
12748,
12749,
12750,
12751,
12752,
12753,
12754,
12755,
12756,
12757,
12758,
12759,
12760,
12761,
12762,
12763,
12764,
12765,
12766,
12767,
12768,
12769,
12770,
12771,
12772,
12773,
12774,
12775,
12776,
12777,
12778,
12779,
12780,
12781,
12782,
12783,
12784,
12785,
12786,
12787,
12788,
12789,
12790,
12791,
12792,
12793,
12794,
12795,
12796,
12797,
12798,
12799,
12800,
12801,
12802,
12803,
12804,
12805,
12806,
12807,
12808,
12809,
12810,
12811,
12812,
12813,
12814,
12815,
12816,
12817,
12818,
12819,
12820,
12821,
12822,
12823,
12824,
12825,
12826,
12827,
12828,
12829,
12830,
12831,
12832,
12833,
12834,
12835,
12836,
12837,
12838,
12839,
12840,
12841,
12842,
12843,
12844,
12845,
12846,
12847,
12848,
12849,
12850,
12851,
12852,
12853,
12854,
12855,
12856,
12857,
12858,
12859,
12860,
12861,
12862,
12863,
12864,
12865,
12866,
12867,
12868,
12869,
12870,
12871,
12872,
12873,
12874,
12875,From Letterman to a surprise private Lady Gaga concert.... #whaaaaaaaaaaaaaaaat #surprise
12876,@vilem_vok #comingsoon #surprise
12877,
12878,
12879,
12880,Lowkey want sum crawfish....lol #Surprised
12881,Great to have the very talented @christaackroyd in this evening. Looking forward to the finished product from @LeeOtway #surprise
12882,why wouldou make your #SeasonFinale an #attack on ur own #show? #FridayNightTykes @tykes . thats all it was with a very soft host.#surprised
12883,Derek Minor kills it literally every song he does. #Amazed
12884,
12885,Did you know that most psychological disorders are triggered by traumatic experiences? Life on this world is traumatic dont be #surprised
12886,7 weeks for #NRL tip tackle that cripples a player yet people in that are game saying 7 weeks is too harsh. Am I missing something? #amazed
12887,So I recorded #ChicagoFire and #GypsySisters tonight and #TheSmoke is on tomorrow can Wednesdays and thursdays get any better:D #Amazed
12888,
12889,currently choking #surprise
12890,"April 2, 2014: Ate my plate clean in the CAF and seriously considered getting seconds. Someone mark it down. #surprise"
12891,...Sonny's not sorry #GH #Surprise
12892,"Confused as to why Lil Jon ""Get Low"" just came on spotify while I was listening to top 100 country songs playlist lmao #surprise"
12893,
12894,It's amazing how the body remembers how to do skills after 5 years! #amazed #wonderful
12895,surprised my parents with tickets to tonights Mets game and they're sending me selfies at their seats! #sopresh #surprise #ILoveYou
12896,"You no he's the one when he's waiting at the door to open it up, kisses you &amp; says "" you look beautiful today"" #amazed #loved #hestheone"
12897,I honestly cant believe we got through this #amazed
12898,Im leaving work and its still light out. #amazed #yayspring
12899,
12900,
12901,My maxi dress finally came in today &amp; I actually love it üòª #surprised
12902,
12903,
12904,So I'm moving to Hawaii #surprise
12905,Ahhhhhhhhhhhhh its the little things :) #surprise #missionaryletter
12906,Heh.. Just found a .22 shell casing in my pocket. Leftover from last range visit. #surprise
12907,Looking closely at a bug on the window and realizing it's two bugs having sex. #Surprise
12908,"@jtimberlake was amazing tonight, such a talented singer, musician, dancer and song writer. What a performance #amazed"
12909,
12910,
12911,Loved seeing the looks on the faces of all my @Rockies coworker fans when I rolled in wearing all my @Mets gear today. #surprise
12912,Well that was mean #surprised
12913,Well that went better than expected #surprise #illtakeit
12914,This Cirque du Soliel Varekai is incredible  #amazed
12915,
12916,
12917,"I thought I ate all the chips, but when I got up I found another one where I was sitting #surprise"
12918,
12919,
12920,"I guess what's what happens when I don't jump, tuck or tumble for over a month lol #surprise"
12921,Colton's actually watching Frozen with me‚ò∫Ô∏èüôäüíï #surprised
12922,Survivor shocker #surprise
12923,My girlfriend is one of a kind üëå‚ù§ #amazed #proudofyou
12924,
12925,an SUV tried to french kiss me last night but I stiff armed it instead #surprise #runnerproblems #focus
12926,
12927,@DrayaFace can't wait for next weeks episode üëäüòÅ #surprise
12928,wow Pek is hurt again? #surprise
12929,
12930,When hector repeats things in English that I said to my mom in Urdu üòÇüòÇ #surprised
12931,
12932,@AmericanIdol  @ImDexterRoberts #Amazed #IdolRequest
12933,
12934,That awkward moment when you walk into the gym to surprise your bf and YOURE THE ONLY GIRL THERE #Surprise
12935,Wahh! Thank You Lord! PINASmile mo ako! #summer2014 #excited #surprise #Faith
12936,"Just saying, I've never retweeted anything that threatened me with with illness/ misfortune and none of it has happened to me #surprise"
12937,So thankful for Student Ministry tonight. Had the opportunity to see another student surrender to Jesus tonight! #blessed #amazed #humbled
12938,"Wow, you're not the person I expected you to be! #surprised"
12939,
12940,
12941,"It's scary when I hear the places people aspire for me to work at in the future, a lot faith from a lot of people. #humbledbygrace #amazed"
12942,
12943,
12944,
12945,"@jamesvmcmorrow's voice is out of this world good! If you're looking for me, I'm currently in a puddle, on the floor. #melting #amazed #ugh"
12946,Dang @Nashville_ABC is explosive this week #surprise
12947,
12948,
12949,
12950,@F1abraham  thank you for the follow!! I didn't expect one #nice #surprise
12951,
12952,Going to see @benpobjie tonight #surprise
12953,
12954,"53 goals since Olympics.. 28 by Grand Rapid call ups, half of the 28 by Nyquist himself #wow #amazed"
12955,
12956,Plot twist: I texted you because I wanted to talk to you #surprise
12957,I'm speechless... #shocked #surprise #metoo
12958,
12959,If you haven't heard 106.9 The Bear recently you should definitely take a listen #surprise
12960,
12961,It's okay cause I'm not real #surprise
12962,
12963,yup definitely just watched the YouTube video of Hart Dance at Nationals about 5 times in a row #amazed
12964,I sure do love divine appointments and Gods specific work in life! #amazed
12965,
12966,wow Disney is playing an old episode of Hannah Montana.. #surprised
12967,
12968,I dropped my wallet while locking up my bike &amp; someone called 10 mins later to let me know! #amazed #needbetterpockets
12969,Being a part of BAC is such a blessing #amazed #family
12970,
12971,Holy of all fit bodies!....... #amazed #motivation
12972,Another soldier of a war of invading the wrong country with ignored and untreated mental health issues and a gun #surprise
12973,Awesome group singing Happy Birthday #surprise #one80youthlovethem
12974,My card reading was so crazyüôà #amazed
12975,Played my first softball game EVER tonight and actually hit the ball my first time to swing! #surprised #softball #
12976,Aguilar says @Greenlining won't be in #oakland for a year. So far bldg ownership has not been easy. Not good govt customer service #surprise
12977,I have an amazing and beautiful girlfriend #amazed #blessed
12978,
12979,
12980,
12981,i will never get over of how the ppl in the step up movies dance #amazed
12982,My parents just found out about my tattoos #er #surprise
12983,@ashley_haw wow.... That's really moving Ashley! #amazed
12984,The gasps I just got when Skype friends found out I'll be taking AP Calc next year! haha #Surprise #NerdTastical
12985,
12986,How about the Rangers came back and won it! #surprised
12987,It has no future when you stop getting butterflies with every text #amazed #sweet #hopeful #justgettingstarted
12988,Holy shit it's #DosACero #Surprise #USMNT #USAvMEX
12989,"Brandon picked me up from my house at 10pm after his class let out. In my pjs, headband, makeup rubbed off. #surprise #adventure"
12990,
12991,I love how my boyfriend brought me cupcakes. #surprise
12992,You never know when God will bring the most amazing people in your life right when u need them #amazed #lovinglife #thankuJesus
12993,Never thought confirmation would actually be fun #surprised
12994,
12995,So blessed by the people in my life and the ways they love me so well #thankful #amazed
12996,
12997,I got this ugly sponge pedi thing from walmart yesterday for a dollar but my feet have never felt better. Better than any peti #surprised
12998,Screwed up with out even doing anything üëå #astonished #firsttimeforeverything
12999,Cubs showing some pitching depth right now! #SURPRISED
13000,
13001,Ean is in Monmouth #surprise #birthday
13002,That awkward moment when you hear a rumor about yourself at work... #surprised
13003,It was nice talking to a guy closeish to my age that has children #amazed
13004,If you want to see real talent go on YouTube and watch 2 cellos #amazed
13005,The word of God is alive and powerful. #NothingLikeIt #Amazed
13006,Still Cant sleep  #surprise
13007,
13008,Walked a way from a lovely evening out with @posiegirl @jspeights and @ironmaus with a desire to play a Buffy-themed tabletop game #surprise
13009,
13010,Fucking Mexicoüòß #surprised
13011,"Little kids can be so deep, man. #amazed"
13012,"Ladies: If you have large, fake breasts and you have someone body paint a tiger on your torso, that tiger only looks #SURPRISED"
13013,"Farewell Party Later !! :) :D :* Guyss guyss guyss....way hilakay hup !!

#Surprise"
13014,yay! i got a package today in the mail and it was books from my aunt so i can learn slovak!! :D #surprise #yay #iamslovak #factsaboutanna
13015,Really leading me to reevaluate things haha. School in five hours. Homework left. Let's go. #Amazed
13016,Wow a tie? I stopped watching the game because I thought USA was going to win for sure. #surprised
13017,
13018,Skrillex new album though&gt;&gt;&gt;&gt; #Amazed #Stranger
13019,Easily one if the best birthdays ever! #bestfriends #family #surprise
13020,
13021,"Just realized that the voice of ""Gossip Girl"" that is in every episode is Kristen Bell! #WOW #amazed"
13022,So...lime flavored Wheat Thins...that's a thing? #surprised #notbad
13023,@AVeryLazyBoy 's crib. #surprise
13024,
13025,
13026,And to my sneaky besties y'all got me goodüòâ @lizzzmanning @oliviaaapack @natbinder12 @rachelmsalinas @MeanMadSwag @sarahaulsbrook #surprise
13027,"Awesome couple of days, hotel and dinner then swimming, sauna, hottub and to top it off ice skating #luckygirl #surprise"
13028,
13029,
13030,
13031,Laughing my ass off at you already talking shit bout me #Surprised #OrNah
13032,Surprise me before I want to chuck the towel in. #surpriseme #surprise #letmeknowbeforeigo
13033,What a nice surprise to find more money in my account than there should have been #surprised
13034,"Played most(?) Of @GoneHomeGame tonight. In Love. Check out its metacritic and find out that ""users"" are infantile philistines. #surprise"
13035,
13036,Husband loves to have some cookies and tea after work. #surprise #homeMade #welcomeHomeHoney #Baking #KookenGenietRecipeBook #best
13037,I just got awesome feedback on my #music #lesson. The second lesson I have EVER taught. #classteacher #teachingpractice #amazed
13038,I didn't even think Michaela knew who kid ink was lmaoo #Surprised
13039,
13040,
13041,Working with Conservation Team #BrandonMarsh near top reed bed &amp; amazingly there is a Grasshopper Warbler reeling about 100yds away #amazed
13042,Vandaag is een spannende dag voor Elmos. We'll keep you posted! #elmos #excited #launch #surprise
13043,
13044,
13045,
13046,"got so warm during the night i woke up naked, oooops! #surprise #warm #naked #sleepstripper"
13047,Accidental earl grey tea. I wanted English breakfast #surprise
13048,
13049,#amazed #Makerland
13050,
13051,All I want is to take a puppy on a walk at twin lakes but bre is being a jerk #surprise #abusivewoman #Subtweet
13052,"When I moved @ work I was forced into managing the coffee club. Haha jokes on them, after 2 weeks I am making BANK. üëçüëåüíµüò¶
#surprise #surprise"
13053,Another school day.. #tired #surprised #canada
13054,
13055,Seen a kid with a slide phone and not an Iphone:-) #surprised
13056,
13057,
13058,By now Catherine would've saying she's not feeling good and tired havnt got a single text #surprised
13059,@shavonna_c I see ur gurl working today lol #surprise
13060,0MG hafeez resigned  :o itni jldi? ? #surprised
13061,Got through o'hare to my gate in less than 10 min. #Amazed #imcominghome
13062,
13063,@tweetacoffee to @peady Enjoy a coffee! #surprise #random
13064,"It seems mother doesn't like pastrami! 
#surprised"
13065,For the past hour and a half I have thought it was Friday. #itsThursday #surprise
13066,So we woke oh today to tonsssss of snow! ‚ùÑÔ∏è‚ùÑÔ∏è‚ùÑÔ∏è‚ùÑÔ∏è #amazed #clearlyfromaz #sorrynotsorry
13067,The top 3 out of 4 Hot 100 songs are by black men that sing and not rap. #surprised
13068,
13069,ok so my gift has legs.  #Surprise #surprisegift #idontknowwhatcanbeinboxbecausetheydonttellmeandimsocurious
13070,
13071,In complete shock and filled with happy emotions today! #expecting #mommytobe #surprise
13072,Seems the British govenment has given #Microsoft 5 million quid to support #XP for another year. #Saves me #tasks at the weekend! #Surprise
13073,"and indeed, we live in a small world. People come back to you, and won't even know how all of it worked out! #Amazed #life"
13074,
13075,
13076,
13077,
13078,"Introducing New Pears Soft &amp; Fresh, so you can have younger looking skin all summer long! #Pears #Surprise #Beauty #Summer"
13079,I can't believe it.. sitting at school. With a iced caramel Maciato and a toasted sandwich.... who knew school could be this fun #surprised
13080,Going out to breakfast with him‚ô• just cute:3 #Excited #Surprised #CantWait
13081,
13082,So happy I got to see @mattlynch96 today #surprise #missedmybestfriend
13083,"Studios broken into the other day, might be because the bloke next to me has got a great big apple mac on display in the window! #surprise"
13084,Amy's birthdaaaaay today! #surprise #cantwait
13085,A man just rang me and was disgusted that I didn't want to hear about how he could save me money on life insurance?! #surprise
13086,Feel like I'm at church thismorning in chapel with @cjmills and @drea_mills leading worship! #surprise #goodjob
13087,@mattt_man11 I saw a tweet about lacrosse and it wasn't yours #surprised
13088,
13089,Just saw the @EC2blog paint projects #cwts2014 I bet @classyclutter4 never wants to see another craft paint bottle again! #amazed
13090,
13091,
13092,Opening a familiar app to find an updated interface is possibly one of our favorite things in the world. #surprise
13093,"Alright Army, get ready for something huge tomorrow! #surprise"
13094,Got myself a half bag of air.  #camewithchips #surprise
13095,@GrantWahl do we need to talk about Landon's belly? #outofshape #surprised #USAvMEX #USMNT
13096,
13097,my sister is 3 months from 17 and still loves driving #amazed
13098,
13099,
13100,Found out Nathan from castle is in Dracula 2000!!!! #castle #wow #ahhhh #surprise #cantbelieveit #caughtoffgaurd
13101,Reviewed the new @RokkMedia website with the team this morning - due to launch later this month. Have to say I was BLOWN away! #Amazed
13102,I just really can not comprehend why anyone would think its ok to take their roommates stuff without even telling them.... #amazed
13103,Wow bailey isn't at school today #surprise
13104,Call me VaDressa today bc dress #surprise
13105,
13106,Just chilling at home waiting for dad to come home. He thinks I flew to Fiji #surprise
13107,excited about a big San Antonio party teaming up with a famous #ibiza brand....news on this juicy story coming next week #surprise
13108,"@clarebearmartin i have just discovered that in actual fact my mattress is quite firm, I'm thinking a number 2! #surprised"
13109,I'm very excited about something that's going to launch in 'the Fall' that combines two of my most favourite things :-) #surprise
13110,That moment when you open the door to your hotel room and people are in the bed sleeping... #surprise #frontdeskproblems
13111,
13112,
13113,
13114,The bad thing about having a case on your phone is not knowing you shattered the back of it until you take it offüí• #SURPRISE
13115,I love it when you meet a polite Septa worker #surprise
13116,Oh wow. They dirested a film based on the novel 2 States by Chetan Bhagat. I remember reading it. It was so good. #Surprised
13117,Can't wait until my birthday now #plans #boyo #lucky #sweet #surprise
13118,"My feet are seriously only a size 3 now, how can they shrink 2 sizes!?? üò≥ #amazed"
13119,
13120,
13121,@BriSolo I JUST REALIZED I DONT FOLLOW YOU ON TWITTER LIKE WHY WOULDNT I FOLLOW YOU ON TWITTER #surprised #yelling
13122,Quando a florista te vem entregar flores a casa... #best #boyfriend #surprise #lovedit #amazing #happybirthday #to #me #birthdaygirl
13123,My grandpa who has early dementia and whom I haven't seen 8 years randomly stopped by to say hey and instantly knew who I was. #Surprised
13124,
13125,
13126,I'm waiting for Iris #surprise #BBMzansi
13127,"Iris will be interesting to listen to, she is not predictable #surprise #BBMzansi"
13128,
13129,
13130,
13131,Takes 30 mins to drive to the closest McDonald's. #amazed
13132,There are so many different things you can stuff in crescent rolls.... #amazed #goincrazy
13133,Daughter is over the moon about engagement to @teenytina  Son couldn't give a monkeys as he is too busy on Minecraft. :) #surprise
13134,
13135,Hate when the tip hits the water  #surprise
13136,Come@on cubs!!! Keep it up! Bonifacio... #amazed #gocubsgo
13137,Calum check the pocket from the sweater you wore in berliiin @Calum5SOS #Surprise
13138,Holiday booked. üòçüòÅ‚ù§Ô∏è. @C11RRP You still don't know where we're going. üòè #Surprise
13139,Sol em Dublin!!!! #surprise #missyou #beatiful #sunshine
13140,
13141,@Kirs10H @HuricaneCarly @prichards2015 Pharmacotherapy is entertaining today! Why have we not met this man b4? #surprise #Alinaneedstwitter
13142,
13143,
13144,
13145,
13146,Good things about having a fancy phone you don't know who is texting you until you open it. It's like Christmas over and over! #surprise
13147,Getting another dog in exactly a month from now! #surprise
13148,I am going to be a cousin to TWINS!!! #blessed #amazed
13149,"o hey wine headache, nice of you to join us 6 hours AFTER I WOKE UP. #surprise"
13150,
13151,I always thought I enjoyed @JeanBardot for what she offered but I realize now that it is for what she IS.  #Astonishment #LivingPresence
13152,
13153,
13154,A pretend fish was a blessing sent from God to me! #thankful #blessed #surprise
13155,Different week....different obsession. ..#tvd#amazed
13156,
13157,Locking myself in a room. #papersfordays #surprise
13158,
13159,When God says yes :) #amazed
13160,So my aunt and her best friend from Michigan just show up at my house in florida like nbd no warning #surprise
13161,STUDENT CENTER PLAZA. TODAY. 4:15. RETWEET. #SURPRISE
13162,Watching a movie in hammers class again #surprise #notreally
13163,
13164,So today is Kaley's birthday - my daughter is 8 years old today. It is such a blessing to be the dad of such a smart and loving girl #Amazed
13165,
13166,What's this? A gig at the arena and there aren't any yellow shirted 'bouncers' on? #showsec #amazed #letskickoff
13167,
13168,
13169,"Read @WineMixerr 's essay, apparently she's not a complete bimbo üëç #surprised #notabadwriter"
13170,
13171,
13172,"just put my foot right in it, havnt I? #shit #ruined #surprise #welldone"
13173,@mw_murphy Hope you're ready! #surprise #datenight
13174,
13175,
13176,
13177,thats my horsies onüê¥üê¥üê¥üê¥ do me proud! ps cana beleive thers nay 1 called mr unicorn! #surprised #wishmeluck
13178,Giving him d list and he's like....WTF!!!!!......are u building a house in school......#surprised
13179,Surprise your mate with an individual song written for him/her. Send us your memories and get your professional song #BIRTHDAY #surprise
13180,
13181,
13182,"Wow, people actually caring enough to see if I'm okay.. that's a first.  #surprised"
13183,
13184,More big @FactorEssex6 news!! So excited for this I'd scream if my tonsils would allow!!! #surprise #excitement
13185,My dad be getting my mom some nice ass jewelry. üò≥ #Surprise #HappyAnniversary
13186,When I actually work out it feels good #surprise
13187,Still amazed that I can record/pause etc my telly from my phone! #sky+ #amazed #gisalife
13188,OmGod! i jSt caNt bare tO watch Kat sPeaking to mandla!  Gosh Kat mandla wants @van_lexi not u bOo¬° #astonished
13189,
13190,"TY for stopping by #vivemejor lounge earlier at #hispz14! We have a little something for you, come back &amp; see chef @ema_quevedo #surprise"
13191,My boyfriend just quoted a Miley Cyrus song #lifemade #surprised
13192,Not telling my dad I was getting my nose pierced was probably not one of my better ideas üòä #surprise
13193,So happy right now. #Surprised
13194,Surprise party tomorrow #surprise #secret
13195,Well done @miraberis #amazed
13196,@ANUHawksbills has chosen Danza Hyatt ! #shocking #surprise #quality
13197,
13198,That's a love that cant be broken &lt;3 #amazed #loving #feelingloved
13199,that day when your back-ordered item ships and you totally forgot you ordered it in the first place #surprise
13200,The King Soopers/City Market Warehouse is gigantic üò≥ #amazed
13201,Had an impossible amount of patience today. I am NOT patient. God must have provided and known I would need it! #1000gifts #amazed #whoami
13202,"It's taken 39 months, but today the daycare teacher said the boys were ""pretty good"" and played nice with everyone. No timeouts? #amazed"
13203,My cousins are in Town!!!! Wish I had my own car Becuz it would be so easy to go n see my Family!!!! #UGHHH #IMissMyFamilyüò≠üò¢üò∞ #Surprise
13204,Best Baldwin experience of my life just occurred. #nosarcasm #amazed
13205,Today I received my first close-to-naked male model photo in my AFW inbox. #surprise #milestone #NeverADullMoment
13206,literally dying right now! went to sephora with my mommy and got asked if I wanted to put in an application üëçüòçüò≥üòÅüò±üò±üò± #surprised
13207,
13208,@Jpoirier_9 see you tomorrow üéâ #surprise
13209,
13210,
13211,So s/o to the girl who had her baby in the shower #surprise
13212,
13213,
13214,Gonna surprise the babe next week  hopefully üôÜüôÖüíÅ #surprise
13215,Stay tuned! On April 11th #DisneybyDesign will be doing something special for its followers.You won't want to miss it. #surprise #bignews
13216,Watching the Bible series üòäüëèüôå #Amazed
13217,Pretty sure my parents don't even know I'm heading home tomorrow... #surprise
13218,"Gotta clean house, decorate &amp; get ready for my mommas birthday tomorrow! #surprise"
13219,Bartender has not a word of English but makes a pretty nasty Tyson Reimer special üëå #surprise
13220,
13221,Oh my. I didn't realize guacamole doesnt taste like barf! #surprised
13222,
13223,
13224,My united girls got me good #surprised #mybestfriends
13225,@JackieeCatt is on her way üòç #surprise
13226,A handicap girl in my class has a personal typer who types every single word that the professor says.. how does she type so fast.. #amazed
13227,Looks like Joffrey Lupul got hurt again.  #SURPRISE #ohboy
13228,
13229,
13230,"&amp; God continues to bless me, not in ways I was expecting him too but in ways he knew I needed help in. #amazed #thankyou"
13231,
13232,"I come home and my brother, his girlfriend and her baby are staying allll weekend at my house. Great. #surprise #whydidicomehome"
13233,
13234,
13235,
13236,
13237,The trailer for the giver tho!!!!! #awesomeness #excited #amazed
13238,
13239,"That guy who noticed those ""little things"" :) 
#surprised"
13240,I was clearly referring to cass in that last tweet #surprise
13241,
13242,
13243,
13244,Holy crap I have wifi at my house!!! #surprised #finallygotitback
13245,
13246,Wow I can't even describe how good God is and how he brings different people into your life to encourage you like tonight #amazed
13247,
13248,". @taylorswift13 spent 5 hours w/ young patients at Hasbro Children‚Äôs Hospital in Providence, R.I. on Monday. #bigheart #kind #surprise"
13249,No actual fire. #surprise
13250,Totally forgot I signed @caanndice up for Christian mingle LOL I keep getting emails from them #surprise
13251,
13252,
13253,
13254,
13255,MC'S BACK IN MD YALL #surprise
13256,I was going to take a picture of Bridget and Marcy and my flash goes off. Whoops! #surprise
13257,I can't wait for Tuesday!! @kyrastarlites #kayla üíïüòç #surprise
13258,
13259,
13260,
13261,The Lion King so far is phenomenal! #amazed
13262,
13263,
13264,
13265,Roll the DVR on #Scandal &amp; flip over to FOX5 at 10:30 tonight. You won't be disappointed! @fox5newsdc #surprise
13266,
13267,When the sun comes for it's longest visits. Look up. #Surprise #Summer2014
13268,Ppl love trying to link ya name to odd shit... When putting 2 &amp; 2 together goes entirely wrong #Amazed
13269,
13270,Astros are actually hitting the ball lol #surprise #surprise
13271,Some mistake my chill nature for weakness. They don't know me. I pick my battles. You don't want to be in that battle. #surprise #warrior
13272,.@CatWhispurrer #HRM solicitor would-be #Brindi-killer Salsman is lurking on twitter with hidden tweets - name: @northeasterly #surprise
13273,Check your phone in 3...2...1 @P_getGold  #surprise
13274,When I attack my boyfriend after my show and almost made him fall üëå #surprise #Attack
13275,So I have business cards and I didn't know it. A guest asked my name as she looked through the cards and found them. #surprise #cool
13276,Wow The leafs didn't choke #surprise #what
13277,
13278,
13279,I actually got him to talk wow!! #surprised
13280,
13281,It's so cool when you can see the way God works in your life! #amazed
13282,
13283,#BLL I get to be a #BigSister for the next 30 minuets! #surprise
13284,He always puts you in the perfect place at the perfect time... Who? God. #amazed
13285,
13286,
13287,That legit got me off my feet. #astonished
13288,The #Blackhawks can still win on the SO? #surprised
13289,I tweeted more than 100 tweets today #wow #shocked #amazed
13290,@BrysenConway you can cook??? #surprised #justkidding
13291,"Since jimmy is doing bunny hop and im watching frozen, im sending him a video of me singing every song ‚ùÑÔ∏è‚õÑÔ∏èüé∂ #surprise #bestmovieever"
13292,
13293,Just an fyi @joyytothaworld I kinda mostly don't like ya...#surprise
13294,The Yankees finally winning #surprised
13295,Came home to a keg #surprised
13296,Words have no meaning... The origins have faded now it's all bullshit #surprise
13297,My granny came home!!!!!! :) #bestbirthdaypresent #surprise
13298,My dad has no idea what's he in for when he wakes up in the morning. #happybirthdaydad #surprise
13299,
13300,Guess who just got emojis for the first time ever??? #andyouthoughticouldntgetmoreannoying #surprise #Johnlivetweetslife #stilldrinking
13301,
13302,
13303,
13304,
13305,The fact that its almost midnight &amp; I've been up since like 8 am &amp; I'm not tired is shocking. #noneedtosleep #stayingup #surprised
13306,
13307,
13308,@Zahann786 to a cop - 'can I get a selfie'... Officer- 'no Piss off' #startled #seeyounexttuesday
13309,Honestly I'm surprise that some of the people at my school can still look young after smoking so much #amazed
13310,Did you actually fall asleep before me? #surprised
13311,
13312,How the hell can some overhead press 315 lB? #amazed
13313,MY LOVAS ARE DA BEST!!!! Already and wonderful birthday üòÑüòÑüëçüòòüòò #surprise
13314,‚ù§Ô∏è swear what I have right now I'm never letting go‚ù§Ô∏èüòäüòÅüíè #heseverythingiwantinaman #amazed #goodfortune
13315,"Plus when Brennan was napping, I looked up all of his classes and left a note on his phone of the good teachers for each course. #surprise"
13316,Captain America 2 is actually a kickass movie #surprised
13317,Sooo Micah just walked through my door! üòä #surprise
13318,
13319,
13320,
13321,
13322,Oh look at that another party at the house. #surprise
13323,
13324,Search for flight MH370. So these Ppl cant find the flight with their so called technology expects? #Surprised
13325,Also will be back to music this next week #excited #remixing #surprise
13326,That moment when you realize the person you're talking to is much smellier than previously considered #surprise
13327,
13328,Whoa...I think someone actually has a crush on me :O #surprised
13329,
13330,I feel like none of you knew this side of me before. The genius side. Now you do. #surprise #genius #lumosity #drunk
13331,
13332,"Gosh, polite young men on the tram - first I'm offered a seat, then one offers to swipe my myki #amazed"
13333,
13334,When you forget you poured tequila in a water bottle and you take a swig of it to swollen medicine ... #surprise
13335,
13336,
13337,
13338,
13339,Just heard of baby metal. Idk how I feel about them but them concerts look AMAZING. #surprised #confused
13340,Even Gay Lib Andrew Sullivan Outraged By Ousting of Mozilla CEO: ‚ÄúIf This Is The Gay Rights Movement Today ‚Äì Then Count Me Out‚Äù‚Ä¶#Surprise
13341,This morning I ran 5K faster than ever! #surprised #runninghappiness
13342,
13343,And turnes out Kate Winslet is British too. Ok. #surprise
13344,
13345,
13346,Islam always integrated everywhere thousand year ago but subhanAllah they suddenly realise that ! #prt #surprise
13347,
13348,The first time i can be on the phone w/ someone for 2+ hrs and the convo never dies! #Amazed
13349,I can literally listen to @TannerPatrick music for hours. #amazed
13350,
13351,
13352,Went downstairs and heard the cleaners complaining about cleaning #surprise
13353,
13354,"Appreciate what u have and be thankful for today,make the best out of it.
#inspired
#surprised"
13355,
13356,@Stevenr1986 Oh I see Steven :-) Good to hear. In fact come into DM's I have a surprise for you ;-) #surprise
13357,Winter Soldier is a pretty solid movie. Wow #CaptainAmerica #amazed
13358,"Got a second interview, I was not expecting that. #surprised #goodday #marketingjob"
13359,#number2 be prepared for wood chips down your pants üòâüå≤ @NicolaLJxx @sammymooneyx @allyx #birthday #surprise
13360,I'm pretty sure I passed out before 11:30pm for the first time since I've had a bedtime... #amazed #college #stressed #lackofsleep
13361,"Someone's next door, I know he's there but doesn't know I'm here #sneaky #surprise"
13362,MORNIN'!! @TheRealAtrain12 #surprise #knockfirst
13363,"Got row 7 @TheSaturdays tix for @SheffCityHall - my son will be sooo excited, it's just after his birthday! #surprise #donttellhim"
13364,"David Attenborough's voice, coupled with the beautiful images of our planet, never ceases to amaze me. Now watching ""Africa"" #amazed"
13365,
13366,Mabil is fkn class. #greatskill #amazed
13367,Should be working with some cool new people in a couple of weeks. Interesting times wish I could say more #JPsPhotography #Surprise
13368,"Got two weird calls today. One guy asking ""Kiran Ko Kahan Rakha Hai"", another one ""Jija Ji, Bol Rahe Ho Kya"". #Amazed"
13369,
13370,"Oh boy, so am playing nipulumuseni by @Wezi_heartsound and this brother be singing along like a back up vocalist.
#MyMyMyMyMy
#Amazed"
13371,
13372,Sooo jealous of Savannah and all of her friends going to Punta Cana:( #takemewithyou #jkimactuallygoing #surprise
13373,
13374,Didn't really want to see the Lego movie today but it was actually quite good #surprised
13375,
13376,The cookies my brother made are actually pretty good... #surprised
13377,Never seen such a posh doctors surgery! #amazed #24hourpromise
13378,Woke up at 7:52. Left the house at 8:00. World record for me #amazed #whathappened
13379,I may just have the best boyfriend ever. Vegas here we come @SamWard92 thanks to @caseyloynds for helpingüíÉ‚úàÔ∏èüá∫üá∏ #21st #birthday #surprise
13380,"On the road again ! Nice&gt;&gt;Avignon&gt;Lyon&gt;Vienne&gt;&gt;CONDRIEU!  
#Surprise #Ninette #Birthday #Ressoi"
13381,
13382,
13383,.@kroooti yesterday I was reminiscing my birthdays at UMBC. #dontcomeyet #surprise
13384,Seeing Barbara Bush woke me up more than any cup of coffee #startled #todayshow
13385,"How great is You, God!!!! #amazed #refreshed #renewed #hyped #worshipnight"
13386,Moms going to be so excited to see me üôàüòç #surprise
13387,
13388,This girl thinks that its over it not #SURPRISE
13389,These admitted students have no idea what's about to go down. #surprise
13390,I actually got into the smarty party!! #surprised
13391,
13392,
13393,
13394,
13395,For the first time ever I received a+++ customer service at Walmart!! someone actually asked me if I needed help. #surprised
13396,
13397,
13398,"The professor gave us the dates to our ""unexpected"" tests. #Surprise"
13399,Spent the last couple of hours on photoshop seeing what I can do for my EOYS... Looking good! #EOYS14 #collage #photography #surprise
13400,My mom actually let me sleep til 10 #amazed
13401,Just getting better - Josh turner also the love of my life is playing on my birthday this summer ! Oh what did I do to deserve this #amazed
13402,"Cant believe I actually woke up for my lab, especially after last night #amazed #lawl"
13403,
13404,I love when I forget that I scheduled extra help :) #hardwork #surprise #helptotherescue
13405,
13406,"Somehow, by the grace if God, I was able to get up at 6 after trying to go back to sleep after going to the bathroom around 530. #Amazed"
13407,Shooting video for a wedding tonight. Bet you guys didn't know I did that #surprise #toomanyhobbies
13408,BCCI tweets are faster than my pirated streaming video link #surprised #wt20
13409,
13410,
13411,"So far, So far! Your love has brought me so far! #feelingthankful #humbled #blessed #amazed"
13412,I can't believe my father would say that.. #surprise
13413,So blessed in our youth fellowship. Wooh! God is Great!!! #amazed
13414,You know it's going to be a long day when you have someone waiting outside your office first thing in the morning #surprise
13415,
13416,How can you miss what's right in front of your face? #amazed
13417,
13418,Tried the conditioner before shampoo thing as promoted by the Daily Fail. Hair looks &amp; feels amazing! #surprised
13419,
13420,
13421,Damn.....gp just kicked some serious ass!! OHHMMGGG!! üòòüòò congratulations to them...#astonished#blownaway
13422,Break was so embarrassing üôàüôäüôâ #surprised
13423,"Never had a book give me chills before!...
#Lone survivor
#Amazed"
13424,"Telling my dad I have a surprise for him is me basically saying ""it's payday,  I have money I owe you"" #Surprise"
13425,
13426,My life has been blessed beyond what I deserve this week. With finding out my heart is healthy. To getting into my dream school. #amazed
13427,
13428,Got nominated for senioritos queenüò≥ #surprised
13429,I guess that's one way to wake up! #goodmorning #surprise
13430,
13431,Dayummm fast this girl type :0.. @AidaaSmize #amazed
13432,Ain't nobody in class yet #surprised
13433,My partner's booked an Easter mini-break. We're visiting a nuclear power station. Well.... okay. #surprise #notsureaboutthis #glowinthedark
13434,I had an amazing two days away with @alexstruck in #bettysbay! SA is so beautiful! #amazed #feelingrested #romanticgetaway
13435,
13436,Wow what I have just learnt in the last 8 hours is beyond amazing! Thank u @mensfashionmag Creator Paul McGregor #amazed #lcf #shortcourses
13437,"Never thought it would turn out like this, but I'm sure happy it did. #surprised #overjoyed"
13438,Road trip for the weekend. Can't wait to get away. #Surprise #Kentucky
13439,Danced with this white boy last night... He was pretty good #surprised
13440,
13441,She use to haunt my dreams but now you have replaced her and now it's not a haunting it's a dream I go to sleep wanting to have #amazed
13442,Use your @Burrito_mama app yesterday? Check your in app rewards #Surprise #NationalBurritoDay
13443,So ready to adventure to Victoria this weekend!!! #birthdaymonth #surprise
13444,Happy birthday to @_THEchuck13! #imyourdad #surprise
13445,
13446,My mom just sent me UK Final Four tee's in the mail üòçüíô #surprise #fanksmum #BBN
13447,I scanned the reviewers that I had earlier and I was like... O.O #Surprised #LETReviewer
13448,
13449,
13450,Haha @dqozzer and @_CraigGardiner faces were a picture thought they were gonna cry #surprise
13451,watch noon to 5 @NancyWardTV @FiOS1NewsNJ @FiOS1News_LI Weekend Forecast @FitzyWeatherTV @Jeff_Desnoyers #soldier #homecoming #surprise
13452,"""Big"" night at Beast Mode Wrestling! Don't miss out. #surprise"
13453,
13454,what's wrong with india!?! so much confidence of late! whoa! #INDvsSA #KohlerAdventure #amazed #overjoyed
13455,Heightoff just walked in on the 05 bathroom brawl #surprise
13456,
13457,"Get home, walk through the front door and get rugby tackled to the floor by my nephews #surprise"
13458,
13459,"another day, another unfairly graded piece of work, considering you are told you cant really add anymore to it #surprise"
13460,"Just found out I have another essay due for a class in two weeks, as well as another presentation. #surprise #ihateit"
13461,
13462,The fact that my dad didn't change the radio station when turn down for what came on #amazed
13463,
13464,
13465,Eating in Zizzi before going to see Charlie and the Chocolate Factory ... The girls have no idea! #surprise #theatre
13466,
13467,"Woah, who knew the TREC had this many cute boys üò±üòª #amazed"
13468,
13469,Strange moment today:  Standing outside the @stlpublicradio talk studio and saying hi to Bobcat Goldthwait as he walked out.  #surprise
13470,Encountering @DeveshDayal in the mall when chances of that happening were &lt; 5%. #surprise
13471,
13472,"OMG the preschoolers here in Zuni just prayed ""Live Jesus in our hearts forever!!"" #Surprise #Lasallian #Zuni14"
13473,"Nothing I love more than doing sweet things for people, and surprising them with things they've truly been needing for a while üòåüòä #Surprise"
13474,
13475,Guess who is the Guest Speaker for CSPMUN 2014? This guy. #Surprise #MUN #fb
13476,"Well, I've been kidnapped by one of my bridesmaids and I have no idea what's happening...  #notincontrol #surprise #GunterWedding2014"
13477,
13478,"Woah, Cubs have a therapist #what #amazed"
13479,"A* in my science ISA, bitches! #amazed #unexpected"
13480,Holy crap! Big things coming for @HyPLadies! Too soon to tell but just watch out! #surprise
13481,
13482,One week from today #DisneybyDesign will be sharing some exciting news! Stay tuned for more details. #Disney #surprise #bigreveal
13483,I found my calling! #amazed
13484,
13485,AHHHH MY DAD IS HERE #Surprise #FREAKINGOUT
13486,
13487,Wow...his findings just revealed the cognitive effects of violence on youth...#amazed #edresearch #AERA14 #PatrickSharkey
13488,
13489,Such a good shift at work #surprise
13490,
13491,Big thanks to @Thomasmjaustin &amp; @GwynantJones for ordering a birthday cake for me + @ChloeTurmel  at pizza express!! #cheeky #surprised
13492,
13493,
13494,"&lt;mischief my male was up to, hoping to surprise him and lies * @FuckinGideon #MissedMyMale #Surprise"
13495,BESSSSSSTTTTT SURPRISE EVER :D :D I love my family and friends. So grateful. #prebirthday#21#surprise
13496,Pit Band is actually going well?? #surprise #musicisgreat
13497,searched for inspiring stories over the net and found mark cuban. Nver thought that maverick owner started from the bottom. #amazed
13498,Dis is lyk da weirdest ish ever... #astonished
13499,
13500,"i cant believe i just walked into my brothers house, it way to clean... #what #surprise"
13501,I'm at the library #surprised
13502,
13503,Well that doesn't happy everyday! #surprise #cheeredmeup
13504,An 11 year old girl ran 4:48 in the 1500! #amazed
13505,who thought it was a good idea to put a bottle of hair SERUM that strongly resembles hair SPRAY in the women's room at work? #surprise
13506,Son of a bitch actually means someone whose annoying #surprised
13507,"If you have an old TV or any electronics to recycle at Broadway &amp; Cambie, u might want to bring it in right now! #greenheros #surprise"
13508,"Snatch of the Gods, @SANTINORICE is following me. #dead #amazed"
13509,
13510,
13511,
13512,
13513,
13514,
13515,
13516,WIP just took a new direction I did not see coming.  #writing #surprise
13517,"But no, I'm wrong like always #surprise #doesntmatta #done"
13518,
13519,"Living such a routine life, I don't think we realize how incredible us humans are. I wish we realized that more often. #amazed"
13520,
13521,off to bed exciting day tomorrow #party #surprise
13522,First time ever seeing a rolls Royce phantom as a Bexley resident in Bexley #Surprised
13523,
13524,
13525,Episode 100 has arrived! And there is a #surprise
13526,"Goals for water wars: throw someone off my dock, pee on someone, and one more that I won't reveal #surprise"
13527,
13528,
13529,
13530,Planes is actually a good movie #surprised
13531,While Johnny and Pauly are busy at #HighPoint this wknd we're re-merchandising. While the cat's away the mice will play lol! #surprise
13532,
13533,
13534,"Arrived to Little Rock, AR safe and sound. Relaxing then prepping for the weekend festivities. #MilestoneCelebration #surprise #AAEP"
13535,
13536,@citizentommy Our #RedTory local MP @GordonBanksMP is running scared of debate with Yes Camp #InBedWithTheTories #RunningScared #Astonished
13537,Still in shock that @claudsH_xox was 5 off my all time top golf score. #amazed
13538,
13539,"In the immortal and ironic words of Michael Scott, ""It amazes me that someone could have so little self awareness."" Always #amazed"
13540,I can't believe a choir conductor asked me to join his choir just for hearing me sing a song... #amazed
13541,Get a knock on my door... Its kyle üòçüòÑüôà #surprise
13542,SO FRIGGIN EXCITED #SURPRISE
13543,Tonight is typical Friday night surf and turf for my man BUT tomorrow I have something extra special planned for dinner! #stoked #surprise
13544,
13545,
13546,
13547,@iamwill your phone is amazing where do I get one? #amazed
13548,
13549,Snackeez are probably the best invention ever. üò≥ #amazed
13550,Bob's Burgers isn't half bad. I think I'll have to watch more of it. #surprise #BobsBurgers
13551,
13552,You're exactly what I've been told #Surprised
13553,*drops grandma's 90th birthday cake* #surprise
13554,
13555,*wrong hole* #surprise
13556,He keeps on Blessing me!!!! #amazed
13557,
13558,
13559,
13560,@gen2_dude still awake #Surprised
13561,Whoever put the fake cockroach on the ground in the locker room actually for me #Startled #unexpected
13562,
13563,
13564,*throws up on teacher* #surprise
13565,
13566,Rough day- on the #M9 i couldn't keep the tears from pouring down my face. A kindly stranger got up and handed me a tissue #thankful #amazed
13567,I have the best friends ever!!! #surprise #bacheloretteparty #gettingmarried
13568,These songs&gt;&gt; #amazed #then #idontdance
13569,
13570,
13571,
13572,
13573,*premature ejaculation* #surprise
13574,
13575,
13576,
13577,It's official...my mom has gone crazy. She's gonna try Japanese food. #disbelief #amazed #ohmygod #LetsDoThis
13578,
13579,Actually looking forward to the new series of Game of Thrones! #surprise #converted
13580,Wow I never knew @ErikKarlsson65 could fight #surprised #scrum
13581,
13582,So....@adale055 and @devon878 sent me on a scavenger hunt around Vandy with the help of @Vanderbetch_24 and then showed up here!! #surprised
13583,
13584,That awkward moment when u find out ur brother can sing. #shocked #surprised
13585,Park stupid tonight and you just might hit a cinder block. #surprise
13586,So excited for the surprise gifts I got for @Josiah_Duff! #Surprise
13587,
13588,@annamileyy ran down the up escalator at the mall and my life flashed before my eyes #hateyou #startled
13589,"Tried sushi for the first time and I liked itüòä
#surprised"
13590,
13591,*rips pants in Scheels* #surprise
13592,Today I learned you can see who views your snapchat story. #outoftheloop #amazed
13593,This could be a terrible idea or it could work perfectly #caughtoffguard #surprise
13594,
13595,
13596,"During the week she asked if she was cute. Surprised that she hasn't said anything
#surprised"
13597,"Never expected Colorado to be this good this season, I had a feeling they'd be good, but not THIS good #surprised"
13598,
13599,The look on my dads face was priceless when I walked in the door #surprise #FinallyHome
13600,"Swimming tonight with the girls. Jordyn hit the deep end and as she comes up for air she says "" there is something wrong here!""
#surprised"
13601,My god daughter can speak better Migmaq than me üòÆ #amazed #migmaq
13602,Was so happy that my family decided to stop by and visit today ‚ù§Ô∏è‚ù§Ô∏è‚ù§Ô∏è #surprise
13603,
13604,Back to back wins without Toews or Kane? #amazed
13605,I love when I'm watching a scary movie and the ice maker drops ice! #startled #ahhh
13606,
13607,*sings note during rest* #surprise
13608,
13609,I just watched a cummins and a Nissan street race on 250 with a sheriff right behind them #surprise
13610,If My Dad Wasn't Married He'd Get Girls At The Bars No Problem #ChicksDigHim #Amazed #HesDrinkingWater #Pimp
13611,Idk how you can fall asleep in a movie theatre during an action movie but that takes some skill. #surprised
13612,
13613,@BootsnAll #Indie30 Love Trains- Friend awoke on an Indian Train with a warm wet face-Cow's head through the bars licking his face #Surprise
13614,
13615,Next time I go to a dance performance I will be prepared for the soft core pornography #surprised #UIDance
13616,"Wait wait wait
He totally wants the booty #surprise #justtudorthings"
13617,@DanaIM5 @willjayIM5 @coleIM5 @GabeIM5 Do you prefer chocolate or vanilla cake? üòä #surprise #giftsforyou
13618,
13619,"I love how he locks the door because he wants me safe, even when he is just walking right down the street..#greatbf #amazed"
13620,"The Law of Attraction always finds a way to provide one with the things one needs, wants, or desires #LawOfAttraction #LOA #amazed #grateful"
13621,In the @Phillies dugout #amazed #awesome
13622,"It's amazing how much I care, and how little you do. #amazed #stumazed #SadButTrue"
13623,Hearing Gunfights in Durham #surprise
13624,
13625,"@DeeChristopher your magic is unbelievable! I will never miss an episode of killer magic, it's amazing!!üò±  #magic #Magicians #amazed"
13626,"""Oh, and you owe me a new Michelin mother*****"" lol #dexter #dokes #surprise"
13627,
13628,It's crazy to think that there are 7 billion people in the world and they all have lives that are unique and different from yours... #amazed
13629,Yes it's true... I've never seen Dark Knight Rises #surprise
13630,"Ok even I was a little skeptical about how our goats milk would taste, but wow it is so sweet and creamy! And it's so good for you! #amazed"
13631,Best headset ever made #amazed
13632,It's time to respond to your #actions do not be #surprised
13633,"@TheEllenShow @UW @UWJSIS Looks like Ellen has a surprise for us on Monday? Stay tuned, fellow huskies! ;) #TGIF  #surprise #isthisreal"
13634,Expect to find Gideon. Find Miriam Lass instead. #surprised #Hannibal
13635,
13636,I get to go to the MN Zoo for the first time tomorrow &amp; I get to go with my brother &amp; his family!! #happysister #happyaunt #surprise
13637,
13638,I love my friends &lt;3 #yay #surprised
13639,
13640,Congrats to all my wonderful drama friends who participated in that beautiful presentation of les mis tonight!! #amazed
13641,8 and a half hour drive to Nashville begins in less than 5 hours. Oh the things I do for @katevoegele &amp; @Brett_Hughes! ;) #SURPRISE
13642,"Champions League is unreal, nothing in the world like it! üèÜüòç #amazed"
13643,"""this was the best birthday ever"" ‚ù§Ô∏è I love my Grammy üëµ #surprise"
13644,
13645,
13646,Not knowing your sister was asked to prom until a week later... #surprise
13647,It fells amazing not to wonder if your girl is leading you on...  Lol #amazed
13648,My dad is taking all of this really well.. #surprised #thankgodddd
13649,So I just did my first #yoga DVD and I'm actually sweating. #whoknew #surprised
13650,That was actually a pretty good movie #surprised
13651,
13652,phone went from 50% to 12% faster than a kardashian would go down on a black guy #amazed
13653,I hate that moment when I'm super bored and I reach the end of my twitter feed #surprise #nonewtweets
13654,
13655,That feeling you get when you land a trick first time. #skateboarding #tricksternow #amazed #awesomefeeling
13656,Guilty as hell but hey #surprise
13657,
13658,
13659,
13660,Laying in my eno staring at the beautiful starry night sky that my Father created! #Humbled #Amazed #OurGodIsGreater
13661,On our way. @sailorxyra #surprise #sisterlove
13662,Still unbelievable that I'm out here. #amazed #inadaze
13663,
13664,
13665,
13666,
13667,
13668,Well that sure came out of nowhere.. #surprised
13669,"Hey @Pringles , just opened up a can of cheesy cheddar, but the chips inside were sour cream and onion?
#luckyme? 
#surprise"
13670,
13671,
13672,
13673,
13674,
13675,Seriously amazing concert! One I will tell my kids about. George is perfection and The Hag did phenomenal despite having pneumonia. #amazed
13676,Aye I'm still up #Surprised
13677,
13678,
13679,
13680,*sneezes during pause in music at concert* #surprise
13681,
13682,back in jersey for a little... üòè #surprise
13683,
13684,
13685,Sons of guns still comes on? Wow. #amazed
13686,
13687,"This is for me! I claim it! In Jesus name, Amen! üòä #blessed #surprise"
13688,I swear my brother and his girlfriend are the cutest thing! üòç #surprise
13689,Dramatic night haha waking up with my bedside light on top of me and I'm the only one here! #goodmorning #surprise #restlesssleeper
13690,Hey #floridafilmfestival you're already rocking my socks off and the fest hasn't even started! #amazed
13691,#JustWaitOnIt #surprise
13692,Captain America 2. So. Good. #CaptainAmericaTheWinterSoldier #amazed
13693,Getting to gabe to blood soaked dogs cause they decided to destroy an otter #surprise #omg
13694,Party vibes for Gogo in Mpumalanga. #surprise #happybirthday
13695,I jus saw @JuliaKiyak in #Madison tho!! üòç #surprise
13696,Still up to date w/ readingüò≥ #surprised
13697,Blackhawks scored winning goal with 3.7 sec. Left #surprise #nhlblackhawks
13698,
13699,I'm up??? üòÆ #surprised
13700,"Eh rough as anything, been attacked over night by a cold &amp; loads of germs #surprise #dontdocolds"
13701,Just got kidnapped by my man:o! #surprise
13702,
13703,
13704,A special trip out for me today. Hope it's not to the Welsh Liberal Democrats' 2014 spring conference :-) #surprise
13705,
13706,"Watching news with Papa, COA chairman! #amazed"
13707,Big thanks to everyone who came to @nsweett27 birthday drinks last night! #surprise #birthdayboy #greatnight
13708,James's internet connection is really good today #surprised
13709,
13710,"""Vicky's here!""Huh?Vicky? norway vicky?:o no way ran downstairs nearly killing myself lool missed him too much:')#surprise #Gonnabeagreatday"
13711,Teach me all that you know so that I will bask in your glow. #surprise
13712,Too excited !! Friends from overseas just called saying they are coming to see us this afternoon #surprise
13713,Just listened to @springsteen 'Just Like Fire Would' on @swr1bw / Now anybody complain on just Hit Singles get radio airplay :D #surprise
13714,"Because God is just glorious in all His ways, His plans are greater than mine... #amazed"
13715,I guess I didn't want to eat breakfast. #surprise #vomit
13716,love through the dark by the one direction lads great song well done niall louis liam zayn and harry love it.#amazed  #OneDirection
13717,"Just had the greatest idea 4 a comedy skit! Gonna talk 2 a celeb friend of mine, see if he'd be down 2 do it! #YouTube #celebrity #Surprise"
13718,
13719,Best way to get out of work couldn't have been better!üòä #boyfriend #surprised
13720,AHHHHHHH SO EXCITED üòÅüòÅüòÅüòÅüòÅ #cryptictweets #surprise #secret
13721,DT for Cecotto #Surprise #GP2
13722,Heading to Nairobi next week to pick up some items which will make Mara Explorers even more awesome this year! Wait and see :) #surprise
13723,
13724,Me and his brother have surprised tom with a day off work and tickets to the villa game...a little late birthday present!? #surprise
13725,"Hard to sleep. So many thoughts &amp; emotions. Our Brazilian friends are here. My bro @mikedaddyweave coming tonight... friends, family #amazed"
13726,
13727,God is opening doors that no man can shut!! #amazed #favour
13728,
13729,
13730,Its my mums birthday today so we're taking her out for a special treat &amp; then on a vacation which she doesn't know about :D #surprise
13731,
13732,
13733,
13734,Woke up took my morning piss then looked in the mirror like damnnn üí™#hardworkpaysoff #surprised
13735,
13736,
13737,Brought in some @BillsDonuts for some study action.  #Surprise
13738,
13739,"""@Nidhi1384: It's never too late to catch up on a brilliant movie .. #rush .. Loved it #F1"" you saw it now?? #Surprised"
13740,Make it to Libby's and she's gone running #surprise #noway
13741,
13742,I'm actually australian #surprise
13743,@TheWalkingNews im amazed to see how much people never saw walking dead. #amazed #disapointed
13744,New @Zillow commercial is brilliant. #militarydad #surprise #FindYourWayHome
13745,So many people are up #surprised
13746,So I just had Taco Bell breakfast...and I gotta say it's not bad #Surprised #TacoBellBreakfast
13747,"With just 4 days to go, comment and tell us SIX things that you would love to shop for this weekend! #Surprise"
13748,
13749,Cannot believe I've left the house for London without a book. I don't recognise myself anymore. What's happened to me? #astonished
13750,
13751,How seven girls managed to share one bathroom all week blows my mind üòÇüòÖ #amazement
13752,"ME: Hey Lawson whats your favorite country song?
LAWSON: I hate country music. But I do listen to pop recent songs!!
#amazed"
13753,
13754,
13755,
13756,My cousin jst suddenly told me that she feels that i will meet THE ONE along the way very soon... u got me there @weshayy #surprised
13757,
13758,
13759,Really decent connection wow I don't think there's a need to get our own connection mum this will do lol. #amazed #wonderstruck #wao
13760,
13761,
13762,AmazonFresh has now created a new wand like product that will make buying groceries online ever easier than ever before #advancement #amazed
13763,
13764,
13765,
13766,@slipknot123 @strangeland_bls at least 1 thing right out of the defunct lost podcast. The movies have been sent to the winners. #surprise
13767,Ooh life is full of surprises...surprise your boyfriend is banging someone else..#notsogood#surprise#
13768,
13769,Sometime you just gotta do it! #Surprise #fancalls
13770,#PineauDeRe #razdemaree on their way to #surprise
13771,Good god! A false start at the #GrandNational #surprise #neverhappens
13772,Great morning on the campus of @scclife for the Autism Center 5K! Kelly Rouse and her team continue to make a difference everyday! #amazed
13773,
13774,Hilly just lost on the Grand National #surprise #surprise
13775,
13776,
13777,
13778,
13779,
13780,
13781,
13782,
13783,
13784,
13785,
13786,
13787,
13788,
13789,
13790,
13791,
13792,
13793,
13794,
13795,
13796,
13797,
13798,
13799,
13800,
13801,
13802,
13803,
13804,
13805,
13806,
13807,
13808,
13809,
13810,
13811,
13812,
13813,
13814,
13815,
13816,
13817,
13818,
13819,
13820,
13821,
13822,
13823,
13824,
13825,
13826,
13827,
13828,
13829,
13830,
13831,
13832,
13833,
13834,
13835,
13836,
13837,
13838,
13839,
13840,
13841,
13842,
13843,
13844,
13845,
13846,
13847,
13848,
13849,
13850,
13851,
13852,
13853,
13854,
13855,
13856,
13857,
13858,
13859,
13860,
13861,
13862,
13863,
13864,
13865,
13866,
13867,
13868,
13869,
13870,
13871,
13872,
13873,
13874,
13875,
13876,
13877,
13878,
13879,
13880,
13881,
13882,
13883,
13884,
13885,
13886,
13887,
13888,
13889,
13890,
13891,
13892,
13893,
13894,
13895,
13896,
13897,
13898,
13899,
13900,
13901,
13902,
13903,
13904,
13905,
13906,
13907,
13908,
13909,
13910,
13911,
13912,
13913,
13914,
13915,
13916,
13917,
13918,
13919,
13920,
13921,
13922,
13923,
13924,
13925,
13926,
13927,
13928,
13929,
13930,
13931,
13932,
13933,
13934,
13935,
13936,
13937,
13938,
13939,
13940,
13941,
13942,
13943,
13944,
13945,
13946,
13947,
13948,
13949,
13950,
13951,
13952,
13953,
13954,
13955,
13956,
13957,
13958,
13959,
13960,
13961,
13962,
13963,
13964,
13965,
13966,
13967,
13968,
13969,
13970,
13971,
13972,
13973,
13974,
13975,
13976,
13977,
13978,
13979,
13980,
13981,
13982,
13983,
13984,
13985,
13986,
13987,
13988,
13989,
13990,
13991,
13992,
13993,
13994,
13995,
13996,
13997,
13998,
13999,
14000,
