1,
2,just remembered I am on duty all weekend #surprise #noacapella #netflix
3,I'm actually getting a lot done today.. #surprised
4,Today I've seen a dog that looked literally like mini Chewbacca #mademyday #amazed
5,
6,How true is it that drinking too much water can kill a person.#amazed#
7,
8,
9,
10,
11,"Whaat Club Lastnight was pumping.!! Catch Yaz there next Thursday people :) 

#amazed"
12,
13,
14,Can't believe Roy Hodgson called up 5 Man Utd players. England don't usually select players from mid-table teams. #Surprised #MUFC
15,
16,No work after all! #surprise #dayoff
17,"ACORDING AT THAT TIME WHEN
SOMEONE GIVE YOU A #surprise"
18,
19,Things that make your heart skip a beat: Call on your cell from a number you don't recognize only to hear her voice #surprise
20,"looking forward to taking @FrancescaTuck away tomorrow for her birthday, any guesses where we are going?!?! #surprise"
21,
22,
23,Can't wait to see my papas reaction tonight ‚ù§Ô∏è‚ò∫Ô∏è #surprise
24,"One of the best things about ordering from Born Pretty Store is that by the time it comes, you've forgotten what you ordered #surprise"
25,
26,
27,Wow! A guy I met at a party at Xmas has been to Cuba and he looks great! #surprised
28,
29,
30,@HannaRoseSmith hurry up...a surprise downstairs awaits you missy #surprise #ohwhatmightitbe #birthday #prezzies
31,#Dope conversations wth my buddys #Thato Kgomotso n Vuyani # Wow Vuyo U've matured tjo #Surprised
32,
33,
34,"Nationalism, or lets call it: ""defending one's own home culture"" == ""homeland security"" - is growing because it is being promoted. #Surprise"
35,Wow. KS Senate done. Pro Forma tomorrow! #ksleg #surprise
36,
37,"Today is a day of great confusion. But trust me, I have a plan and it make sense.. to me at least.  #heykidsGOML #surprised #newmath"
38,
39,Didn't realise @jasminwalia had such a good voice #surprised #notjustaprettyface
40,"3 minute drill: 2 moves 30 seconds 3 sets
Jumping jacks 30 sec
Scissor kicks 30 sec
Repeat 2 more sets
#3minutedrill #exercise #surprise"
41,"""Are you sure he's straight?!?!?!"" - Every single time I tell my friends I like a guy.

#surprise"
42,
43,Did u really just say that!!! #surprised #Dang
44,It is when you start #learning #Hindi  that you realize  u have certain throat muscles that u have never been aware off #surprise #exciting
45,"drove all the way to school, not a flurry in sight...drive into Paxton and it's snowing #surprise"
46,
47,I have no appetite today... #thatsafirst #surprised #wootwoot
48,"As always God knew what he was doing today, and was ready to talk when I need it most! #amazed"
49,
50,He gets in and im like what u put in he say 2.50 üò©üò© i turn the car on and its full !!! üòçüòçüòç words cant explain #amazed
51,
52,"Peope still use Myspace, orkut and LinkedIn !!!! :o #Surprised"
53,Well I didn't hate the Lego movie..!! #surprised
54,üçÖüçÜVegetarian üçÜüçÖ burgers were an absolute success!! #wantmore #surprised
55,So happy! Checked my notifications and I've got 4 new followers on Instagram! They didn't even tell me üòÇ #surprise #smallthings #day #made
56,We've been given the late shift off as we've got a 2 day adventure starting early doors tomorrow apparently... Wonder what it is?! #surprise
57,@CollegeMentors for kids luncheon where @SenatorRichardLugar received the Inspire Award for #lifetime achievement through mentoring #amazed
58,
59,"In addition, people found a way to transmit pictures and then live showings of activities happening else where! #amazed"
60,I'm coming home. Coming home. Tell the world I'm coming home!! #homefortheweekend #surprise
61,
62,
63,28th Of Feb it's all happening! Come down to see what all the fuss is about you might even bag yourself some goodies! #enigmatic #surprise
64,Really and truly need to let you all know I'm in love with @ktkoolcat #surprise #abouttime
65,"This coming Monday, Sacred Heart Bournemouth will be practicing Cambridge Minor. Start around 6.30. #bellringing #Surprise"
66,Cant wait 4 this weekend #surprise
67,
68,Fancy seeing you here!! @fliss140491 #surprise
69,Did it again your gonna be for a surprise next time you try again!! #notimpressed #pissedoff #surprise #tryme
70,
71,Happily came into work with a surprise client for a full facial! #yay #surprise #facials #skintherapist #esthetician
72,two catholic girls try to say the Lord's Prayer at a Methodist service Lol #surprise #theresmore
73,Obviously I'm not sad.  No I don't think he's going to come back and haunt us either.  Not going to miss him.  #surprise
74,Its crazy how many girls are lesbian/bi feeling #amazed
75,"""After talking to you on the phone I coulda swore you were a white girl!!"" - another interviewee shocked by my race #surprise"
76,
77,I never knew that I was that fast . #haha #surprised
78,
79,- 168 sushi is so cooooool üôÜ #amazed #sittingonthefloor #nomnomnom
80,Two pop quizzes in one class #surprise
81,The Word of God is sweet to my soul! The law of The Lord is perfect converting the soul!#amazed
82,
83,I got to watch some fresh level 30's play a game on campus internet today. #surprised #LeagueOfLegends
84,Plot twist: March is two days away. #surprise
85,
86,Thanks 2 #SpiritAirlines 4 full refund after snowstorm forced me 2 cancel my flight &amp; take another airline 2 my uncle's funeral. #surprised
87,
88,How does my phone still work after dropping it in the toilet two nights agoüò± #amazed
89,
90,
91,
92,
93,Happy birthday Perrie... From both mums @Hollyoaks #Hollyoaks #surprise
94,
95,
96,
97,#TMLT I might just finish my degree off and have money left.... No idea how in the world that happened... #GodsFavor #Grace #Amazed #Blessed
98,"had the weirdest dream now that i recall, but it was nice :) 
#amazed"
99,Ahhh been surprised with a week away to Ireland in March!! So excited üòÉ #surprise #tripaway
100,
101,Just got my first comment from a stranger on my blog! Feels so good to know it's reaching people out there! #blog #surprise
102,The best thing about this game is defo sandro face pony tail! #amazed #thatsrawtalent
103,
104,
105,
106,You learn something new every day. Hahaha #Amazed
107,
108,Someone actually thinks I'm beautiful... #amazed #myflaws
109,Skinny jeans are way more comfortable than I had anticipated. #Surprised
110,That crazy moment when a friend from BC all of a sudden is enrolled in your school and your locker buddy #surprise #rattled
111,"Aboy Barney, Mighty Mike won't lik that close but RVB at it again #surprise #class"
112,
113,
114,
115,why am i so tired??!! i haven't done anything at all.... maybe it's cos i need to exercise... #surprise #needtogetfit
116,I didn't actually know Chinese people ate Chinese food! #amazed
117,Wow dock I'm truly honored! #amazed
118,On Instagram now #addicted more fun #surprise #socialnetwork
119,
120,Such an incredible experience to watch the UConn Women's practice for 2 hours üèÄ #amazed
121,
122,
123,
124,sigh of relief in the Drummond household. #spurs are through. Neighbour quiet- #surprise
125,Northern Lights from my back garden was an impressive end to the day. #amazed
126,
127,
128,#ShoutOut @_MonaRodriguez. Never knew you had such a beautiful voice #Surprised
129,
130,Today's been the highlight of this week! Such an amazing day! Nuff love for mates &amp; family :* Can't wait for Saturday :D #Surprise
131,
132,Just played 'Once Upon A Time' with the family. @simon_francesca won. Turns out she ain't half bad at this storytelling malarky #surprise
133,"Hibernation update: still alive, early night before 6:30 alarm for #SuperRugby.....oh and I got a graduate job sorted for July #surprise"
134,A little Chinese birthday dinner with my Yaya  #surprise
135,
136,First twitter now facebook....... My excitement level is just uncontrollably high right now!!!! #Based #LilB #Rare #Swag #Woo #Amazed
137,@OUstudents #k101 first tma passed #surprise #miracle
138,@thetomska oh and 'outtathescreen' (the other sponsor) is also 'part of the Jey worldwide group'.... #surprised
139,I guess I should pack tonight #oops #hintontomorrow #surprise #birthdays
140,
141,
142,Actually addicted to the vampire diaries #surprised
143,"Whoa, cute boy alert in Chatham Food Lion #surprise"
144,
145,This programme first date is bloody hilarious. #amazed
146,"Sobbed for the whole second half, an amazing production #WarHorse #amazed #iwantmyveryownhandspingpuppet"
147,
148,
149,My cousins school got set on fire last night!! #Surprised  #Dang #MitchellMiddleSchool
150,Just met the first test tube baby ever. #surprise
151,My total at Luke's locker $0.5 Lol...  #Surprised
152,
153,Got 74 on a paper I definitely thought I failed! #surprised #weightlifted
154,Running into @Allie_Jo in York &gt;&gt; #surprise #familiarface
155,Had a great time recording the 70 piece Cheltenham Bach Choir the other day. #Amazed
156,
157,
158,
159,
160,
161,well got a root canal while I was at the dentist!! SURPRISE!!! thought I was just gonna get fillings. #dentist #rootcanal #surprise
162,
163,"Happy that I didn't put my bets on tonight, would have lost! #surprise"
164,
165,Parents evening actually went pretty well #surprise
166,she says you treat me like a side chick! well considering im single.... you are! #Surprise
167,
168,Best way to #raise a thousand pounds to send my best friend on a #charity teaching mission over the summer? #raisemoney #surprise
169,#Surprise #VersatileThursdays
170,
171,Actually not a bad day #surprised
172,Preppin' for the celebration. I can do this. :)) #Surprise
173,Listening back to the recording of #PCTC2014 worship in awe.  Thank you guys for worshiping with us #amazed
174,I'm completely impressed on how nice that guy just was. #Surprised #Ihavehope #for #society #impressed
175,
176,Never thought I would say this... But Xbox Music service is rather cool #surprise
177,"Michael Portillo on BBC This Week telling us we're a bunch o' welfare scroungers, the most Socialist/Welfarist country in Europe #Surprised"
178,Twitter feed is absolutely jam packed with spectacular photos of the northern lights tonight! #wowzers #amazed
179,Ashamed to say my mom tricked me into going to conferences #startled
180,
181,
182,What a surprise Malkorok went down easily this week. #surprised
183,MY BROTHER CAME IN! #surprise
184,Surprise Taco Bell visit thanks to the girlfriend :) awesome! #surprise
185,@lennanthony it was good seeing you lastnight bro . #surprised #kanoa
186,Wow I can't believe I just saw a shooting star! Out of absolutely nowhere .. ‚ú®üí´ #Amazed
187,
188,I actually took a nap around the bros and I didn't wake up with penis' or balls drawn on my face or on my face.#surprised
189,Lol dad I didn't mean that soon üôà #surprise #partypooper
190,I think I replayed @rachelxkathleen 's piano video 20 times . üòÇ #amazed
191,Saw a shooting star for the first time üí´ #amazed #makeawish
192,@SquashedSpud too drunk to sort my stuff out. May be a tad later tomorrow :P #mess #surprise #rugby
193,Almost forgot to wear a shirt to practice #surprise
194,I've got you! Finally. $880 #Amazed
195,
196,Letting him work his magic #amazed #eyestothesky
197,
198,I wasn't expecting that!(: #surprise
199,Morning kiss #malayaia #surprise #breakfast #nasilemak #oblong
200,
201,Just saw Mrs. Wiseman at the Alan Jackson concert #surprised
202,I used my phone a decent amount today and it's still at 70% #amazed
203,
204,Just French-braided my hair... didn't know I could do that #howdididothat #surprise
205,
206,
207,Was totally waiting for @EmileeHager 's steer to drag her down into the dirt today. She did good though. She's alive still. #surprise
208,Can't believe what I was just told üò± #surprised
209,Just found out @ErvinSantana_54 is actually following me #Surprised
210,
211,Just realized the computers in the library are touch screen #amazed
212,Freshly washed and dried money #checkyourpockets #surprise
213,
214,
215,"on the down side. I've had two spelling mistakes in the last two years. bummer, I just got a spelling mistake to fix #surprise"
216,
217,I guess Lebron is allowed to have a black mask but Kyrie isn't #surprise
218,ugh dad just tell me what we're doing for spring break üå∏üåä #surprise #CMON
219,NDSU is on something tonight. #amazed #defense
220,@jasonnobleDMR do you write your own headlines? #surprise
221,Knicks are down already #surprised #shocker
222,
223,#Troy How Did You Do That Disappearing Phone Trick At The Bus Stop Bruv?! Teach Me.. #Astonished #E4+1
224,I'm actually going to bed before my father...WHATTT! #surprised #onceinalifetime
225,
226,
227,Kentucky's gettin some calls at home. #surprise
228,The body is so complex and beautifully designed. It's hard to believe people can study it and still not believe in God. #anatomy #amazed
229,
230,
231,#Baffled #amazed #confused #wow #awesome
232,"""@ThatBitchKikyo: Lmao really be the creep to my weirdo #LikeDaShit Haha"" #Amazed"
233,We love love #Surprise
234,#skeletonclique #imin #ugh #stressedbytheirtalent #inagoodway #amazed #hashtag #goodnight
235,
236,"Okay okay,... As promised, baby Breedlove is.......a GIRL!!! #surprised #excited"
237,Sure surprised her ‚ù§Ô∏è #prom #date #surprise
238,"I'm pleasantly surprised by Rick Ross' new album, was not expecting this at all. #mastermind #ross #rozay #surprised"
239,
240,
241,
242,When my bestfriend tells me to go to the gym with her in the mornings like wtff happened to her üò±üôàüòÇ #surprised
243,@torrancecoombs did Catherine just commit suicide?!?! #suicide #Reign #surprise
244,
245,I might not wear a t-shirt to school tomorrow üòú #surprise
246,
247,We just met a wizard. #amazed
248,@shondarhimes  is a freaking genius.... #Amazed #GreysAnatomy
249,Ran into @_MarvinCampos in Lamson lobby and started squealing like a pig. Haven't seen him since Argentina. #surprise #acareunion
250,Watching @FelixBaumgrtnar #SpaceDive on @Netflix_CA Amazing #documentary @redbull @RedBullStratos @RedBullCanada #stratos #Amazed
251,
252,
253,
254,I got a #check today for #DOUBLE what I thought it would be. üò≥ Just when I needed it. Thanks to my amazing agent. #AMT #Surprise #GodIsGood
255,@1CRYSTALNICOLE on stage showcasing her writing talents. Some of our favorite songs she wrote. #Amazed #WSAATL
256,Enjoying the landscape that Australia has to offer. #beautiful #amazed
257,
258,Lol 7th graders wanting my autograph all of sudden... I guess im that cool that they look up to me. #surprised
259,
260,
261,But the news I heard tonight #SURPRISE #SURPRISE
262,"Indeed, Thank you for this day Lord.:') #Amazed #byYour #grace #Mercy"
263,
264,
265,She sent me to bathroom so I won't figure out where she keeps things she trying to hide from me #surprise #iwantitnow
266,Already ready on time #Surprised
267,
268,who would have thought that One Tree Hill and Band of Horses were such a good mix? #surprised
269,"I was driving @findley19 's car, he opened the driver's door, and I scared him. Wayyy too funny. #surprise #yourenotdriving"
270,I was amazed by the voice of Denise Laurel!!! I didn't expect that her voice is beautiful! #amazed #SingingBee
271,
272,So the 2 people who played Kelso and Jackie on That 7's show are engaged in real life? Wow #surprised
273,Made the honor role first semester #surprised
274,
275,"Just wait until Olivia takes off her jacket, Mellie. #Surprise #ScandalHigherEd"
276,
277,@McKaylaMaroney Follow?? It would make my day. Please #amazed
278,Off to Wellington in the morning!! More sunshine for Jessie! #wef #surprise #theyseemerollin #theyhatin
279,Wtf #AdnanSalif is a woman #surprised
280,my beats headphones just went through the washer and drier.. üò≥ guess what? THEY STILL WORK. #amazed
281,Yeah scandal has did it again #Amazed
282,It's amazing how different people act according to who they are with or where they are... #surprised
283,Goal tomorrow is to buy bubbles and watch one freeze outside #amazed
284,That girl. She is straight beautiful. I don't care what she says. #astonished
285,I didn't know I had that in me! #surprised
286,This will always be my favourite reaction üòÇ #Surprise
287,Greys anatomy will always make my day so much better. Can't believe what happened tonight! #surprised #cantwaitfornextweek
288,
289,Soooo much fun singing at the Hard Rock Cafe with Pro Music Academy! #somuchtalent #amazed #fun
290,Shakira singing country. She actually can pull it off. #surprised
291,
292,
293,I'm showing up at my dad's office tomorrow unannounced and i'm really excited #surprise
294,"Tricked my man into thinking our phones got cut off, little did he know he had a new iPhone 5s waiting for him when he got off üòù #surprise"
295,the fat on the back of your neck is outstanding! #amazed
296,First time I ever seen a line of cars around Taco Bell. #amazed
297,"My dad left for Omaha like he does every week, I call him tonight to find out that he's in Oklahoma and is heading to New Orleans #surprise"
298,I actually enjoy working out. #surprise #surprise
299,I probably should've let my parents know that I'll be home for a week. #oops #surprise
300,
301,I can't explain how in love I am with @Avi_Kaplan's voice. #Amazed
302,Just don't feel like being a teacher is for me. #Surprise
303,No one inspires me more than Stanley Yelnats. Dang I wish I had the face of that man too. #Amazed #IsHeEvenHuman
304,"Roses are red, violets are blue, I just spent my whole paycheck and funny story I actually don't get paid until tomorrow. #surprise #norhyme"
305,
306,
307,While Brooke's gone this weekend I think I'm going to replace her gummy bear vitamins with sugar free gummy bears #surprise
308,"I said it before and I'll say it again, no other style of music requires the soul and the talent required to sing Gospel. #amazed"
309,Just realized I'm not a fan of double stuffed Oreos... too much filling for me. #Surprised
310,Cannot believe how perfect things are right now #Amazed #wow
311,I just keep watching my birthday video. #Surprise #ItsVegasBitch
312,
313,Scotty Mclaughlin...wow !! #amazed #volvo #V8SC
314,
315,
316,"i love @richfroning's mentality. Currently watching his ""Day in the Life of Rich Froning"" while I study for this theology class. #AMAZED"
317,"surprise will come on next saturday
#surprise #magic"
318,actually going to bed early tonight #surprise
319,Actually did my hair fast #surprised
320,
321,Ugh can't seem to get vids I recorded of Valentina doing things many 2mth olds don't do.. Ive been told!! #amazed #smartbaby
322,
323,I saw someone in SU wearing a pair of @palladium_boots. Happy me! #Amazed #AroundTheCampus
324,
325,
326,Just Ice on @METROFMSA üíóüíóüíó #Friday #Surprise
327,Funny how you finally start to show you care the second someone else shows an interest. #surprise
328,I got a twitter crush!!!#surprised#
329,Seriously though God always works things out. It's amazing what prayer and patience will do. #amazed
330,
331,
332,Today's meeting language is English #surprised
333,
334,Nu spelas: @Architectsuk - Lost forever // Lost together (Full Album Stream) #amazed
335,Just read the speech delivered at parliament earlier today by the #AgaKhan and I must say it was amazing! #civilsociety #amazed #pluralism
336,"@mmmhotbreakfast just saw warren tredrea quote on fat tony and co ad. Had a little laugh. Mick was right too,lol. #surprised"
337,her hair looks nice üò≥ #Surprised
338,
339,I stalked team kramer this morning then to my surprise I cant believe I saw them a while ago at ccf. #Amazed
340,
341,
342,
343,Actually had time to do my make up this morning #surprised
344,Amazon Prime is Santa #1ClickPurchase #surprise
345,
346,Just a lil sample of some of the amazing things represent have in store for you. You can nominate your head rep? Roomie? Partner? #surprise
347,Is it at all braches of @FNBSA tht u cnt deposit money using debit/cheque card 2 anada account?#surprised
348,Tonight took an unexpected turn #Surprise #YouSaidYouWereGoodAtFlipCup
349,
350,
351,Snuck into my house at 4am #homesweethome #nooneknows #surprise
352,new twitter UI is wow......#amazed
353,Happy birthday messages today from people I haven't even met #surprise
354,Virat kohli out without scorning 100 ? #AsiaCup #surprise
355,You don't ever expect a window cleaner when in a hotel do you? #surprise #ontheloo
356,"If a bitch wants a ring. Imma go out and get her a ring pop. 
#Surprise"
357,I don't usually talk about presents but how can you not when your present is IBIZA?! I love you girls @lorenrushxo @spitroastrobin #surprise
358,"Discovering Louis-Ferdinand H√©rold, piano concerto no. 4. @klararadio #daily #learning #surprise #iwantmore"
359,Derren brown tonightaaaa #amazed #FreakY #iwanttobepicked
360,
361,Who would have thunk #surprised
362,Having such a lovely day today #surprised
363,"Time to tackle this polar vortex, fishing niagara this morning #fishing #niagara #trout #walleye #surprise"
364,It's Friday and I have no plans at all #surprise
365,Its a great morning to find money while you are cleaning in a particular place you haven't looked in a while! #surprise
366,Drizzy @Drake got @kanyewest on stage during his concert in #berlin! #surprise #surprise #surprise
367,
368,#RQ Ms Foster if you ever read this I want to thank you for having the courage to broach a topic that many Christians fear.#amazed #Nookbook
369,
370,Yesterday I shared my small space with a band rehearsal! #PhysEd Ss followed muted yoga video while band played. #teamwork #surprise
371,"Hey Tweeps! We have a surprise coming your way!
#Surprise #Fun #Web"
372,
373,
374,
375,The mere fact that Ugandans are not panicking abt these cuts on donations it shows they have elephant balls #surprised
376,
377,Sent the hubster off with HAPPY BIRTHDAY wishes....I think he still has no clue about his two parties this weekend. #SURPRISE #overthehill
378,
379,Looking forward to telling @Natcoles what her birthday present is later! #surprise #30
380,The harpoonist strikes again #surprise
381,First time in a long time I'm in a good mood #surprised #goodmorning  #goodday
382,
383,
384,Just got one of the weirdest gifts ever! #PRpro #confused #surprise #competition
385,Hurrah! It's the 1st time that @BBCScotlandNews has led on a +ve #indyref comment that I can remember! #astonished
386,
387,Why the hell is jewel such a lucky place for breeding pokemon? #surprise
388,
389,WOW IM AMAZED AT THIS GUY SINING AT CCK MRT... he is either chinese or malay but he sang a hindi song while playing the guitar #amazed
390,Props to Morgyn for always being so enthusiastic in the mornings #amazed
391,Can I just ride this moving sidewalk back and forth for the next half hour? #amazed
392,"if your synesthesia goes undetected, it would be a great shock to know everyone can't hear colors. #surprise"
393,
394,
395,
396,
397,Just saw a guy smoke out of his neck #Amazed
398,The play opens 3 weeks from today #surprise #puking
399,"BomBawt, West Indies reach 19 without lost #Surprise"
400,
401,Making a video 4 @justinbieber :D #surprise
402,"Oh look, it's cold as fuck out! #Surprise"
403,
404,"It is truly amazing how young kids think, so innocent and so caring of others #amazed"
405,"Some things are inseparable from SURPRISE

...awe

...ingenuity

...discovery

...foolishness.

:^\ #surprise #truth #quote"
406,Simply can't wait to see their reaction #surprise
407,
408,My wifey @Tahneelynxx n my friend @CoreyAnthonyK surprised me last night miss u guys! #surprise #blunt #bananabread #goodtimes
409,Nothing like shaving then coming to work the next day realizing you've left yourself a little Hitler mustache... #HowEmbarrassing #Surprise
410,S/O to my wonderful dad for starting my car this morning.!!! #surprised
411,interesting how things tend to work out... #amazed
412,
413,
414,Finished all 3 science prelims with a total of 2 3/4 hours left :) #amazed #writesofast
415,Mia kuin is engaged to Ashton kutcher ? #surprise #cutestcouple
416,
417,
418,
419,Long day today in work but excited for my bestfriends 21st #surprise #happybirthday #celebrations
420,
421,"Life changing alteration tomorrow, soooooo excited!! #surprise #largechange #freakingout"
422,So apparently carrot cake has carrots in it üòÆüôà #carrot #carrotcake #amazed
423,
424,@hatelynskanks did you get a package in the mail? #surprise #mycollegegirl #proudmama
425,Dymun has completed her 4 years in the army. Where did the time go?!üò≥ #amazed
426,Can't wait for later #party #mumsbirthday #surprise
427,many thanks to Allah #surprised
428,
429,&lt;&lt; waking up and realizing you did all your laundry while blackout #surprise
430,Cheesecake factory tomorrow! #littlesistersbdayweekend #surprise
431,Who would have thought Wraith King and Sniper would have done so well in a competitive match! @syndereNDota @TobiWanDOTA  #Surprised
432,Departing #NSA chief suggests Congress narrow phone collections to obtain only terrorism-related data #surprise #cybersecurity
433,amazed by people's stupidity today #amazed
434,I notice how many people are in this world when I'm in a airport so many stories and dreams I wouldn't be able 2 even guess!#amazed
435,Lucky your my best mate! @grant_ivey #Surprise
436,"Fire drill at work, glad I grabbed my coat #surprise #forgotiactuallyscheduledit"
437,@izaccq22 you're going to love me even more :-* #surprise
438,2 years on #YouTube I am #amazed
439,S/O to @sarahseymour12 for coming home last night:) #surprised #missedyou #greatweekend
440,You know it's going to be good when your google search starts with @thepioneerwoman #bestfrostingiveeverhad #Surprise #overthehill
441,Woke up to a random phone call from Deb saying that we're going to NYC; hurry up April!!!! #happyfriday #surprise
442,Can't wait to see where teds taking me to lunch. #surprise
443,forgot i'd bought myself 6 cream eggs.. üôà #SURPRISE
444,
445,Federer got an EARLY BREAK!!!!!!!!! #Astonished #AllezRoger #DubaiTennis
446,I feel like @ItsJRE dropped his M/V reaction for snsd just like SM dropped the M/V for tvxq out of nowhere #surprise
447,Since when do dentist chairs give you a massage? #surprise #goodchoice
448,
449,
450,Nothing like a torrential downpour to reveal that the leaks by your office window are back. #surprise
451,"Wait, so that coincidental Russian military exercise on the border of Ukraine WASN'T a coincidence!?! #Astonished #SoSurprised"
452,
453,Won $8 on a lottery ticket #surprise
454,
455,Districts 2014 could not have started off any better #wawa #surprise
456,Just woke up to the greatest news!!! She is still nameless but she is here. New little baby Gonzalez was born!!!!! Aaaaaahhhh #surprise
457,
458,
459,
460,
461,Very excited to have a shoot with my favorite photographer! very lucky #amazed
462,Florida would be hype for spring break #surprise
463,Just watching @Dynamomagician and the guys nuts!! #Amazed
464,Where did that come from??? I have guts? #surprise #notawuss #notallthetime #lolz
465,
466,
467,Buzzing for tonight @jamie_white123 #surprise
468,Sangakkara has &gt;12000 runs but just 18 Tons whereas Kohli has &lt;6000 runs but 19 tons. #surprise #IndvsSL #cricket
469,This weekend is going to be good! (: #surprise
470,The weird thing about having a blog is forgetting you scheduled a post and suddenly it auto-posts to all your social media. #surprise
471,Orite....news just in we play with SKATERS and DROWNERS in #Hull this Saturday at Fruit. All good yeah. #Surprise
472,Went to Holbrook's office hours... He's seriously the nicest guy ever #surprised
473,
474,
475,
476,
477,
478,Hello weekend #TGIF #surprise #bigplans
479,Actually got that the name Persol came from the italian words per-sol (for sun). #wow #newsnight #surprise
480,
481,Jeeze continuity on Michonne's shirt in this weeks The Walking Dead was awful! #surprised
482,
483,
484,
485,Thinking of going out to see him play tonite! #excited#can'twait#surprise#luvtejanomusic#sexy#Hot
486,@xchelseacouture All I can say is WTF!!! #surprise
487,"Wonder &amp; astonishment - metaphor works in a strange way. Two plus two doesn't equal four, it equals three. #AWP2014 #intuition #surprise"
488,"Told both my parents I wasn't coming home today, but I actually am! #Surprise #HomewardBound"
489,working on a new project I'm very proud of...stay tuned...few more days. #astonishment
490,WOOHOO! My First anniversary of bieng a DJ!!! Wow! Good job for me LOL! #Anniversary #Funtime #Fuckyeah #Surprise #DJ #ToAwesome4Me
491,
492,"Each and every time God has answered my prayers in the past year, He has given me more than I asked for and could have imagined. #Amazed"
493,
494,
495,
496,
497,
498,President Ayers stepping down 2015? #surprise
499,
500,
501,"Know your girl's a keeper when she knows all the words to ""9 to 5"" by dolly parton! @WakefieldDrew17 #amazed"
502,Woke David up by ringing the door bell üòù #surprise
503,
504,
505,It's definitely been one of those weeks #surprised #Mindblown #stressful #depressing #istillmissyou
506,Just turned on the telly only to see my dear friend @williamhanson talking about royal funerals! #startled
507,This beats music app is actually legit #surprised
508,I‚Äôm being taken out for a bimble tomorrow afternoon and I don‚Äôt know where yet #surprise
509,#Emirates check in at malpensa airport staff not the usual kind like other places. Didn't get the hotel voucher during check-in #surprised
510,"My #school is #closing for the #day because of the #LArain? #Wow, that sure is #something. To me, anyway. #Surprised"
511,Bags packed.  Tomorrow's going to be crazy. #Surprise
512,"Amazed by the kindness of others.  GOD is always amazing me, even after a pretty rough day yesterday. #amazed #THANKFUL"
513,
514,
515,So my parents have no idea I'm flying home rn #surprise
516,
517,
518,Absolutely glued to the tele #troy #amazed
519,
520,Mum doesn't like what I want for my next tattoo #surprise
521,And here I was thinking Game of Thrones was a TLC show featuring bathroom makeovers. #surprise
522,Just spending a little quality time at Starbucks with @brlong #missedher #surprise
523,@TROYmagician that phone shop stuff was RIDICULOUS #amazed #teachme
524,Well the confirmation ticket came in the post within 3 days how quick is that! #oz #surprise #15days
525,
526,Dear lord! @chriscolfer &amp; @adamlambert singing together is perfection!! I just love both of their voices but together just WOW #Glee #amazed
527,
528,#Elementary #Surprised
529,
530,Here we go again.. #surprise
531,
532,
533,
534,Catching up with @TROYmagician how does he do it!!!!!!! #amazed
535,
536,I HAVE THE BEST FRIENDS IN THE ENTIRE WORLD!! Best bday present ever @karlicasto @anniashworth I love you guys so much #surprise
537,
538,Loved spending the afternoon with two of my all time favourite people @Moo_moo_94 and @SarahCopping1 #Chats #Muffins #Surprise
539,#Troy is just too much #Amazed
540,Only God can take your worst failures &amp; darkest moments and turn them into a beautiful story for His glory. #amazed
541,
542,Omg! Who knew Lilly singh can rap #amazed
543,@emilymann31 is actually the best &lt;3&lt;3 #surprise #gift
544,Two more days till my dads surprise 50th party! :) #Sunday #Surprise #50th #Party
545,
546,"Dressed down casual Fridays, and I was stopped for street-style on campus.... What. #surprised"
547,So awkward talking to mum when she thinks she's not gonna see me for two weeks... Shes got no idea she's gonna see me tomorrow üôä #surprise
548,2014 so fast. 2moro is march #surprised
549,"yeah, im the best daughter ever üíïüëå #surprise"
550,
551,
552,
553,Dizzy is always killin it #amazed
554,"I'd hate to think what goes on in my brain, I have no idea
#confused #amazed"
555,AS IF JAY Z!!! just came on!!! #drunkinlove #jigga #surprise
556,
557,
558,Insurance you lie.. Telling me you wouldn't cover eye prescriptions but then you do #surprised #thankgod
559,
560,
561,@dcomp: I wish I could share what just happened. #surprise #oneamazingfriend
562,@JamesBlunt my new favourite person to follow on twitter #surprised
563,I just love surprising people üòà lol hopefully this works out. #surprise #dance #jrotc
564,JAMES IS HOME!!! #surprise
565,the kids don't know I'm showing up at their house #surprise
566,did anyone else know there is now a noodles and company in orlando bc im their #1 fan and was unaware #surprise
567,
568,Peanut butter &amp; jelly pancakes are surprisingly good #surprised
569,
570,
571,
572,Ahhhh another Ohio State violation #surprise
573,
574,
575,Check your bill for Obama care sur charge! #surprise
576,About to make my best friends day &amp; she don't even know it! #surprise
577,
578,
579,
580,Didn't Know #oomf Could Have Run Uh... #surprised
581,
582,
583,Apparently Adnan Salif is a WOMAN. One that kisses Harrison. #Scandal #Surprised
584,Looking forward to connecting with @bschussler next week! #awesomementor #surprise
585,
586,"News flash: People actually enjoy my company, rather than my sh*t #surprise #gofuckyourself"
587,S/o to @ryan_callahan5 on that snapchat #amazed #blessed
588,Honestly didn't know you could do voice messages on Whatsapp! üòÇ#Amazed #Whatsapp
589,Cops everywhere #surprise #surprise
590,So excited for the weekend#surprise
591,Happy Friday!! Stay tuned in tomorrow....We have a surprise for all of our followers!! #surprise #happyfriday
592,
593,
594,Scrimmaged against varsity todayüòÅüëå#weregood#surprised
595,
596,
597,I bet Ville Leino would fit inside Miller's hockey bag..... #surprise
598,
599,
600,
601,"Woahhhh, The St.Louis Blues just acquired Ryan Miller and Steve Ott from Buffalo.#surprised"
602,The look on my mom's face when I knocked on the front door &gt; #SURPRISE #ImHome
603,Just watched a 4year old watch in awe as her mother praised God with arms raised at the Global Missions Conference at FBC tonight! #amazed
604,
605,I was blessed with a blue and white Loper-themed knitted hat and scarf on my door step when I got home. #Loper #Surprise #ThankYou
606,@JordanBorneman spending a weekend away with most amazing boy. #inlove #surprise #trip #date
607,
608,So my mom is taking me somewhere and won't tell me where #surprise #actuallyscared
609,Come join the celebration tonight at @BarwisMethods #itsaparty #birthdaysex #foodporn #booze #detroit #motorcity #funnyordie #surprise
610,
611,Probably call her later ;) #SheKnows #surprise #WeGonLast #Period
612,
613,
614,
615,"@Karnut442: Did I really just run 4.1 miles with @erinengelke? Yes I did, now where can I lie down!? #surprised #hungry"
616,
617,
618,
619,So much respect for the cheerleaders #amazed
620,For no reason whatsoever @discover sends me a @starbucks gift card! Amazing! That's the perfect gift. #amazed
621,
622,Love finding money unexpectedly! #surprise #gifts
623,Little cameo from skinny Pete aka @CharlesEbaker in prison break! #surprise
624,What are some good #pizza spots in the west #Valley? My friend @Dadofeve wants to know. #Peoria #Glendale #Surprise #Avondale #Goodyear
625,"God, I love Your plan for my life. It's so amazing to see what all You've done for me. You've made great things out of the terrible. #amazed"
626,Your gonna break another promise. . . . #surprise
627,
628,
629,
630,.  @RahRahPurv &amp; @RJPRESTENBACH just fought over who was going to bust the can of biscuits open!  #surprise #JackInTheBox
631,Major achievement of this rainy Friday afternoon? Impromptu performance of two-hour nap. #surprise #bigwin
632,
633,
634,@aliciastearns Woman. You're speedy. #amazed
635,
636,"I saw @martinamcbride in college when she was supposedly ""sick"" &amp; she had the most amazing voice live ever. Things haven't changed! #amazed"
637,And tonight I set my heart free!#Ridaastomp#amazed#loveit
638,I'm on an airplane to Chicago that's almost like a midnight train to Georgia! #Surprise
639,
640,I knew of him but after hearing &amp; seeing what I saw on SwayInTheMorning I just woke up cus I've been sleeping on @CyhiThePrynce #Amazed
641,
642,'Follow the Drinking Gourd' is playing on the Toddler music station. #surprised #impressed
643,i know my moms pin maybe i should just pay for it myself #surprise
644,Madelyn is having a blast at GoofBalls. #amazed
645,
646,@rakeemhardy you're a beast. #amazed
647,
648,Riding in Evans new truck!! Happy Sweet 16 Little Brother!!  #surprise
649,Not going out isn't bothering me as much as I thought it would #surprised
650,How did I manage to pull an A- in A.P. History? I'm so confused #amazed
651,@_TheSnake_ had no clue I was rolling up to Marquette this weekend #surprise  #Wisco
652,Im just saying that my friends are going to love me when i get back tomorrow night... i cant even say why #surprise
653,NoFrills is officially underway. They won't believe what's coming next! #surprise #NoFrills2014
654,
655,lol dad bought a hamster without mom knowing #surprise
656,Going into macys to shop and find out I have a $60 giftcard #surprise #macy #shopping
657,
658,
659,@GameOverGreggy @DMC_Ryan watching #BEYOND through IE on #XboxOne and it didn't blow up #amazed
660,My dad is watching #StarCrossed on his own free will. #surprised
661,
662,@gclifford4 You should work on getting a kid tonight...they are twice as fun as those surprise bags!! #surprise
663,Mad props to the 200 fr relay #Acut #goin2thashow #hailwv #amazed
664,@hannahalbers literally has the voice of an angel #amazed #wishiwasnttonedeaf
665,
666,When a girl you crushed on randomly hits you up &gt;&gt;&gt;&gt; #surprise
667,#captionphillips was actually good. #surprised #goodpick #gonnahavenightmares
668,Did this week just flew.. Or was it just us who felt that! #astonished #lookback
669,"So I just get out of the shower, and I'm wearing my robe when the mailman knocks on my door. Guess what, I'm naked! #surprise"
670,
671,
672,
673,We have only been at DNOW for three and a half hours and God's presence is already so overwhelming. #amazed #inawe
674,
675,Now at the American Cemetery. #Amazed
676,
677,"I have a new-found respect for fat people .. The mobility, the stamina, the endurance .. #Astonished #Baffled"
678,First time watching Boys Gymnastics üò≥ #Amazed
679,All of these pleas for help for these troubled children and not a father in sight! # beyondscaredstraight #surprised
680,Woah hello Demi Lovato on Grey's üò≥ #surprise
681,I love how beautiful Orlando looks! I think I'm going to become a gajillian-aire and buy it #Amazed
682,
683,
684,So I suck at basketball but I ain't that bad on defenseüòé #Surprised
685,lololol i just found $60 in a card I got for my 12th birthday #surprise #oops
686,When you think you know someone. üòÇ #SURPRISE
687,
688,Non-Stop is a fantastic movie!!! MUST SEE IT. #amazed
689,Thanks @JosieRogers3 and everyone else that helped make this the best birthday ever! I love you guys!! #surprise #party
690,
691,
692,
693,Got my Prom dress #excited  #exciting #withmygirls! #surprise
694,Jacob Hespler killed it #Sears2014 #amazed
695,Get home &amp; moma went to the bar ? #surprised
696,I can't believe I'm just now discovering @puppiesandPR... Literally two of my very favorite things! #amazed
697,
698,
699,
700,A good dinner date tonight with @ShelbyDoornbos was amazing #blessed #amazed #great
701,
702,
703,
704,
705,@carlyraecatt wins best gift giver wow that was greatüôåüòÇ #peaches #surprise
706,Took out my contacts and forgot to put my glasses on and happily proceeded to the rock. I finally realized how blind I am. #amazed
707,
708,My night just got a million times better now that @One_reLAXed_bro just showed up! #surprise
709,They dont even Damarcus Cousins playing tonight? #Surprised
710,Sadness is an addiction... #amazed
711,
712,Hey @ARVIEDDERRICK guess what?! I love wings. #surprise
713,Highlight of my day: seeing  some of the football guys #surprise
714,
715,The Grandma couch dress bride looked beaitiful at her wedding #surprise #SYTTD
716,
717,
718,Saw a friend tonight I hadn't seen since before Xmas. She had a baby 3 weeks ago &amp; didn't know she was pregnant until 6 weeks ago! #surprise
719,
720,
721,
722,Omg Jake is actually playing league #amazed
723,Tomorrow is about to be a really good day #surprise #excited
724,I thought it was aadhar card and not aadhar paper :/ #surprise
725,
726,Had an awesome night #SonofGodmovie @Forteforte22 to much fun #surprise
727,
728,
729,
730,I've never seen church like this in my life. Like ever. #Amazed
731,
732,"Every day I play the game of ""how many episodes of breaking bad can I watch before I want to cook meth"" and today it's only 4 wow #surprised"
733,Dont no wjat to do any more! Cant believe she would do this to me!! #Surprise
734,"I'll follow Johnny Football, excited about my new jersey purchase! #Surprise"
735,"Display-Window-revamp, another way to #elevateyourbrand ...and yes! We can help your business shine. #brand #surprise #az #2014goals"
736,"Told @katieconfalone3 I was born on New Year's Eve, and she asked if it was the 31st or the 1st..... #amazed #thatsabrookecomment"
737,What a great night!‚ò∫Ô∏è #amazed
738,
739,"""@RoxySowlaty: In other news @Morgan_Stewart tooth fell out at dinner""#r u kidding me* #surprised"
740,
741,
742,"Bates motel is a lot more interesting then I thought.

#surprised"
743,
744,I knew I should have stayed for beers after work. #surprise
745,Now ahmedabad have many WiFi areas cz of @narendramodi a big thank :) #YoGujSoDeveloped  #amazed
746,oh! #surprised
747,The stars are beautiful out here in Philly I'd never see this in Detroit #Amazed
748,It's incredible the number of my residents who understand Spanish after inebriation #surprise #Laverdad #RAproblems #schroeder4life
749,the amount of trashtalk and lies that some bleeding vagina can tell. #amazed
750,
751,
752,Wow watching New Mexico Gameday and JP said leading scorer in state is at 22.7? #Wow #Surprised #IWouldHaveRanAwayWithIt
753,
754,
755,"Holy F***, shark death by pool Q wielding environmentalist in a bikini. #lolz #sharknado #surprise"
756,The tonight show bloggers make the show feel so personal #amazed #FallonTonight
757,Tonight turned out better then I could've ever planned ‚ò∫Ô∏èüíïüéâ #surprise
758,I honestly wonder like what goes through people's heads? Do you even think???? #amazed #pplsuck
759,Tomorrow I am going to do something extremely nice for the girl I consider my baby sister. #surprise
760,Show up to work to find out that I'm training a new nurse. #surprise
761,
762,
763,
764,What a miracle. Just right on time! #Amazed
765,Walked into my room and boom #Georgia #surprise #sleepover #thebest #bulldoglove
766,"So Lego movie much to my surprise was worth every dollar, loved every minute and was blown away #LegoMovie #amazed"
767,
768,God can work in such mysterious ways! Big things can come out of something so small. #Amazed
769,But actually Los is pretty good. #surprise
770,You think u know your house well enough to walk through it in the dark.. until someone leaves the hall closet door open... #surprise #ouch
771,
772,@LukeBryanOnline  can put on one hell of a concert!#amazed
773,Finally got tatted Tonight. #amazed #finally
774,
775,
776,Woke up thinking it was #sunday BUT it's #SATURDAY yay!! #loveitwhenthathappens #surprise #1monthuntilmybirthday
777,A currency not issued by any govt traded on an exchange intended for magic the gathering cards turned out to be poor investment? #surprised
778,"Excited to spend the day with my bestie today, shopping &amp; surprise this afternoon hehe @clairesanders1 #girlsdayout #surprise #qualitytime"
779,
780,
781,
782,"Thank you Lord, na surprise talaga ako :)
#blessed #f1stdayofmarch #surprised"
783,The Lego movie is actually a good movie #surprised
784,
785,
786,
787,@altontowers just booked birthday mini break for the CbeebiesLand opening! Kids will love it. #excited #surprise #familytime #birthday
788,
789,
790,
791,
792,Can not believe I'm going to see #beyonce next week!!!! #surprise #excited
793,Had so much fun sober tonight #surprised
794,And just when I thought you couldn't get anymore pathetic.... #surprise
795,
796,
797,
798,Gosh I'm up early today!! #surprised
799,Birthday today !! Going out for dinner later :P so excited !! #b-day #birthday #surprise
800,"Ok, so things are not going as planned this weekend. It's ok, I Love improv :) #Saturday #weekend #fun #surprise"
801,"woke up fresh as a daisy üòÅ, what's the catch ? #surprised"
802,
803,Omg Darin drove me to Walmart and then Safeway and we didn't die and he isn't as horrible of a driver as I thought #surprised
804,
805,Birthday month!!!!! #Liverpool #21 #party #surprise #madrid
806,Celebrating my dad's birthday with Sunday lunch @KinghamPlough tomorrow. I cannot wait. He doesn't know where we're going either. #surprise
807,Its strange feeling when you realize how much you are learnig every day. #amazed
808,Had a lovely mooch round market harboro decided to cook a Chinese buffet for @jojopike10 tonight. #duck #beef #surprise
809,"just booked a little surprise for @andrewmac36 , roll on March 17th #london #charliechocfactory #xmasprezie #theatre #another #surprise #too"
810,Just landed...what up Sydney!!! #Surprise #OneDayTrip #BrokeAsAJoke #Shhhhh #DontTell
811,
812,I'm Such a nice sister letting her borrow a dress for tonight #mustbeinagoodmood #surprised #party #drinks #dresses #heels
813,
814,
815,
816,
817,
818,Little Lucy comin home tadayyyyy!!! Moms gonna shit #surprise
819,Flo-town bound today to see my baby girl!  #surprise #happymomma
820,Can't wait to get back n shoot my first collab with my bro @THEDARKMC all I can say is this track is the doppest #2014 #music #surprise #uk
821,
822,I'm so happy! #thevoiceseason6 #India #surprise
823,
824,
825,Feeling a little overwhelmed!! Don't think it's the meds either #surprised
826,Tell me how I only got an hour sleep and in wide awake again ? I don't get it #amazed
827,Lesson number one for volleyball players : Expect the unexpected ! #amazed #volleyball
828,My flowers from Valentine's day are still aliveüò≥ #Amazed
829,Massage makes the world feel better (as does sunshine)! #surprise #balance #metime
830,
831,
832,People actually queue to get on the bus at weston park bus stop..like literally! #amazed
833,
834,
835,@AlliDePuy happy birthday beautiful!!! Miss you! #surprise
836,
837,"alright, after 30x's of parallel parking, im ready, but the driving center isn't open on sunday #surprised"
838,Sooo we may or may not being doing something cool in NYC. #staytuned #iluminate #NYC #surprise
839,"Waking up to a fat, bloody lip.
#SURPRISE"
840,#LasIguanas for Shauns birthday meal ^.^ #Surprise
841,
842,Something shitty nobody knew I was leavin until my tweet. Lol #surprise
843,"üëàsearch on google images: scariest horror movie 
    then im like O_O #surprised"
844,I think Im starting to fall for you #someonenew #surprised #itsamiracle
845,
846,
847,What to do on the first Saturday with no comp cheer practice...watch @UCAupdates all-girl finals on @ESPNU #amazed
848,
849,My motivation to live right is the love God continually shows to me. #Amazed #JesusLover
850,Amazeballs full body scrub and manicure - BFF forgiven #surprise
851,Holy smokes @WesternMustangs MVB is playing for a national championship tonight! Good luck boys! #set #spike #surprise #PurpleReign
852,
853,Oh. My. GOODNESS!!!! I just saw a bunch of tanks...on the street. Like real tanks... #amazed
854,March is National Craft Month-that goes hand in hand with SM. : ) Should I make toys out of the ordinary all month? #surprise
855,"Off to see Mumma, Baba and Bobba #Surprise #ForUsAll"
856,
857,Aww man Willow and Oz were well cute. #BtVS #Surprise
858,I had no clue a human being could do that to you.... #amazed #makemehappy #bringoutthebestinme #itswhatyoudo
859,That was by far one of the best things to wake up to ‚ô°‚ô°‚ô° #surprised
860,I need to pick up my s.a Mario we on our March Madness.  #surprise
861,UFC Kim Dong Hyun imba elbow attack! #amazed
862,So @Putin wants to use troops in #Ukraine.  Nobody saw THAT coming. #surprise
863,
864,
865,Am I dying my hair !? Who knows !? #surprise
866,"""So this is love...."" ""I know you I walked with you once upon a dream..."" üé∂üé∂üíúüíú #sleepingbeauty #cinderella #disney #amazed"
867,Watching these guys squat 1100+ lbs at the #XtremePowerLiftingCoalition finals at the #ArnoldSportsFestival #amazed
868,
869,"I have managed several games of Ticket to Ride last few days, not my normal game to like &amp; play. But I am enjoying it. #boardgame #surprise"
870,God clearly wanted to show me he had a sense of humour last night! #amazed
871,Surprise yard sale. #surprise
872,
873,Woke up this morning at 9 with a Mexican staring at me wtf #surprise
874,
875,Apparently a lot of people want this month to go by pretty fast #surprised
876,
877,
878,
879,How on earth do chavs fall pregnant so easily literally pop one out after the other!! #amazed
880,
881,Treated my man today as he works so hard. Hope he likes it #surprise
882,
883,
884,Hunt on for Tabb #surprise  #itfc
885,
886,"Brothers game in Marshall,MN gonna surprise the FAM by showing up at the game #surprise #haventseenyouinawhile"
887,
888,Alpha Sigma Alpha-Theta Kappa came out in the speaker's speech at District Days!! #surprised #ASADistrictDay
889,"Wow, I'm in awe that someone verified is following me on twitter and someone who has such an important job too. Welcome @JohnEMichel #amazed"
890,
891,
892,
893,
894,
895,
896,
897,
898,
899,
900,
901,
902,
903,
904,
905,
906,
907,
908,
909,
910,
911,
912,
913,
914,
915,
916,
917,
918,
919,
920,
921,
922,
923,
924,
925,
926,
927,
928,
929,
930,
931,
932,
933,
934,
935,
936,
937,
938,
939,
940,
941,
942,
943,
944,
945,
946,
947,
948,
949,
950,
951,
952,
953,
954,
955,
956,
957,
958,
959,
960,
961,
962,
963,
964,
965,
966,
967,
968,
969,
970,
971,
972,
973,
974,
975,
976,
977,
978,
979,
980,
981,
982,
983,
984,
985,
986,
987,
988,
989,
990,
991,
992,
993,
994,
995,
996,
997,
998,
999,
1000,
1001,
1002,
1003,
1004,
1005,
1006,
1007,
1008,
1009,
1010,
1011,
1012,
1013,
1014,
1015,
1016,
1017,
1018,
1019,
1020,
1021,
1022,
1023,
1024,
1025,
1026,
1027,
1028,
1029,
1030,
1031,
1032,
1033,
1034,
1035,
1036,
1037,
1038,
1039,
1040,
1041,
1042,
1043,
1044,
1045,
1046,
1047,
1048,
1049,
1050,
1051,
1052,
1053,
1054,
1055,
1056,
1057,
1058,
1059,
1060,
1061,
1062,
1063,
1064,
1065,
1066,
1067,
1068,
1069,
1070,
1071,
1072,
1073,
1074,
1075,
1076,
1077,
1078,
1079,
1080,
1081,
1082,
1083,
1084,
1085,
1086,
1087,
1088,
1089,
1090,
1091,
1092,
1093,
1094,
1095,
1096,
1097,
1098,
1099,
1100,
1101,
1102,
1103,
1104,
1105,
1106,
1107,
1108,
1109,
1110,
1111,
1112,
1113,
1114,
1115,
1116,
1117,
1118,
1119,
1120,
1121,
1122,
1123,
1124,
1125,
1126,
1127,
1128,
1129,
1130,
1131,
1132,
1133,
1134,
1135,
1136,
1137,
1138,
1139,
1140,
1141,
1142,
1143,
1144,
1145,
1146,
1147,
1148,
1149,
1150,
1151,
1152,
1153,
1154,
1155,
1156,
1157,
1158,
1159,
1160,
1161,
1162,
1163,
1164,
1165,
1166,
1167,
1168,
1169,
1170,
1171,
1172,
1173,
1174,
1175,
1176,
1177,
1178,
1179,
1180,
1181,
1182,
1183,
1184,
1185,
1186,
1187,
1188,
1189,
1190,
1191,
1192,
1193,
1194,
1195,
1196,
1197,
1198,
1199,
1200,
1201,
1202,
1203,
1204,
1205,
1206,
1207,
1208,
1209,
1210,
1211,
1212,
1213,
1214,If #Sunderland win then #Brown &amp; #O'Shea will have equalled #mufc 's trophy haul(excl. comm. shield) since they left. 1 apiece. #Surprise
1215,Suddenly im in front of you right now. #surprise
1216,Suddenly i leave you. #surprise
1217,Made my brother pancakes he didn't even ask for them^-^ @NickMiller_5 #betterloveme #surprise
1218,7) the thing #PR people hate the most is being #surprised #overinform #CYAemail #CuseCon #media
1219,
1220,
1221,I found out from my footie teammates that shaving your pubes really short is becoming a str8 boy thing #surprised
1222,Classic guy I was a shiva to is now dating a girl from the bachelor #surprise
1223,We are bound for one shocker tonight. What do you think it is? #Oscars #AcademyAwards2014 #AcademyAwards #TheOscars #TheOscars2014 #surprise
1224,
1225,I'm here guys with a surprise sorry for the wait but it's worth it #surprise
1226,Thank you peppermint essential oil - I think you helped me find my brain this morning more than caffeine did #surprise
1227,"Dude, I'm so deep in the zone #Amazed"
1228,Never though I'd be a camaro fan but I truly enjoy mine. #surprised
1229,I pray to god their is a good explanation for this. Never thought you would be this person. #surprised
1230,
1231,If I get this bugeye I should put something in it that nobody else would think of.  #surprise
1232,Ok... So I just realized that the picture on the clock app is the exact time!! üò±üò± (I'm shocked rn) #amazed
1233,"Had a dream that I was slow dancing, and I actually did good. #surprised"
1234,just beat level 236 on candy crush w/ one move üò≥ #amazed
1235,Suprisingly.... 2nd female for Team Northumbria yesterday against pure runners #boom #surprised
1236,Unexpected events are the best. #surprise #unexpected
1237,Watching Bear Grylls #amazed
1238,
1239,
1240,I can't wait to get my monogram shirts in the mail. I've actually forgotten what colors I picked. #surprise
1241,"So happy this is happening now, not later when it's too late. #surprised"
1242,Undertaker back near #wrestlemania #surprise #WWE
1243,"Seriously, how did the weather do that? #amazed #meteorology"
1244,
1245,#PakvInd despite best efforts to throw the game away (incl last ball) #Pakistan won. #Shocking #surprise #welldone #finally
1246,I only got this so I can follow Taylor swift and the kardashian's #amazed
1247,One week tomoro ‚ù§Ô∏è #surprise
1248,first time in along time i had a poptart and it actually filled me up #surprised
1249,Umm my husband might be the best husband ever... seriously. Came downstairs and he had treated my cutting boards with mineral oil. #amazed
1250,The Kingdom of God will CRUSH the kingdom of Satin. #amazed
1251,Too sweet to come home to prezzies on your bed. #surprise
1252,
1253,I guess falling in love in the pita pit isn't a good choice. #surprise
1254,There is absolutely nothing like the presence of God! #amazed
1255,
1256,
1257,Jo bought me that bike I wanted and when I walked in my room it was in thereüòÇ #surprise
1258,Wondering how you even hide your phone? Your in spandex and on a mat? #amazed
1259,An Olympic skier just liked my photo of Aprica on instagram #surprised
1260,@EMMUREmusic Nemesis is such a beast of a track. #datvoice #amazed
1261,
1262,so much stress for this day! Grabe yun Lord grabe ka talagaaaaaaaaaa sakin tsk. #surprise
1263,If you go down to the woods tonight you'll find @ops_mgr @OscarJMalek ready for @MasterInnH #MIALD in the #treehouses @chewtonglen #surprise
1264,Roberto Soldado scored üòê and it wasn't a penalty üò≤ #astonished #itstheapocalypse
1265,
1266,The way my mother is taken up by @thementalist my word...she is going at it like no one's business. #surprised #self_smirk
1267,"I swear my #TurnUpOrTransfer shirt gives me drinkin powers #Amazed"
1268,I dreamt I went to Belgium and whoops guess I'll make that my big birthday plan #surprise
1269,
1270,"Son of God the real deal...
The depths of God's love for us is amazing!
#amazed"
1271,
1272,I have never met a German who speaks bad english. #surprise
1273,"When Courtney just shows up&gt; üò≥üòÇ 
#surprise"
1274,Chillin in boston. Got @NSiccone goooood #surprise #hekilledit #company
1275,Officially hit 500 followers!!! Thanks to everyone for the love and support!!! #feelingthelove #amazed #justwanttomotivate
1276,so crazy a wave crashed through my restaurant window yesterday #astonished
1277,"Cleaned out iPhone notes=About 50 biz ideas, written IN FRUSTRATED CAPS b/c there must be a better way. Most abt airport travel. #surprise"
1278,
1279,
1280,
1281,
1282,"Never did I think that id be going to prom two years in a row, nor did I think this years dress would be camo. üôà#surprise"
1283,That was fast... #surprised
1284,
1285,
1286,
1287,
1288,Had a Moleskin from @FT #pleasant #surprise
1289,
1290,I'm excited for tuesday even more now lol #bae #surprise #dinnerdate
1291,Birthday in Lithuania and might be doing something for the first time in 5 years #surprise
1292,
1293,"Really feeling ecstatic.. A valuable addition to whatsapp, A valuable addition to life #surprise"
1294,I've got a little secret that nobody knows.. But everyone will fine out soon!!! üòÅ #so #excited #big #big #surprise
1295,Who knew KMart would have the cutest lingerie I've ever seen #surprise
1296,Not sure who I'm excited to see perform more.  My favorite @Pink or Idina Menzel #Frozen #Oscars #surprise
1297,There are so many beautiful women in Oklahoma! #Amazed
1298,Just secretly registered for like 5 ugly thingsüòÇüòÇüòÇ #surprise
1299,God's doing amazing things in my life ‚ô° #amazed #blessed
1300,
1301,Yoh but the media are so interesting. #amazed
1302,I am watching my first ever episode of Jonathan Creek...I like it. I will watch some more (and I don't normally like Alan Davies) #surprise
1303,Just caught up with @TROYmagician - blown away with the amount of talent this guy has to offer. Hooked on him #amazed #magical
1304,
1305,
1306,And I'll deep clean the apt.... #surprise
1307,These apartment building landlords are something else! I was showering and she decided to give a bathroom tour. #surprise #motherfucker
1308,Omg call me slow but personal hotspot is amazing!  I never  knew I could connect my laptop &amp; tablet to the internet thru my iPhone! #amazed
1309,
1310,Wana know what I'm doing on my birthday but no one will tell meüò© #surprise
1311,Guess who is going to the Brantley Gilbert concert ? This girl üôã  #surprise #ohmygosh #hurryup
1312,apparently I already had a instagram account. I thought some loser had stolen my username #surprised
1313,
1314,"@ITV #DOI 
Wow Beth and Haley through! Ray and Sam in skate off #surprised"
1315,Possibly going to Florida tomorrow #surprise
1316,"Hahaha, oh really you don't? #Surprise"
1317,I should have gotten some shit done but I put it off #surprise
1318,"Everything is better with a little @WhatIsAnIngrid! 
#amazed #1fan"
1319,If you go down to the woods today you're in for a big surprise. What surprise would you like to find in the woods? #surprise #find
1320,OMG thank you ma nd da ‚ò∫Ô∏è never expected that üôå #surprised
1321,"I just watched a Goosebumps episode with the biggest plot twist ever. The acting is horrible, but the plot was pretty sweet. #amazed"
1322,This playüòçüòçüòç &gt;&gt;&gt;&gt; #amazed
1323,
1324,"@bizzlestunna write on Twitter ""lifesaver"" and you'll see ... #SURPRISE"
1325,Vegas over spring break! #surprised
1326,Just joined Alpha Lambda Delta and Phi Eta Sigma... #surprise #resumebuilder
1327,
1328,My #sister and I were so focused on our conversation today at the @ukphotoshow we managed to walk into the Gents! Opps! #giggles #surprise
1329,Radical pedagogy is ironically brightening my Sunday studying. #surprised #supernerdstatus #educationlove
1330,Getting out of bed and putting deodorant has really got my day headed in the right direction finally. #surprise #themoreyouknow
1331,
1332,
1333,Came home to a mac lipstick and goodluck card on my dresser...sean is so cute‚ô• made my day...#pickmeup#surprise #mint
1334,I spent $17 on make up for Antigone...am i sick?? I actually bought make up?? #surprised #Antigone #NAHSproblems
1335,"The fact that Ray changed his name to ""hubby"" in my phone makes me smile.üíãüòç‚ù§Ô∏è&gt;&gt;&gt;&gt;
#amazed"
1336,wow &lt;3 #amazed #In_love
1337,At least you made peace this time #surprised
1338,I work with a GoGo Girl and didnt even know it.... #surprise
1339,Results are out for the Northumberland Coastal Ultra and apparently I finished 1st in the MV40 category. #Surprised
1340,
1341,I've done so much reading today! #Surprised
1342,
1343,Sooo magically I now have two of the exact same snuggies... How this happened is beyond me... #whereyoucomefrom #surprise
1344,
1345,
1346,
1347,Picked out some lovely #bacon at the store yesterday but apparently put it in someone else's cart. #SURPRISE
1348,Hmmm. Frequency of checking twitter seems directly related to the degree of difficulty of what I mean to be doing. #surprise
1349,
1350,
1351,"On the bright side, Grandpa wants me to move to Cali after I graduate! ‚ò∫Ô∏èüíï #surprised"
1352,
1353,
1354,It's sad that a 5 year old has an iPhone 5 and my phone is an Obama phone. #amazed
1355,Just watched ABOUT A BOY -- the new TV series based on the movie. I liked it. It goes on my to-watch list. #Surprised
1356,
1357,
1358,I know she hates this but @VivaLaDiane you have something coming in the mail !!!!  #surprise #unknown #whatisit
1359,Wait so Oasis actually has more songs than just Wonderwall??? #surprised
1360,
1361,
1362,The more I see @GiulianaRancic dress the more I love! #surprised #Oscars2014
1363,"@iFani_Haymani you took and still taking S.A hip hop to another level! So you didn't win but impact was made, by you! Qina ndoda. #Amazed"
1364,
1365,
1366,I can't even begin to describe today. #amazed
1367,
1368,lol i thought i was awake this whole day. but as soon as i drink a glass of orange juice *bang*  wow ! #awake #surprise
1369,Being painfully honest actually kinda worked this time. #surprise
1370,Preparing for our channel launch on St. Patrick's Day (March 17th). Stay tuned in. Big things are happening! #Filming #Surprise #Youtube
1371,The faces of the boys at my sisters 18th when P Money rocked up üòØ #Priceless #G #Surprise
1372,I have some exciting news to share with you guys. Keep your eyes peeled.  #SaimaAjram #excited #Surprise #Fans #PakistaniMusicShow
1373,We have a fun initiative coming to our blog in the next few days. Keep a look out! #surprise #exciting #publishing
1374,I love having weekend plans ;) #surprise
1375,"Finally made it to bed, and hidden inside it is a hot water bottle #cosy #surprise"
1376,Never too old for a #Kinder #Surprise
1377,No hat for Pharrell - and surprisingly no 'hat hair'!  #surprise
1378,They had me at #surprise #shoelover
1379,when you wish for one thing and get anotherüò≥üò≥üò≥ #unexpected #surprise
1380,
1381,Thank you NYU for letting us know you plan to stay open tomorrow. #surprise#surprise #loljk
1382,
1383,
1384,"EPC called me in early. I don't think so. I'm taking the night off. Oh, and I'm quitting. #surprise"
1385,
1386,"matthew actually did a movie without smoking, surfing, or stripping??? #amazed #stilldidntwatchit"
1387,
1388,
1389,
1390,That surprise you get when the toilet seat is way colder than you expected. #surprise
1391,
1392,oh my god how i met your mother #surprised
1393,I back!!!! #surprise
1394,i want lara spender's dress!  #surprise #Oscars
1395,
1396,"Jamie Foxx making his daughter uncomfortable, again. #Surprise #Oscars"
1397,
1398,
1399,
1400,Woke up at 5 AM without realising today is Oscars. Yaay #Surprise  #EarlyBirdGoodies
1401,@TheFPShow your shows keep getting better and better #amazed
1402,
1403,
1404,"Nasa's ""Gravity"" inspired Flickr set is‚Ä¶ #amazed"
1405,
1406,
1407,
1408,"I've never been this to anyone, or anything #Amazed"
1409,This bitch is feelin me? #surprised
1410,@TheEllenShow I am surprised you are wearing sparkles... #Oscars2014 #surprised #jlawforthewin
1411,"Today was one of those altar calls when the presence of God is so palpable, u just want to stay there and you don't want it to end!  #Amazed"
1412,
1413,Do I really only have 9 weeks left of college #amazed
1414,
1415,Very good Ellen #surprised #Oscars2014
1416,My mom needs to hurry her ass home #surprise #tasteesubs #cantwait
1417,vcu already opening two hours late.. #surprised
1418,Guess my coworkers are just gonna get Sopapilla Cheesecake bars tomorrow night at work! #Surprise
1419,
1420,
1421,Jared Leto. Wow. First speech of the night is the one to beat #amazed #Oscars2014
1422,And #jared for the win. #surprise #oscar
1423,@JaredLeto Congrats my boy! Best #Oscar Speech EVER! #Truth #Amazed
1424,Surprised to see Jim Carrey presenting at the oscars! #22oscars #Iamcanadian #surprise
1425,
1426,That was a hell of an acceptance speech #Oscars #Dreamer #Amazed
1427,What a PERFECT &amp; beautiful first acceptance speech!! #Oscars2014 #amazed
1428,
1429,@Pharrell is wearing a hat #surprise #Oscars2014
1430,@JoanyDuguay 2 mars retien la date !!! #amazed
1431,@rachel_mcgrory who knew you would be so good at your job! #surprised
1432,Fuck el gran Gatsby! #surprise #Oscar2014 #Oscars2014
1433,That accent is fake. #surprise #oscars
1434,
1435,
1436,
1437,Dallas Buyers Club has two wins now?! #surprise #Oscars
1438,
1439,Harrison Ford's earring. Let's talk about it. #Oscars #surprise
1440,When you trust The Lord! You have the chance to be surprised by Him!  Love you Lord! &lt;3 #trust #God #Miracle #excited #surprise
1441,You're hanging out with them? Whaaatüò±üòÅ #surprised
1442,
1443,
1444,LOL @TheEllenShow is the best #surprise #Oscars
1445,
1446,Never thought i'd seen a block from you #surprised
1447,the fact that my best friend just ran into my room üòçüòçüòçüòç #surprise
1448,@TheEllenShow is killing it at the Oscars #surprise #Oscars2014
1449,#Oscars Capitalizing on the greatest marketing event in the world! #surprise
1450,Thanks to all you guys for all the love today! Truly blessed to have y'all in my life! #amazed
1451,All the forest police reports are literally about cannabis posession or flooding... #surprise
1452,
1453,Dallas Buyers Club entire makeup budget was my makeup day rate. Incredible. #amazed #indiefilm #oscars #DallasBuyersClub
1454,woah wtf kendra knows me so well #howdidyouknow #amazed
1455,Wait Frozen won the #Oscars #surprised
1456,
1457,Wow the grass on @WalkingDead_AMC isn't freshly cut!!! #TheWalkingDead #surprise
1458,Surprise surprise! Frozen won best animated film. #oscars #surprise #notsurprised
1459,
1460,This episode is making me anxious #TheWalkingDead #zombies anticipate them #surprise
1461,Wow gravity! #surprised
1462,
1463,
1464,Gravity wins visual effects #surprise #Oscars2014
1465,So Zac Efron and Channing Tatum can't read #surprise #Oscars2014 #Oscars
1466,@CynthiaBailey10 I recently found it very hard 2 find an African American model in an orange dress! #marketopportunity #seo #surprised
1467,Got plans for my girl Saturday #Surprise
1468,"Oh, Jennifer wants pizza? #surprise"
1469,"BRADLEY COOPER üòçüòçüòç
Reminder: I am #straight surprisingly #surprise"
1470,
1471,Ellen is actually doing a not bad job. #Oscars2014 #surprised #stilldontlikeher
1472,the act of killing ... no oscar ... #surprise #Oscars2014
1473,Wow. I really thought The Act of Killing would take Best Documentary. #surprise #Oscar2014
1474,"Tonight I watched Silence of the Lambs for the first time. Needless to say, I'm an asshole #amazed"
1475,
1476,
1477,This is a first #surprised
1478,
1479,Who would have thought you'd hear His Eye is On The Sparrow at the Oscars? And it got a standing ovation! #surprised
1480,
1481,What just happend?! They played #HarryPotter #music #Happily #Surprised #Oscars2014
1482,
1483,@mcgregror_ewan brought the disheveled man bun... #surprise #Oscars2014
1484,It's almost 10 pm and Leonardo DiCaprio still hasn't won an Oscar #surprise #Oscars2014
1485,
1486,@ScottPorter only just watching Friday Night Lights for the first time and your performance is unreal!! #imcryinglikeababy #amazed
1487,#Oscars2014  U Too - nice! #surprise
1488,u2 doing a song from a film about africa. #wow #surprise #terrific #theoscars2014
1489,Just When You Thought It Was All Good . . . #Surprise
1490,
1491,hey @Special_Kay1 Ed took more pictures of you!!! #surprise
1492,Woah gravity winning for all the effects categories! #surprised
1493,"""@stujo29: @LisaLampanelli Kim Novak will announce all the dead guys.""... and SHE'll be on the list. #surprise"
1494,
1495,"@OscarCeremony @TheEllenShow 
Hahaha loving you; Ellen is amazing and doing a great job!!!
#loving #amazed #expired"
1496,Oh my God @Lupita_Nyongo won the #Oscars2014  I am solo proud of her! #africans we can do it! #yalegraduate #standingovation #OMG #amazed
1497,Jennifer Lawrence did not win #surprised
1498,She talked about the book first!!! #amazed
1499,Jesus it's fucking #resurrectionabc again #surprise #Oscars
1500,
1501,@TheEllenShow you actually got pizza  didn't think you was actually gonna do it #surprised #gottaloveellen
1502,Lupita's reaction &amp; the crowds reaction to her made watching The Oscars worth it. #Humble #Surprised #TheOscars
1503,
1504,"Wow, @TheEllenShow actually got pizza!!! Heck yes! #oscars #pizza #delicious #yum #surprise"
1505,
1506,
1507,I would love to have been that pizza delivery guy #surprise #Oscars2014
1508,Not showing anyone my prom dress until they see me in it üòè #surprise
1509,I actually think that @AnnaKendrick47 dress might be my favorite of the night #surprised #Oscars2014
1510,Gravity won a lot of awards tonight. #Surprised #Oscars2014
1511,"apparently, i'm the only one who did not think ""Gravity"" was that great of a movie. #surprised"
1512,Found sour cream in a sour cream container instead of frijoles for the first time ever. #Amazed
1513,Gravity won again?! #surprise #notsomuch
1514,
1515,
1516,
1517,
1518,
1519,Pink is really good #surprised
1520,I didn't realize until this very moment that Liza Minnelli was Judy Garland's kid. #whoa #surprise #Oscars
1521,
1522,Honestly didn't mind Pink's version of Somewhere Over the Rainbow. #Surprised #Oscar2014
1523,Pink is flawless!!! #amazed #oscars
1524,Not a single Oscar Award yet for The Wolf of Wall Street? #surprise #TheWolfOfWallStreet #Oscars2014
1525,Pink #TheWizardOfOz #amazed
1526,
1527,@Pink is killing it right now with this Wizard of Oz Tribute! Love Her so talented! #Oscars #Amazed
1528,Is there anything @Pink can't do!? #amazed
1529,No words. @Pink I have no words. #amazed #oscars
1530,Wow Pink has a great voice!  #surprise
1531,Wow @pink just Killed it! #blownaway #amazed #somewhereovertherainbow #Oscars
1532,Homework but atleast I have a great boyfriend to keep my company (; @jessecolemanjr #blessed #amazed
1533,
1534,@Pink dress #bestdressed #bestperformance #somewhereovertherainbow #speechless #breathless #super #amazed #oscars #wow #highlight #rolemodel
1535,Oh @Pink what a stunning performance! #Oscars2014 #amazed #talent
1536,I have lived my whole life not knowing that Liza was Judy Garland's daughter. #surprise
1537,
1538,
1539,I didn't know Liza was offspring of Judy Garland #surprise #Oscars #wizardofOZ
1540,Had no idea Pink was THAT vocally talented. #Amazed #Oscars2014
1541,Its crazy how time goes by so fast #amazed
1542,Ellen as Glinda #greatestthingever #amazed #truly #hugeozfan #iheartoz
1543,Ummm I didn't realize that some of these people follow me.... #surprise
1544,Tonight was perfect #surprise
1545,
1546,@russelltovey doesn't know yet but he is going to spend the rest of his life with me in eternal happiness. #surprise
1547,My mom is one special lady tonite ‚ò∫üíçüòò #birthdaygirl #surprise
1548,Just met a guy who is friends with Montgomery Gentry #amazed
1549,
1550,I just realized who Paul Walker was. He was the hot guy in This Means War. #Amazed
1551,
1552,But I do find it funny how no other baseball players commented on that conversation #surprised
1553,Cant believe i'm almost 18 #holycrap #timeflies #imadeitthisfar #amazed
1554,
1555,She still knows me!? #surprised
1556,
1557,I wish I had her voice #amazed
1558,
1559,This tv has more features than I could ever imagine right now #amazed #vizio
1560,I think Idina is sick. #notherbest #surprised #offtempo
1561,Gravity is sweeping the Oscars #surprised
1562,
1563,
1564,Oh man #Gravity won another oscar #surprise #Oscars2014
1565,"I always thought it would come to be ""Saving Mr Banks"" vs ""The Book Thief"" due to the legacies. #Oscars2014 #Surprise"
1566,I have to say it: Best night if the year so far! #surprise #bdayparty #somuchlove
1567,"I actually feel the ""want"" to study today. I must've drank some magic juice or shit like that. #surprised"
1568,
1569,Gravity #surprise #oscars #46167Trophes10446ToCome
1570,Gravity: 6 Oscars and counting. #surprise
1571,
1572,
1573,Gravity wins another award #surprise
1574,all the the great talent in front of the camera and behind the scenes. &lt;3 #amazed
1575,happy did not win #surprised
1576,
1577,That was a really good speech #surprised
1578,"Amazing, Lopez as the new #EGOT was the fastest one to do so - 10 years! Avenue Q, Book of Mormon, The Wonder Pets and now Frozen. #Amazed"
1579,
1580,
1581,
1582,"Spike Jonez, you are a tiny little man. #surprise #Ocars2014"
1583,
1584,Apparently people here are jealous of my Dropbox shirt #surprised
1585,@ANGELlNA_JOLIE and Sidney Poitier...wow #amazed #Oscars2014
1586,
1587,
1588,
1589,
1590,Wow! Didn't expect that! Gravity wins best achievement in directing! #surprise #Oscars
1591,
1592,I've seen several of this years nominated movies and Gravity was my least favorite. #surprised  #AcademyAwards2014
1593,
1594,
1595,We're more alike then I could've ever imagined #surprised
1596,
1597,
1598,
1599,Whaaat? #surprise
1600,
1601,Well I wasn't expecting that! I thought Sandra Bullock was going to get this one. #Oscars2014 #surprise
1602,
1603,
1604,Can't believe Sandra didn't win for Gravity. #surprised #Oscars
1605,"Great show today in Columbia SC.  However, can't give any secrets away for tomorrows day off plans in North Charleston!!:) #surprise"
1606,Leonardo didn't win an #Oscar who would've guessed #surprise
1607,No Gravity actor nominated? George Clooney didn't make it? #surprise
1608,"How films that I've never heard of win an Academy Award, let alone get nominated for one, just blows my mind #Oscars #surprise"
1609,"And Jennifer Lawrence makes it off the stage without falling down, go boom. #whew #oscars #surprise #KentuckyProud"
1610,Good for McConaughey though. #Oscars2014 But here's how I really feel: Leo can't catch a break! #surprised
1611,
1612,WOW 12 Years a Slave Won!!!! #Osacrs2014 #Surprised #Congrats
1613,0 Oscars for #TheWolfOfWallStreet #Surprise
1614,@TheAcademy Just dropped my phone when #12YearsASlave won. #Oscars #surprised #shocked
1615,
1616,
1617,
1618,Wow 12 years a slave won best movie #surprised
1619,
1620,I actually expected Wolf or Wall Street to win more than it did #surprised
1621,I didn't plan on watching the Oscars but I'm happy I caught the end of the program. Beautiful show. #Oscars2014 #surprised #Represent
1622,"Night Americanos! It's 3.30 in the afternoon here in Australia, so we have gone to afternoon news featuring Aussie Oscar Winners! #Surprise"
1623,
1624,"After a long night, I leave you with this: what if it had actually been ADELE? #surprise #Oscars"
1625,The TRESemm√© 7day heat activated treatment made my hair really straight before I even used a straightener. #amazed
1626,Girls actually liked me this weekend... #surprised
1627,Matthew McConaughey's speech was so inspirational and moving. #surprised #alrightalrightalright
1628,
1629,
1630,
1631,Amazing!! #12YearsASlave for that winning @Africare it proves theres talent in the world and we can achieve greatness @Lupita_Nyongo #amazed
1632,
1633,"Leonardo DiCaprio, Johnny Depp, Robert Downey Jr and Will Smith Have Never Won An Oscar. That's ridiculous. #Surprise #Oscars"
1634,
1635,"Dad bought sailor jerry thinking I wouldn't drink any of it, he was wrong. #Surprise"
1636,
1637,
1638,
1639,Its amazing to think how much 1 soul can affect you #amazed #forthebetter
1640,"Gay dating is being explained to me by a straight girl, and she's pretty on point. #surprised"
1641,
1642,When I hear @jordandemitria and @McMakki whispering outside at 1am and I find their homemade drawings under my door #surprise #thanksguys
1643,
1644,
1645,
1646,I am consistently more and more aware of how incredibly well Daddy God loves me. #nooneloveslikeHim #amazed #blessed #beyondmeasure
1647,Zooooo trails today!! Can't even remember how zoo look like~ #amazed
1648,
1649,
1650,Guess who's eating again! #Surprise #MidnightSnack #Lardass
1651,
1652,
1653,
1654,One time put myself on an online dating website.. i used it for a psychological study. It wasn't ethical. #surprise
1655,well good thing we don't have school bc I just woke up from a nap #surprise #lolololol
1656,
1657,
1658,Here today and gone tomorrow #be careful #surprise #
1659,ASTRID the definition of a beautiful goddess. &lt;3 #amazed
1660,"Hey, the big clock in Melbourne Central freaks out &amp; does weird shit on the hour !!! #surprised"
1661,Swift key made my day easier lol!! #amazed
1662,I can't believe you were seriously about to do that.. #surprised
1663,
1664,What a foggy morning! Matches mood for rest of the day as we have new work rotas and I haven't the foggiest what I'll be doing #surprise
1665,"So Twitter sent me a DM sayin they need me back cause yall niggas were boring,  so here I am!!!!  #Surprise"
1666,You know you don't have much on when your sitting at home during the day watching the oscars #wasnttoobad #surprised
1667,"I never meant to have followers oh dear 

#surprise #nomoresecrets"
1668,Can't believe I got ¬£12 in tips on Friday night #surprised #work #function
1669,
1670,@TommySandhu legend! U got the hulkster doing you a drop! #amazed #big #wwforiginial #wrestlingfan #isharehisbday
1671,i leave #goodmorning #note to @FarhanaSyahiraY by my ex lecture #EnWan.. hihihi.. #sorry #mydear #for #surprise
1672,"Guys, I'm so drunk. #iknowiknow #surprise"
1673,
1674,
1675,I'm  makein moves. But they're low key #surprise
1676,
1677,Haaa  she smiles and she just got her way ... #thatactuallyworks #womanpower #amazed
1678,A gorgeous evening with all my favourite gorgeous people üíúüòÑüôàüç∏ #surprise
1679,
1680,
1681,Excited for a night of (early) birthday fun with @caxie_orr #surprise #woopwoop
1682,Actually the Nana meal looks better than expected #mkr #surprise
1683,"I still trip the fuck out when I hold my son I'm like ""I'm a mom?! I made this creature?!?! "" #amazed #miracle"
1684,I'm #surprised
1685,
1686,First Aid exam went so well! üòÜ #surprised
1687,Still can't believe that I actually LOVED the Eminem concert #surprise
1688,This is why I call you awesome friend! #amazed
1689,
1690,
1691,
1692,My mascara was running out so I put 2 drops of eye drops in and it worked #Awesome #TwitterTips #Surprised
1693,Apparently State Offices are closed and I have the day off (though nothing happening atm) #surprised
1694,Still don't think it has settled in üò≥ #surprised #wierd
1695,"Currently doing some trial and error.., #editing #surprise"
1696,I actually look nice today(: #Surprised
1697,There is only one place were I would like to go for my birthday tea tonight... @NandosLeigh table for 6 at 6 please #surprise #predictable
1698,@britt_valledor actually has some decent tweets.. #surprised
1699,Shocked at all my friends who just realized Liza Minnelli is Judy Garland's daughter.  #liveunderrocks #amazed #thoughtitwascommonknowledge
1700,
1701,Stoke on Trent train station is surprisingly nice #surprised
1702,Morning! @tinker_dell @diagonaIi @SashaOnishchuk @inSOPHfly @mbkittylick @Sarcasticwit #Ellen #SheRockedTheOscars #Surprise #NoOscarForLeo
1703,
1704,Just completed a beautiful wedding piece... Can't wait to show it off üòç #gottawait #surprise #stunning #pearls
1705,Lmao accepted to SUNY Cobleskill #surprise
1706,Actually made it to my lecture #surprised
1707,
1708,
1709,
1710,I got sunburnt yesterday. #surprise
1711,#REALTOR Reminder #2: When showing winterized property make sure prospective buyers know there's no water in toilet for flushing. #surprise
1712,
1713,Head to our Facebook page to see our tribute to YOU getting married to Amazed #amazed #lonestarfansrock
1714,Oh would you look at that? It snowed again! #surprise
1715,Needed that bit of good news üòä #surprised
1716,"The most surprising moment when on PTM sir raza gives the best remarks o_O
#Astonished"
1717,Okay we're all going to show up at Doc's house for practice today! #Surprise #DRHSShrek
1718,MONDAY. Wasn't actually a bad day #surprised #monday #schoolday
1719,
1720,#sabcnews that #OscarPistorius lawyer is a professional. This might just turn out like the #OJsimson's case!! #surprised
1721,This is a new record! I'm pissed off before school and it's not because of you! #surprise
1722,
1723,Finding a good hotel in NYC seems dramatically harder than in Las Vegas. Any advice? #surprise #travel
1724,Today on my daughter 10th birthday we reveal are plans to her &amp; my son about upcoming trip to #wdw for 10 days in April :) #Disney #surprise
1725,
1726,
1727,
1728,I checked off everything on my to do list today...!!! #surprised
1729,Gonna cover a Elvis song. Can you guess what song? #surprise
1730,
1731,I wonder what would happen if I just bought a husky puppie and brought it home......#surprise
1732,"So ... 
What's wrong ? 

I can't wait 

#surprise"
1733,
1734,
1735,
1736,When we reach 100 followers we will be conducting a #giveaway. Stay tuned and #share. üç™  #dubai #uae #yummy #lucky #cookie #yummy #surprise
1737,"@elliegoulding stop making me fall in love with you, you siren. #amazed"
1738,I'd love to be there when they surprise him with his birthday cake. #birthday #cake #surprise
1739,"I was called ‚Äúclever‚Äù this morning. Academia, literature, and writing clever. This has never been my high point! #surprised"
1740,~30 people squeezing in a room that's meant for max 12. #Amazed #ThingsPeopleDoForWineAndCheese #AmusingThingsThatHappenAtWork
1741,Dropping a Mashup Remix at 2am! #Surprise
1742,I never knew I like banana and toffee flavor. #surprise
1743,
1744,Didn't think it would be so hard to look for baby clothes that aren't blue or pink #surprise
1745,Didn't expect to wake up to that #surprised
1746,
1747,
1748,Part 1 of the magical mystery tour for @gemmaclaire84 birthday #privatecar #surprise #only30once
1749,
1750,Trying Telegram App but I don't meet many people who actually use it. #surprised #telegram #app
1751,
1752,
1753,
1754,
1755,He knows what a hug is?! That's amazing... #huggoodbye #surprised
1756,
1757,
1758,Danny Devito put magical thinking into his car' oil tank! #happybirthday #surprise #congratulations #wehaveoil #marioworld #redoctober
1759,
1760,Roald Dahl planned a surprise birthday party for sawdust! #surprise #roalddahl #shockinglybizarre #odd #outthere #congratulations
1761,Woke up with my period üíÅ #surprise #crampy #herestomoodswings
1762,Just got a fantastic gift hamper from team @LotusPakistan Thank u @Shireen_rehman Lots of love from @FM91_RADIO1 #HappyBunny xoxo #Surprise
1763,
1764,Couldn't be happpier my bitch is backkk üòäüíÅüíã @lexx_tilton #surprise
1765,
1766,"What makes my day today? When one of my boys shouted ""Byebye dear!"" before he went home with his Ah Ma :') #surprised"
1767,
1768,"‚ÄòTo each his/her own‚Äô Tuesdays! Get special bonus, customized, based on your recent activity! 
#surprise #bonus #TuesdayTreat #Tuesday"
1769,Jus ordered a little present for a friends birthday ... Mwhahaha!! #Surprise
1770,Who would've thought the Raptors would be in first in that division? Lord knows I didn't! #NBA #Raptors #surprise
1771,
1772,wow someone from my 4C cohort getting married already - time flies I guess? #surprised #cccc
1773,So much anime on Twitter these days. #surprised
1774,
1775,Just back home. Bangla gone mad at Pakistan LOL. #surprised #AsiaCup #BanVsPak
1776,Will never forget the Dream Analysis Session awhile ago. #amazed
1777,Charl &amp; Michelle's testimony is exactly da same #astonished# #OscarPistoriusTrial
1778,Indianrailways ON TIME! !! #surprised
1779,
1780,Pray for my brother who has his first surgery today. Especially since he thinks he is going to be playing hockey tomorrow..#surprise
1781,Wow it's actually not bad outside... #surprise
1782,Some of the things ive been wrongly accused of this week really do make you wonder quite how vivid some peoples imaginations are #amazed
1783,
1784,@BaileeMadison Check your P.O. Box around Thurs/Friday!Got cute stuff waiting 4U:)Note 4 Mom Patti too! #fanmail #surprise #BaileeFans
1785,
1786,"137 days till mystery holiday, woo exciting #surprise"
1787,@Jewels812 better be proud of me for coming into work on my day off. #bestemployee #surprise
1788,SHIT!!! James Maslow (big time rush) and Cody Simpson sa Dancing With the Stars!!! OMG!! MUST WATCH HAHAHAHAHA #excited #amazed #shocked
1789,I just signed up for a 5k. #SomehingIThoughtIdNeverSay #Surprise
1790,
1791,I just gave this girl a heart attack because i was gettin my snooze on before class started.. #SURPRISE
1792,My @amtrak train has engine problems &amp; we're just chilling on the track while they pop open the hood. #thisisafirst #nowifieither #surprise
1793,Good Night and God Bless for tomorrow. :D  #Surprise
1794,GM sales only fell 1% but the new Silverado is down 12% compared to earlier model..#surprised
1795,I'll admit the coffee is pretty good #starbucks #surprised
1796,
1797,
1798,
1799,
1800,My life's about the journey not the destination...there is always room for the unexpected. #surprised #buthappy
1801,
1802,Swapped the ancient HDD in our home PC with a brand new SSD. Let's see if the others notice the speed increase tonight :). #surprise #cloned
1803,My dad just ate an entire jar of pickles (not very impressive) in under 1 minute (very impressive). #Amazed
1804,"""Say what you mean and mean what you say."" #powerful #todaywillbeagreatday #surprise"
1805,"get past the fur, a big white ass is the prize.

#surprise #asshole #bunny"
1806,You're never too old to watch a children's movie #LegoMovie #Childhood #DrogeHumor #Surprise
1807,whoa! people getting married like hell!! #amazed #PostGrads #WhatsWrongInAnAffair
1808,"Forbes released it's billionaire list and I checked, I'm not on the list.  #surprise"
1809,Lonestar fans we still so AMAZED by you! RT #amazed #lonestarfansrock #LONESTAR
1810,
1811,ESPN gave the mock MVP to LeBron after one big game. #Surprise
1812,afridiiiiii is surelyyyy chewingggg naswarrrrr unbelievable ...... #PakvBan #asiacup #AsiaCup2014 #amazed
1813,"It's 2014, Afridi is still making brilliant comebacks. #Amazed"
1814,
1815,"Plan A, B and C are ready. Let's do it #surprise"
1816,Just saw @KhanyiMbauWORLD in Sandton wow she is much pweety in person n down to earth#amazed#
1817,7 daysüòäüôä #surprise
1818,
1819,
1820,First time experiencing Adrenaline Rush.. Literally became useful during #LM #Finals then afterwards.. #FLUSH #Amazed
1821,Chuck Norris has never had a surprise birthday party. He can never be surprisdd. Ever. #surprise
1822,I hope to be successful like her someday. #amazed
1823,It's actually kind of scary that I pulled off an 80 on my criminal law midterm with only 3 days notice #amazed #LawStudentWins
1824,Just heard my name in a movie  #surprised
1825,Woow that blew me way! God never fails to love me ‚ô•‚ô• #amazed
1826,"I like to throw my food trash and dog poo into the recycle chute so hipsters have to sift through it....

#Surprise"
1827,Sometimes forgetting to set an alarm can be a blessing #dayoff #surprise
1828,
1829,"Kid you not, some dude in Mississippi was pronounced dead, but then was found kicking in the body bag at the funeral home MIRACLE?! #amazed"
1830,
1831,A sweater and an oxford #wow #surprise
1832,Lol wait someone from Corpus actually has enough talent to be on The Voice? #surprised
1833,
1834,catching up on the episodes I've missed of #TheVoice and have already downloaded 2 songs performed from the first show alone. #amazed
1835,
1836,"Cup cakes and Capri Suns for my sister at school! üòÅüéâüéÅ
#Surprise"
1837,"Set build for #ourhouse is rapidly progressing, you'll have to buy a ticket to see what we're making though #surprise"
1838,Went to the mall to get my baby some shoes and they didn't have her size. Today's a new day #Surprise
1839,"#SluttyGuyProblems

The awkward moment when I've gotta explain 2 a woman that
I'm multi-orgasmic.

So much 4 men can only cum 1x.

#Surprise"
1840,
1841,"It's crazy how many elderly men come to the office and get cialis,  viagra and levitra samples. #gross #but #amazed"
1842,Just witness the most awesome Haitian song by this choir. I'm literally blown away. #amazed
1843,
1844,
1845,
1846,Today I learned that @mkayl10 is a child math prodigy #surprised
1847,forgot this chair was a lazy boy #unexpected #furniture #surprise
1848,Just watched a movie in class that actually taught me something #amazed
1849,
1850,"Since its cold and theres nothing to do in Monroe, my family decides this morning to go to Dallas.üòÇ #Surprise #GoodMorningToMe"
1851,My husband accidentally threw a pot of cold coffee grounds directly onto the back of an unsuspecting possum. #truestory #surprise #coffee
1852,"If he says its 9""... It just might be #honest #surprise #dirty"
1853,Hold the phones ladies and gentlemen! @jmarah29 just said he was actually full? What's goin on! I've never heard those words #surprised
1854,Can't wait to get my hair dye though.!! I've made up my mind. üòÅ #surprise
1855,Pancake day has gone and cr√™ped up on me again #surprise
1856,
1857,Wow.........i just found a new way to use my xbox one. #Amazed
1858,
1859,"Just had one of the best bus station meals @Spoleto, fresh &amp; tasty #rio #surprised"
1860,(OOC) I'm making a surprise character! #surprise
1861,Just seen that there are two 50k packs available on FUT...Looks like 2 more pack openings for you guys! #Oooo #SURPRISE #Suspense
1862,
1863,
1864,
1865,
1866,1 pancake &amp; I'm done. üò• #surprise
1867,
1868,
1869,
1870,
1871,
1872,"The person who Googled ""free printable catholic lent calendar 2014"" and came to our site is in for a treat! #LentMadness #Surprise"
1873,God is amazing. Prayer is powerful. He answers every single prayer. So have faith in him and he will see you through!  #amazed #havefaith
1874,
1875,Received a beautiful bunch of flowers from my colleagues:) #surprise
1876,The Astros are losing. #Surprise
1877,
1878,"At that point in revision when I think, ""Did I really write this?"" #amazed"
1879,Had an interesting day @aperam Genk. Nicer than I thought! #surprised
1880,
1881,New laptop with Windows 8 actually really good #surprised
1882,Get ready because in less than 1 hour you're gonna want to get your stitch on with our latest featured pattern(s) #embroidery #surprise
1883,"I feel very proud of myself... I have more Cappies giving me positive feedback as Callahan than I did as The Beast.
#damn #surprised"
1884,"One of these days I might learn to check Canvas before going to class, but not today. #Surprise #ClassCancelled"
1885,Cards 'just because' #amazed
1886,
1887,Hhhmmm that didn't go as bad as I thought....not quite sure how that works #parentsevening #highers #surprised
1888,@julztocker thx for the follow!  :) #surprise
1889,The new song from George Michael is an old Terence Trent D'Arby song! I didn't know#surprised
1890,LOLOL BEDBUGS RAPE EACH OTHER WATTTT #entomology #surprise #readyyourwhistles
1891,On my Stephen glansburg ish in MacPherson waiting on my car to get done #trapt #alone #startled #bored
1892,
1893,Gonna do something tonight @ Showtime that I'm sure a lot of people won't do but It's Gonna mean more to me than anything else . #surprise
1894,Umh who just called me???#startled
1895,I have a few ideias on what to get my amor for his birthdayyy #19 #birthday #vitor #amor #date #surprise
1896,Can not believe I have just seen a snake eating a crocodile!!! #amazed
1897,Today might actually end well... #Surprised
1898,
1899,This has been a life tip from wourtney. &amp; I support this message. Mostly because I said it. #iamwourtney #SURPRISE
1900,I wonder if @julia_mcintosh found out that I blocked her number yet... #surprise
1901,"I have a huge surprise for my hubby tonight!!!!! And no, I'm not pregnant lol. #surprise"
1902,
1903,"Macroeconomics Final Update, we are 20 mins from freedom, 2 people have left and I think we have a record of slides seen #Amazed #MacroProbs"
1904,
1905,Holy smokes Premier Redford jumped on to conference call with Alta Ag min Olson to talk about new rural economic task force. #surprise
1906,
1907,My cuzn jst got here &gt;&gt;&gt; waabb!! #surprise
1908,
1909,
1910,
1911,
1912,Martha picked me up from school td #amazed
1913,
1914,
1915,
1916,
1917,Just watched the red wedding in game of thrones and i finally see what all the hype was about HOLY SHIT #Surprise #wtf
1918,There will be 3 fresh styles dropping from @SikSilk in store this weekend #waitandsee #surprise #followthemovement
1919,Not sure if i have a midterm today? Guess im about to find out. #surprise
1920,
1921,Everything happens for a reason #amazed
1922,OMG cannot believe @Demi_Zaffarese I here! So happy to see her!!! üòòüòÅ #surprise
1923,The sexual manifesto ( eyes wide open ) #astonished
1924,
1925,
1926,
1927,Tricks. I got some tricks. #tomorrow #music #surprise #badatsecrets
1928,I wish you could capture the smell of a fart and snapchat it to someone #surprise
1929,"I can't get enough of these ""announcing pregnancy"" videos.. Something is so wrong with me #toocute #surprise"
1930,
1931,
1932,Saw a shooting star walking home from the shop üéá #amazed #wow
1933,
1934,
1935,
1936,My dad use to say this creole word when my brother and I were growing up. It took me 27 years to figure out what it really meant! #amazed
1937,
1938,Solid move by the flyers getting a good defensemen #surprised
1939,"This ""Hansel and Gretel: Witch Hunters"" movie is awesome! #Surprised #VeryGood"
1940,I'm actually really excited for it bc of what I'm doing for you and I can't wait üòçüòÅüôà #anni #surprise
1941,
1942,
1943,shoutout to mama furrey for getting me two alex and anis #surprise
1944,"So @radrc called me GOD this morning.......but it's not what you think. 

Get your mind out of the gutter. But it was hilarious. #surprised"
1945,"So previous people had painted over wallpaper. We had to discover that after applying primer to 1/2 of the big wall ... 
#Surprise"
1946,Go figure the one time I take my life case off my phone....it flies into the toilet. BUT it's perfectly fineüôè #amazed
1947,
1948,"""I stand amazed, by the blood of the Lamb.I stand amazed at the Great I am and when He looks at me, He sees His nail scared hands.."" #Amazed"
1949,That just made my day :D #surprised #lovingit
1950,can't believe I actually got a B on my human anatomy test #surprised #gotlucky
1951,WTF Luongo. #trade #surprise #wonderwhatthereturnis
1952,"boss is in Cali enjoying the weather, golfing.. asked if I could go blow his driveway, told him ya, but I lied haha #surprise #getbent"
1953,
1954,What a day!! Russia shots missiles and Bobby Lu is tradded! #amazed #luongoisfree #Russia
1955,lol filled up @KushKarve 's water bottle with pool water and he drank it without noticing. #surprise #stomachofsteel
1956,Em thinks it's funny to wake me up by pretending to be a dog üê∂üéâ #surprise
1957,
1958,Can't believe Canucks traded away Roberto Luongo to the Panthers üò¶üò¶üò¶üò¶ #surprised #shocked
1959,Just watched an hour to save your life I am #amazed #BBC2
1960,Just watched #OneHourToSaveYourLife  the men and women of the #NHS are amazing!! Literally lifesavers worth their weight in gold. #amazed
1961,
1962,Amazing Tuesday. Thankful and pumped  to see what's gonna happen the rest of the day #Amazed
1963,"Vesuvio goals done, will reveal when season begins. The Schleck's Seasons are all mapped out too #WhichGT #Tour #Vuelta #surprise"
1964,"Wow, luolongo got traded #surprised"
1965,OMG he actual just pulled a rabbit out of a hat #Troy #IWantARabbit #NeedToMeetThisGuy #Amazed
1966,Holy moly Mrs.Miner remembers who I am from freshman year #Surprised
1967,My dad is on Foursquare!!! Awesome! #foursquare #amazed
1968,.@NicolaSturgeon do you support 'competitive' tax rates for millionaires? Yes or no? Yes or no? Yes or no? Yes or no? #astonished
1969,Love the use of the pitched-down Dolly Parton #jolene at the end @NBCBlacklist #surprise #blacklister
1970,There's actually a slum dweller who is speaking on this panel @WorldUrbanForum #surprise #nyusternup
1971,
1972,
1973,
1974,
1975,@greggutfeld good questions Greg. #surprise
1976,
1977,"Wow I did not even know she even knew  of me. It is very uplifting when people you do not even think notice you, compliments you. #amazed"
1978,@CNN doing a good job on Ukraine. Let's see more of Prof. Stephen Cohen. (p.s. Albright may be too old to understand.) #surprise
1979,
1980,
1981,I got distracted reading @ElleCanada and now I'm off to the mall to buy Aldo Fights AIDS bracelets for me and @briannecail #surprise
1982,"So, I misread one school board's website and it turns out I have the week off next week. #surprise"
1983,
1984,
1985,@mjaii30 oh my gosh what a miracle MJ is doing her HW!!! #Surprise
1986,
1987,
1988,Rules attorneys stated #HB2541 was unconstitutional yet it still garnered 27 votes. #amazed
1989,
1990,
1991,
1992,Magic fills the world with awe and surprises @TROYmagician #amazed #troy
1993,
1994,
1995,Really can't wait for this weekend to arrive so I find out what my amazing friends have got planned for my birthday. #21stbirthday #surprise
1996,Watching Troy #amazed #qualityviweing
1997,"Guys, how HILARIOUS would it be if Bordeur goes to the Canucks under Torts? #SURPRISE"
1998,Wow Luongo back to Florida that's interesting. #Surprised
1999,Results are in--Texas Republican Voters oppose ObamaCare.  #TexasPrimary @MichaelBerrySho #surprise
2000,
