1,Just logged into twitter through my laptop...love the new look ! #happy
2,Drama is finished. Not the best ending ever but I can live with the ending. No spoilers here donchaworry! #YouFromAnotherStar #Happy
3,How in the Hell is @Pharrell #GIRL Album Cover racist when has a #Ginger #GIRL on it ! Be #Happy #People
4,
5,Epic Day! Godbless Everyone! :)) #Happy
6,
7,
8,I'M SO....SO...SO HAPPY!!!!!!!!!!!!!!!!!!! :D #happydays
9,
10,
11,"This time next week, I shall be touching down in Paris.... #Happy #Holiday #LongWeekend #Fun #Paris #BritishAirways"
12,Who else is loving this sunshine in Lex lately?? Makes you want to actually get out and do something! #happytweet #mixonvine
13,Either it's starting to get warmer here or I'm finally getting used to the weather #happy #springiscoming
14,
15,#HAPPY #2NE1CRUSH
16,Reduce to 99 #happydays
17,
18,
19,
20,My GPA is going to receive a tremendous boost this semester if exams keep going like this. #SeniorStatus #HappyDays
21,Just met some hottie called @Libertyy53000. They tots smiled at us and we even called her beautiful. #happy #singing #libertyisdabomb
22,
23,
24,Really like being able to skype and see my pretty gf @Kayvickay makes me smile even states away. #happy #longdistancerelationship
25,
26,"‚ÄúAnd, when you want something, all the universe conspires in helping you to achieve it.‚Äù  #Happiness"
27,Blue skies and sunshine. Perfect timing for a road trip to see my lovely friend :) #happydays
28,
29,What a wonderful day. &lt;3 #happiness
30,today is the day I can't show you a smile.. it seems like the magic is gone. #smilestyle #happiness #GIRL #healthworkers #Magic #lifechanger
31,3er contrato firmado #yei #happy
32,That feeling...when you think there is no more earl grey and find one last tea bag in your desk drawer. #happiness
33,Can't believe @1dhotelinfo  just followed us #Excited #Happy #CantStopSmiling
34,Wish I could of asked her in a cuter way but cant change that now #happy
35,
36,
37,no way! Pharell Williams is now @ number 1! #Happy
38,
39,
40,
41,"I am in a weirdly happy mood and have no idea why, i wonder how long that is going to last #happy"
42,Beyonce's Pretty Hurts is dynamite. Spot on and all women need to listen to it #Aspiration #Happiness #LoveYourself #CoePR205
43,@emilyerin11  was the first human i saw today #happy #daymade
44,
45,
46,now playing #2NE1CRUSH #HAPPY
47,I am back and I am  painting again :) more photos to follow soon! Enjoy the sunshine in Berkshire everyone! #happy #art #makethemostofit
48,Goooood morning world and all who inhabit it! #Happy #RiseAndGrind
49,"In a great mood now, I've been worrying about that for two weeks. #SoHappy"
50,The fact that i can write with both hands makes me wanna cry #happytweet
51,I ONLY NEED ONE MORE FOLLOWER SO I CAN HAVE 1.4K FOLLOWERS #HAPPY
52,"Tomorrow is going to be a goooooood day! Friday, pay day, nando's lunch and cocktails! #happy"
53,People on twitter are really making me chuckle today #happytweet
54,Thanks God for another day. This is the last day of the rest of my life #happytweet
55,
56,I love waking up and finding things to smile and laugh about. It's going to be a good news day #KFYRTV #News #Happy
57,"It's a smile at the world, sing at the top of your lungs kind of day #happy"
58,
59,only 1 day to go before my 1 week holiday #happy
60,Argument over pronunciation of .gif just broke out at #NICAR14. #happy
61,
62,
63,Yes finally finished work ;) #sohappy
64,
65,I broke it! Great way to start the day. #Happy
66,
67,4 meses‚ù§Ô∏è‚ù§Ô∏è‚ù§Ô∏è #Happiness
68,
69,So far it's been a great week #Happy
70,my life is actually so so sooo good at the moment! Big up to all the arseholes who lead me to where I am at the moment! #happy #hopeful
71,Good day. #Friday tomorrow. Soon #weekend. #yay #happy
72,Getting ready for the Society of Petroleum Eng annual meeting ATCE 2014 at The Netherlands? I hope I will be able to attend @SPE_Events #joy
73,2 pieces of happy news in 2 days #happy
74,"If that's the England team for the World Cup too I win ¬£2,600 #happydays"
75,
76,"Payday tomorrow, naughty üëåüí∑üí∑üí∑ show me the money #money #work #happy"
77,Mario Balotelli rumour has it you might be coming to spurs! #happydays #COYS
78,I wanna eat sugary vanilla milk with gluten free cake in bed with a girl #happiness #pleasuresofliving #aphrodisiac
79,
80,great mood today! lets hope the weather does not spoil it #pleasebenice #happy
81,Today is going to be a good day #sohappy
82,"Johns Hopkins School of Education wants me! :) We're going to go steady, starting this Fall. Looking forward to it. #Graduateschool #happy"
83,
84,Listening to @pharrell do an interview- so humble and talented!  He makes me #happy
85,It's flamenco season at @Sadlers_Wells very exciting to join @SaraBarasFans in this beautiful celebration. #music #meditation #joy #life
86,
87,Is in an extra good mood today. Might be because I'm in a place that some people call work. #MyHome #ILoveMyJob #Happy
88,
89,Goodbye Vodafone &amp; Blackberry. hello O2 and iphone #happy #newgadget
90,
91,Training &amp; a few beers with @LeeHarman5 tonight #HappyDays
92,My first 3 essays were acceptedüéâüôå Just 2 more to go! #hatecomp1 #sohappy
93,On Route home from Paris! Could of stayed forever üòçüíó‚ù§Ô∏èüíó Best Trip! #amazing #happy #disney #shopping
94,I have appreciated your handling of our enquiry&amp;would certainly keep you on our list for any future building work we may need #builder#happy
95,
96,
97,Clap along know what happiness is to you! Can't nothing bring me down..........#Happy
98,
99,I absolutely loved being back at Wimbledon today. It's so good to be back. I've missed it big time. #happy
100,It is so near to the weekend who's getting that happy feeling? #happydays
101,
102,
103,
104,The sun is shining and I feel very lucky today #happy #sunnydisposition
105,
106,"it's always better to be at the bottom of the ladder you want to climb, than the top of the one you don't  #purpose #happiness #quote"
107,Best believe nothing can put me off! #happy #rejoicing #favoured #blessed #ilovetheLord
108,has an atom.io invite thanks to @rosstuck #happy
109,4 more months and it'll be a year  üíú #happy
110,
111,
112,Just got an email from NorthernRail informing me that the rejection email I got was a mistake &amp; Im actually onto the assessment stageüòÅ#Happy
113,Our heat is now fixed @EmilyRoseWojo! üôåüôåüò≠ #sohappy
114,Finally gonna sit down and collage tonight :D #happy
115,
116,
117,
118,AND Saturday.... #Happy
119,"In honor of #NERD, my company fed us pancakes and sausage and brought in a #coffee cart. Such a great way to start the day. #mgma #happy"
120,Got a merit in my sociology assignment. #happydays
121,I don't think I've been this happy with someone before #hesperfect #sohappy
122,
123,
124,After the induction today I am so excited to start my new job on Monday!! #happy #excited #freshstart #newchallenges
125,Everything for this week finally seems to be coming together! All I have left to do is study for my soc exam and do some reading! #Happy
126,"Just terrified thinking about my future year.
#happiness #terror"
127,
128,Do one thing for your #body and one thing for your #mind every day. What have you done today?! #health #happy #challenge #growth #mindfulmft
129,
130,Good night wonderful world. Till next time :) #happiness
131,
132,James Franco is coming to Northwestern (again)! Ahhhhhhhhh #happydays
133,Finished work for 10 whole days whoop whoop #happiness
134,This hot/cold stuff needs to stop!!! #wintergoaway #lovemylife #happy #blessed
135,
136,Excited happy excited happy yay happy excited wheeee! #happy #excited #yay
137,
138,Back from KL..#happy#tired#withbestfriends
139,
140,
141,
142,
143,Finally finished all my coursework!!!! #happydays
144,"Finally got my grad dress, the stress about it fitting is finally ova. #sohappy #fitsperfect"
145,"I passed my math test! This is surprising!!!
#happy #effyouall"
146,Just realized that @SunniSkys55 opens for the season this weekend! Yesssss!  Pit stop on the way back from Charleston @ZacG105? #happytweet
147,My girls at women's choir festival? Almost feels like I'm a real choir director üò± #happytweet
148,So many friends! First @GregBarrowman now the beautiful @ChelseaePreston #happy
149,What we think determines what happens to us- so if we want to change our lives- we need to stretch our minds.-Wayne Dyer #happiness
150,
151,New jobs coming here in Vegas?! #happydays
152,
153,
154,
155,I'm going to be an auntie! So happy! #Ancuta #littleone #MilanGabriel #happy
156,Yaye. Got me an interview tomrw :)) #happy
157,
158,
159,It's Maha shivratri and wat better way to celebrate shivas day than to drink bhaang...#shivratri #happiness
160,Lmfao I wonder how many people were high during this #Happy #Video
161,
162,
163,GOODNIGHT!!! ‚ò∫‚ò∫ #happy #blessed
164,"now that i have a job and my own apartment set up, i can't wait to start raking in cash and reinventing my entire wardrobe #sohappy"
165,Best news ever! üíô so many good things to come #happy #faith
166,
167,18 daysüå∏ #happy
168,"I have a real adult approach to getting a job in summer, my overdraft no long matters #happydays"
169,
170,
171,"Now I don't usually believe in horoscopes, but when it said ""best year of your life"" and it's pretty spot on, well.... #happy #life #epic"
172,I could watch HGTV house hunters allll day #happy
173,
174,"My uncle has had major heat surgery today, just heard he's back on the ward and doing well. #happydays"
175,Don't #judge me based on what you heard #datingexpert #relationshipadvice #lifecoaching #happiness
176,
177,
178,
179,Got a free massage at work today!!! #happytweet
180,"Only in Christ's presence is overwhelming joy for life's journey. This joy endures through every circumstance; it cannot be taken away.
#Joy"
181,Best thing about an exam on Thursday? No studying for an exam for Friday! Huzzah #exams #college #happy #nostudy
182,On a brighter note it's great to see the sun shining for a change! #happydays
183,Ice cream :) #instagood #good #like #follow #photooftheday #followme #tagsforlike #happy #picoftheday #sweet #instalike #bestoftheday #f...
184,
185,"Had such a great day with @TiqerEdits! Went to see #TheBookThief which lived up to the book, so amazing! And then went a wee walk ‚ò∫Ô∏è #happy"
186,"Purchase's of the week: @BuffaloSummerUK album,@BonJovi, @Steel_Panther and @def_leppard  songs and a pair of tights.... ha. #happy #loveit"
187,Here for my check up @LasikPlus eyes are 20/15 better than 20/20 if you wear glasses do the procedure you won't regret it #icansee #happy
188,Going to see my twin#happy
189,
190,
191,Oh wow I've just heard I've got tickets for the Aegon Championships @TheQueensClub yay #happydays
192,"Day 14 - Baseball in America Tour 2014! ""Love the game of baseball and baseball will love you."" - Babe Ruth #baseball #happiness #buddha"
193,
194,
195,Worked so hard for this bonus üëç #sohappy #money #reached #target
196,1 day untill vacation! Partytime! :D #Happy #vacation #sleepisfortheweak
197,
198,Firts test of the year done! #pfew#happy#drinkplease
199,
200,Morning Luvs!!!!! in such a great mood!!!!! :D :D :D #HAPPY
201,Looking forward to the annual dinner tonight @SparksGolf London #happydays
202,Oasis in this glorious sunshine on the train to my Rivendell ‚ù§Ô∏è #Happy #Healing
203,Oh my gosh my hair is sooooo soft! #sohappy
204,
205,RUBY RED HIGHLIGHTS IS A SUCCESS! CAN I GET A HEEELLLLLL YEEEAAAAHHHHH TO CELEBRATE MINOR CHANGES IN LIFE?! #Appreciate #SimpleJoys #Happy
206,
207,
208,
209,
210,Today is one of those days nothing is going to ruin my mood. #happy
211,"It's just your imagination ! Never, ever say this to a creative soul. Imagination is a great gift and a doorway to the spirit.#imagine #joy"
212,
213,
214,Forgot how delicious Einstein Bros Bagels were. We need to put one back into downtown WBL.  #delicious #missit #happy
215,
216,The absence of truth in the end breaks the foundations of happiness. #truth #happiness
217,
218,I love my life! And I give thanks for it..!!! #LoveMyLife #Happy #blessed
219,I wasn't the only one with the wrong website issue so April is giving everyone the 80 points regardless #sohappy
220,What about lunch? :) Enjoy your lunch good friends! #happy #lunch
221,"It's a beautiful day, done with class, it's Thursday, have an amazing bf,and my soccer game is tonight. What more could I ask for? #sohappy"
222,Just tidied my living room.. It looks twice the size üòÉ #productive #clean #happy
223,Don't have to go in to work today after all üòùüëå #HappyTweet #NeedSomeRest
224,@Pharrell The office has been very happy today thanks to you.x #happydays
225,
226,Thank you @VickyGShore I've lost a stone in 6weeks #7dayslim #FItForTheSummer #Happy
227,
228,Was so happy to see dale Jr win it was great cried and smiled at same time. #emotionsoverjoy #happy
229,
230,So excited! Photos of the game art coming soon. #art #artists #games #happy
231,Thank you guy at Jack in the Box for making my bacon extra crunchy. Morning made #happy
232,
233,Doing a core stuff last night was probably the best feeling ever! #happy #feelsgood #absofsteel #goodtogetbackintothings
234,Starting to feel myself get stronger! #inlove #happy #healthy
235,oldies + tea + fruited plain = AWESOME. üòÜ #sohappy
236,Clap along if you feel extremely ignored by this song #happy #WorstSongEver
237,
238,
239,The present moment is the only moment we ever really in. Be #mindful and enjoy it. #enjoylife #happiness #wellness
240,"Chilling out, waiting for coach trip, eating some apple and oranges. Life is good #happy"
241,
242,Just ordered loadza stuff with my bday money at emp and amazon #HAPPY
243,
244,
245,
246,And those who were seen dancing were thought to be insane by those who could not hear the music.~ Nietzsche #dance #joy
247,Woke up this morning &amp; told myself it would be a productive day. Happy to say it's been the most productive yet! #joy #decideonyourday #sft
248,
249,
250,
251,"#bigpayback ""One of the best things we can give people is a big happy smile!""-@BigKennyTV #purpose #fulfillment #joy"
252,"1,800 tweet finally got it and I got offered university of portsmouth #SOHAPPY"
253,Be bold. Show your love. Be you. Don't be scared. No one can hold you back #happy
254,
255,Taught my first official CXWORX class this morning! Great workout! Everyone pushed themselves and I loved it. #happy
256,American Next Top Model ! Yeah ! #happy
257,I got an interview for Le Chateau if i get it i can say PEACE DQ!!! #SoHappy
258,
259,Just got me a fly top and cute shoes #happy
260,
261,i meant #happy #treatthursday
262,Loving this weather! üòÉ #happy
263,Cleaning done. Sorting out done. Phone calls and emails done. Hubby on way home for a long weekend DONE @jonathan_catley #happydays
264,
265,My left boobie is making a lot if milk üò≥ #happy
266,"Officially 50lbs down. Its been a lot of changes, but I'm glad that I'm doing it. I feel great. #change #happy"
267,First jumping lesson couldn't have gone any better! They love jovi üòä #sohappy
268,Woohooooo it is past 5pm and the sun is still out and the sky is still blue #happydays
269,Crush everyday on the same  person ;) #happiness
270,Dance like nobody's watching Love like you‚Äôll never be hurt Sing like nobody's listening And live like it‚Äôs heaven on earth #LiveLife #Happy
271,I hope it rains sometime today or tomorrow #rain #happy
272,
273,Which animals scare you most? Why? #happy
274,#Saturday #With #Friends #the #Party #Drink #Happy #Much
275,
276,Being flown down to Etosha tomorrow for the day to go to a press conference #lovemyjob #happydays
277,Been watching @Victorious episodes all morning... #happy #goodmorning ÓÄ¢
278,
279,
280,
281,I'm not 'self made' ! Nuff hand in a di pardna called my life and mi get draw frequent DWL #happy #blessed #Grateful
282,"""@SUCCESSQU0TES: Often ""No"" is not a rejection, it's a redirection."" #happiness"
283,I absolutely have all respect in the world for the police! I've never had a proper meeting with two very lovely PCSOs. :) #happy
284,
285,Hotel booked. Van Hired. First yarny road trip of 2014 arranged. #happy
286,
287,
288,
289,
290,I hope everyone's having a great Thursday! #happy
291,GETTING A NEW PHONE #sohappy
292,
293,Forgot to pick up the pay slip for the day I worked on Christmas...¬£90 for nadine!üíÅ #happy
294,I didn't even realize that next week was March Break!! #HappyTweet
295,
296,That magical moment when you rediscover music you love. #happiness
297,"Be nice, be kind, but most importantly be human.  #fitgeek #happy #motivation"
298,I JUST REALIZED I GET HOME IN TIME FOR GREYS! #daymade #sohappy
299,ooh hello there pay day #Happy
300,Knowing that I'm going to eat delicious food makes my day ;3 #food #happy #fries #icecream #goodfood
301,"Love this new outlook I have on life, really puts things into perspective #happy"
302,Got into the school of education (: #happy
303,Got Promoted today @Persistentsys  #happy  #excited
304,
305,That happy song makes my shoulders do a little dance. Only in my car. #idontdance  #happy
306,Made me and D pancakes this morning and now just got back from a very satisfying walk/run around the neighborhood #happy
307,Is it bad that I am this excited?:) #happy
308,That is literally 3 or 4 thousand dollars or more that I won't have to pay ! #sohappy
309,"Seeing that @yingpoidelacy lady,that @tatyanalevana  lady and that @katerethman lady all at once tonight! #gollygosh #happiness"
310,
311,so happy the ¬£75 shoes I wanted have gone on sale eeeeeeek üôä #happy
312,
313,"Headed to #AWP14 to host @bookcritics reading Friday 3 pm w/ @AmyTan and Ben Fountain, read flash fiction with the best at noon Fri. #Happy"
314,"Breaking: After 5 days in the Tufts NICU, Tessa is home. #happy"
315,
316,
317,"I just bought #TheBlushFactor.. So far, it's amazing *_* thank you, @redheadgrrl1960 for another awesome piece of work!! #happy"
318,
319,"Yay! 2nd day in Milan, the model Marta booked job for some days! #Sucess #Happy"
320,Spilled coffee all down my white top #yes #sohappy
321,"Today is the first full day being
#Married to my #bestfriend. 
#happy #lucky"
322,
323,
324,
325,"Thought I would regret a job freshmen year, I don't at all. I like going to work(: #happy"
326,Three day weekend ahead of me! #sleepdeprived #weekend #sohappy
327,
328,"@amazon customer service is incredible, @UPS delivery person screwed up and they fixed it #happy #customerforever"
329,Thank goodness my bode came in the mail today üôå #happy #happy #happy
330,87 more days until I see my lil baby boy feels like its sooooo long #baby #mommytobe #sohappy
331,Meetings... And meeting up with my girl @shenaegrimes #happydays
332,Our prayers lay the track down which God‚Äôs power can come. ~Watchman Nee #PrayforRevival #JOY
333,Mars on MTV rocks! Finally I can watch it! #happy #kingsandqueens
334,Will back home tomorrow #happy
335,im having such a good day #happytweet
336,I got so many compliments today and I made me feel so good about myself ‚ò∫Ô∏è#feelpretty #happy
337,
338,Two days and @justinbieber will become 20 years old. #Happy
339,
340,
341,Spring has sprung! #sunshine #Spring #flowers #brighterevenings #happy
342,Eating apple cinnamon cheerios and watching @TheEllenShow and @FallonTonight on YouTube. #happy #peace
343,Another easy shift done...... Great week so far. #HappyDays
344,"Los Angeles finally broke the drought! We're celebrating the rain w/ old @TheShins - ""New Slang"" #TBT #iplayweespin #happy"
345,Today is really the day I get to see @thebandperry @neilcperryiii @lindsayell!!! So worth waiting 2 weeks to celebrate my Birthday! #SoHappy
346,Now a signed off manager !! Over the moon thanks 2 everyone 4 their support and advice !! #sohappy #nextlevel #onwardsandupwards
347,Oh God thanks a lot #happy
348,My new curling wand came and Meatballs is on during my lunch break?! #winning #sohappy
349,#Believe in your #dreams! No matter how big or crazy they are! You can do anything! #StayPositive #JustDoIt #LiveFree #Happiness #LoveAlways
350,
351,
352,"what you think, you become and what you read, you become. #friday #jumuah #sollualanabiy #keepcalm #happiness"
353,Leaving work at 5.30 and the sun is still shining ‚òÄÔ∏è‚òÄÔ∏è‚òÄÔ∏è #happydays #simplethings
354,Just purchased my @Tinthepark ticket! #happy #summer #titp
355,I now have my FA cu tickets#cafc#happy
356,
357,Ma tablette charge #Happy
358,
359,
360,Wow I was in the fastest train today! Took me about 20 minutes to get to school from Kennedy station! #awesome #happy #cool #latetweet
361,God I love payday. ‚ô° #PayDay #Happy
362,Working out getting my #GTL on early!Jammin with #DJTHEMAN @marcsorrentino 1st #Cubs #SpringTraining game #LoveMyLife #Blessed #Happy #Alive
363,
364,
365,
366,Oh England when you behave you're a delight. Be good forever... please?! #weathertweet #sunshine #happydays
367,I'm so excited to see my best friends @ShelbyGeminn and @natscumaci this weekend for #MardiGras #MardiGras2014 !!!!! #sohappy
368,Slowly but surely :) #Happy
369,Stuck 3 successful IVs in a row!! Wooo #happy #nurselife #whoneedsivfluids
370,Thankful for the small things today! #happy #greatmood
371,Wooooooottttt Hertl is skating :D just in time for the playoffs #sohappy
372,I have no voice. And tonight is our last game.... #joy
373,So glad that I can say that I'm honestly happy.  #forgiven #happy #goodbye
374,"Sitting here lookin at you right now I know I'm the luckiest man ever:)
#sohappy#blessed"
375,
376,
377,
378,Been feelin good these past two days :3 I'm likin it aha #smitten #happy #comfy
379,
380,
381,Oh how I love #PayDay! Especially when there's a bonus attached on the bottom üòÉ AND... It's Friday tomorrow!! #happydays
382,
383,
384,Just found out that my midwife doesn't use that nasty sugar drink for the gest. diabetes test in 4 weeks. #sohappy
385,"sabb proposal written and in, MP meet tomorrow then 7 days till we bump into @BestCraig in Birmingham!  #happydays"
386,"Somehow, getting a 100% on a tough math test makes me feel like I've won the lottery! üòÅ #happy"
387,Got a 100 on my coronal polishing test!!! #happy
388,
389,"Clap along if you feel like roof rhymes with truth.

 @Pharrell #happy"
390,Congrats @M_SportsSA @OptimizeAgency  the #ATeam of SA soccer #midastouch #sohappy
391,"Cheerful day. Effective Communication, then law exam revision &amp; topped off with Loss. Tomorrow is Domestic Abuse &amp; Counselling. #happy"
392,"One year ago :D  :*  &lt;3
#happiness"
393,As if my mom let me come home #happy
394,Feeling good and loving life right now and I think it's all down to running #whoknew #happy
395,Awwwwww yes! Internet is back online! #SoHappy #ILoveYouInternet
396,Woop boyfriend be home soon! #happy
397,So much good news today! #happytweet
398,
399,Don't you worry Katherine Duffy no inconvenience is caused whatsoever by the cancellation of tomorrow's lecture #SoHappy
400,I baked rather too much chocolate fudge cake for the stalk end of the banana yesterday. Just turned it into a Venezuelan flag #happydays
401,training in a brand new pair of boots is something else! #football #happy
402,I'm sure the sun makes you run faster!! New fastest 6 miler!! #happy #timetoeat
403,Tu No Lo Sabee #happy #loveemee #ahhh
404,
405,
406,
407,Finallyyyyyyy...... I got the Wwe Network :-) #HappyDays
408,super xcited!!!!! after many months going to college tomorroooow :) #happydays
409,
410,It's the mini monsters swimming sports today. Which means my day will comprise of hours spent melting in the blazing sun #joy
411,Sooo happy I have got a job as a staff nurse for when I qualify in August!!!!!!!!!!!!!! :-) :-) :-) #happy
412,Got a place on the management course! #happy
413,"Back from #Location #Scouting, and shooting footage for episode 2 of Fillet of Film, the documentary around our #production :) #happydays"
414,
415,Surrounded by #chalkboards #happy
416,
417,
418,
419,"Few bevvies at the slug&amp;lettuce, don't mind if I do #Friends #Drinks #Happy"
420,Just Got a New Better Paid Job..#Yes Can today Get Any better?? #Happy
421,"If you want guaranteed smiles, deliver flowers. Or, as we're doing this afternoon, deliver Girl Scout cookies.  #yum #happy #smiles"
422,
423,
424,
425,#random... I've really turned into a homebody within this past year. I guess that's what happens when you're in a relationship. #Happy
426,"Nothing beats the moment when you finally get your code to work after many, many futile attempts at fixing it. Nothing. #happydays"
427,@Dogan1878 well done on all your offers mate. If you go to Chester we can travel to the game together next season on a MiseryRail #joy
428,
429,
430,Conditional offer for HNC coaching at college next year!!! #happy
431,
432,
433,
434,Discovering Starbucks has soy milk for my latte just made this addiction that much worse. Yes. Thank you. #starbucks #happiness
435,"12:34 in ADV3008.  The Evolution of the Apple Logo.
#happy"
436,
437,
438,"New strings on acoustic brenda feels nice :) 
#happydays #wantabanjo #andharpguitar #moneywouldbegoodstart"
439,
440,Best news of the week: #Pokemon is coming to #Netflix | I'm still waiting for Dragon Ball. #happy #dontjudgeme
441,Kings College U.K. Ph. D. Woooooooooooaaaaaahhhhhhhh #HappyTweet
442,"when the first 5 responses to an email are all the same- ""no conflict with either date"" #happiness #stagemanagerhappydance"
443,
444,This went from one of the worst weeks ever to one of the best #sohappy
445,If you can find a reason to be unhappy today then you can find a reason tomorrow. Make being happy your choice #wisewordsfromafriend #happy
446,Evening at the #beach ... #Mahashivratri was unique this year üòå #happy
447,
448,
449,My @nationalexpress  coach driver on the 032 to Southampton gave the best introduction !  Made the coach load laugh #happy
450,Amazing Class lots of FUN @parsonstreet KS1 Dance class #fun #happy #streetdance #fitness #funtimes  #dance
451,
452,
453,
454,I knew today was going to be good. Saw once of my most favorite people in the world today that I hadn't seen in forever. #MetByChance #happy
455,
456,
457,
458,
459,Who has the best breakfast time in three different stores!? I DO! WON 25 BUCKS #HAPPY
460,
461,"@KerryKatona7 OMG thank you for following me, its made my day #happy"
462,I couldn't b more happier n the direction my life is going right now! #happy
463,
464,Freedom from the bra = total bliss‚ò∫#Happiness
465,TODAY #greysanatomy!! #newepisode #thursday #february27 #choosejackson ‚ô°‚ô°‚ô°‚ô° #Happiness #anxiety
466,OFFER FROM WARWICK!  #Shock #SoHappy
467,wat a great #RollTideRoll it has been a sunny day here #happy
468,
469,Aw. Another movie night. Hsianaknsksns #Happy
470,
471,Adolescent psychology is so interesting and I got an A on my first test! #happy
472,Springs definitely reached sheffield üå∑‚òÄÔ∏è ‚ù§Ô∏è #happy #sunshine
473,#itv are treating me again tonight with a bit of #UEL Football :-) #Happydays
474,I woke up this morning feeling more in love than I ever have #greatfeeling #luckygal #happy #allsmiles
475,
476,
477,@Pharrell just listened to Happy and it brightened my day! Great song by one of my fav artists! #happy
478,Good vibes all the way around today üíô‚úåÔ∏è#happy
479,Pronto per andare al Bobino Club!!! Grande serata tonight!! #sallo #livemusic #partytime #happiness
480,Loving my new job and the people I work with! #happydays
481,
482,
483,Just back from a location shoot in the picturesque town of Rye. Added bonus - The sun is shining! #happy
484,Pretty much all I've eaten this week is sushi &amp; bagels. #happiness
485,
486,Getting amazing comments from the big scary boss at work :D  #happy
487,
488,
489,The whole first season of Pok√©mon is going to be on Netflix tomorrow #happytweet
490,
491,Federer looking so strong against Rosol in first mtg with 11 winners so far! Won first set 6-2; happy he's finally playing painfree. #joyful
492,Got a 100 on my first part of my state Med exam #gome #sohappy
493,Had a little trip out to Wainfleet today nr Skegness. Nice part of the world and the sun was shining. #happy
494,
495,Day off tomorrow yay! #happy
496,
497,
498,Got new recruits for our team!! Can't wait for @TheColorRun in the Twin Cities this summer!! #excited #happytweet
499,Thanks to illy for making my day @WCowell93 #happy
500,Today is the first day in forever that I don't have any extracurriculars or have to work.üòç #sohappy
501,"So much mmmm. Haircut and tan bed yesterday, massage today, nails later then the bestie @emilyfidster tomorrow eeeeh :) #pampered #happy"
502,
503,"Just met @RFleeshman at M&amp;S, what a nice guy! Good luck in the show tonight mate x #happy #goodluck"
504,THURSDAYS ARE THE BEST #SOHAPPY #UNNAPPED
505,Today is a good day üòä #happytweet #Inagoodmood
506,"Yadalaaayyyyy he hoeee, #happy"
507,Time to relax and enjoy!! No work for 17 days #happy
508,
509,"Thought for the day: ""For every minute of anger, you lose sixty seconds of happiness"" #inspiration #motivation #quotes #happiness"
510,One more class then nothing to do all night #eeeeee #sohappy #relaxing
511,
512,#relax #happy
513,Happy days... That's a phone call I like to hear üëåüëçüòÉ #happy
514,
515,May be bias but I definitely think I have THE most beautiful flowergirl. #sogood #happy #looksbeautiful #springwedding #excited
516,So some of the kids that missed @TwistandPulse last term are seeing them on the 16th March! #happydays
517,"everything seems to weirdly be falling into place, after a shit couple of weeks. #happy"
518,Having a nice evening out cos we all got the day off tomorrow!! üòä#happytweet #familytime
519,
520,
521,
522,
523,
524,Tomorrow -&gt; Shopping Day #happy
525,"I'm traveling to my home town. 300 km. Oh my the trip is so tiring with the bus, but at least audio book and music is helping me. #happy"
526,iPhone screen fixed!! #icanseeagain #happydays
527,
528,
529,Hate to admit that you were right but.. You were right.. Erasing you has been the best thing for me #Happy
530,
531,So today is my day off and I get to spend it with my best friend #Happy #Excited
532,
533,Sooo pleased the lads have signed up again @CornishPirates1 THANK YOU You do &amp; have the potential to play excellent rugby #focus #happydays
534,No Cavan for 2 weeks üëç #happydays
535,Just saw @missmayim aka #blossom on Wendy Williams #Happy #Childhood #Memories
536,Holy ship! Preseason @BlueJays is on my tv! #happy
537,The fact that I'm leaving uni and it's still vaguely light has put a real spring in my step #SpringIsNear #LateNightLecture #Commute #Happy
538,
539,
540,"Made a switch to @SlimmingWorld, had my first weight in and lost 4.5lbs in my first week! Much better than the other slimming club! #happy"
541,
542,Just thinking about him makes me smile!!! :) #happy #misshimalready
543,Worrying about things that may never happen steals your energy  and #Happiness
544,
545,
546,Home tomorrow after nine months away #happy
547,ITS PAYDAY üéâüéä #happydays
548,I can actually watch #LCS today! #SoHappy
549,To make two hours fly by (for someone with the smallest attention span) practically w/out moving is incredible #JulietStevenson #happydays
550,
551,Playing Darts 2night :) :/..#happy
552,Ahhh the suspense! #willyouneedseasonticketsforthree RT Bill Searcy @ucfalum98  Feb 26 An announcement is in near future!! #happiness
553,"Delivery to my bed is actually bout to happen, cause I'm sicky. #happy"
554,Mon sage au top #happy
555,
556,
557,
558,Total withdraw from afghan by the end of the year üëèüëè #AboutTime #happy
559,Can't wait to start buying all blue stuff for this little boy of mine! #happy #excited
560,A new morrisons open 50m from my front door #happy #northerngal #smallthings #no1fan
561,elmuhem eno mama 3amalitly  like  spray on the new photos on facebook xD #happy
562,Feeling good today. #finally #yay #happy
563,
564,Making shrimp curry for dinner tonight. Yum #happy #foodie
565,So pleased I made home before the rain #happydays
566,Got myself another interview...#Happy
567,Dinner with Jess! Been too long! #happy
568,I love when my fortune cookie is right!!! üòäüëç #sohappy #psu
569,"@DomoMeows YO, I WOKE UP TODAY &amp; FOUND OUT THAT I WON A BTS SIGNED ALBUM!! #SOHAPPY"
570,had a really good first day at placement #happy
571,Wow! @Gangaji is following me on the twitter. Her presence is #peace #sohappy #goodwaytostarttheday
572,Dad. Bought. Tiffany. Necklace üòç hakekenslixsa #sohappy
573,Hairs stayed straight all day #happy
574,"We got spring-break, St. Patty's Day, and then march madness #BangBang #HappyDays"
575,
576,it's not pitch black outside at 6pm... Summer is coming #fun #festivals #holidays #happy
577,Tutor visit for first stage of teaching practice done! Shame the school weren't given any notice but feedback was all really good :) #happy
578,
579,Happiness is when it snows just like you're in a snow globe. #happiness #joyjoy
580,
581,
582,
583,
584,Worry is just fear about what might happen. It zaps your energy and steals your happiness. #happiness #transformyourlife
585,Solid provincial mark #didgood #happy
586,I think that's enough accounting for today.. Nope still got a 75 min class(: #joy
587,Listening to the rain droplets mid-night. #happiness #beingakid
588,You can use our database to search lots of approved restaurants yay #happydays
589,Dark chocolate you are my friend! #chocolate #tea #happy
590,"""It's common courtesy. As a human being. To respect others.""  SKP-U 
#truth #equality #happiness #freedom"
591,Heartbeat. #happydays
592,Aye 7days Left Till My Birthday :) Can't Wait #TurnUp #Happy
593,
594,#partytime #happytweet
595,Only gone and been selected for a cheeky one off Clean Bandit gig in hackney in March #happydays #warmupforIOWFEST
596,We're getting an Ulta! We're getting an Ulta! #happy #yay #woot #makeup #shopping #news #kalb5
597,I love diet coke. I love that todays my last day of work for the week. I love conversations with my family. Today is a good day. #happy
598,She's just a girl but she's on fire!!!! üí™#happy #thursday
599,29 credit hours after this semester till graduation. Light at the end of the tunnel. Less than four years after highschool grad. #Happy
600,
601,
602,The dog has managed to break my wifi cable... no Internet #happydays
603,Happiest train guard ever on 17:40 @SW_Trains from walton today. Just whistling away. #happy
604,
605,"Aww I love unexpected phone calls, especially with you! :) #happy"
606,#BlackAndWhite #Happy #Church
607,
608,Nice win Rog :) #Happy
609,
610,
611,#GreysAnatomy is back tonight! #HappyTweet
612,"Performance went really well, super proud of everyone! Thank you to those who came to watch! ‚ò∫Ô∏è #sohappy"
613,
614,I so far have only died once and fallen twice...both times getting off the chairlift. I'm doing well :) #Loon #happy #GonnaBeSoreTomorrow
615,The stand walked yo library to take overdue books back....aidan refusing to walk back...#happydays
616,
617,All got walkovers but look forward to taking on Yorkshire on the 16th march. They will look wicked in their east midland vest #happydays
618,Just got the last lendgery pokemon. Thank you everyone on twitter and gts for helping me. #Pokemon #happy
619,Pay day today! Friday the morrow #happydays
620,Today is a great day!! No special reason!! It just is!!  Be Happy. Love Life and be freakin AWESOME! &lt;3 #positive #happy #blessed
621,Actually have saturday off this week! First one in a while! #happy
622,Passed my theory testüòä #happy
623,
624,On the way to the lane with the father #happydays
625,i am officially no longer in the 'researching social media' module!!!!!!!!! look out 'news and civil society' :) #happy #gettingwhatipaidfor
626,Aaron Paul in the uk#Breaking Bad#on Radio 1. I luurvve him! Vgoodbusiness day but wow he was my highlight. Effects ofpositive mood.#Happy
627,
628,That moment when you open a bag of gardettos and it's almost all rye chips #happiness
629,Driving!!!! In ammaaaaannn!!! #Happiness
630,just came back form the hospital everybody is ok #happy
631,Have my @Original_Iced Cosmo in hand Happy Klein Vrydag #happiness
632,
633,"Shes my thunderbuddy :p 
#happy"
634,
635,I'm having such a great day ^_^ &lt;3 #happy
636,
637,
638,Yesssss #happy#happy#happy
639,Just 13hrs and I'm FREEEEE! .... Just have to stay awake üò≥ #happydays
640,
641,
642,
643,
644,
645,
646,
647,Pay day and London in the morning for a full weekend üòÄ #happydays
648,No #Erskine or #Kessock delays ... #happydays
649,Heaven is bring treated by  my children twice in 2 days #happiness
650,
651,
652,
653,
654,Had a very good day at work and feel happy after a good workout!!! #motivation #happy
655,
656,When you have a good day of sales&gt;&gt;&gt;&gt; #happy #goodday #moneyyyyyyy
657,
658,:p #happy
659,
660,"I am oddly running on only 5.5 hours of sleep, but last night was fun and I am on spring break. No worries given today #happy #lazy"
661,
662,Happiness is having dinner and staying overnight with my darling mum #happiness
663,I love you. Always have. Always will. #Sohappy
664,My mood today&gt;‚ò∫Ô∏è #sohappy
665,
666,@lisasamosarki Woohooo! Subscribed to your ACE magazine. #stylist #happydays
667,No school this week :D #happy
668,
669,
670,Watching @BlueJays and #Phillies @Hardrock42G . About time.  #SpringTraining #bluejays #mlb #Spring2014 #mlb #sohappy
671,Baseball is on my TV.... #happy
672,
673,Seeing Susan in 45 minutes #happiness
674,Lifes better single. #loveit #justsaying #happy
675,Thank god #ScandalisBack #happydays
676,Just smile! It will brighten someone's day! #happy
677,
678,"Tonight at @Axelhotelbcn ""GOSSIP MASQUERADE"" The exclusive carnival party. #Barcelona #party #night #drinks #happy #vip #gossip #boy #girl"
679,"That moment when you hear a kid outside scream,""I'm so happy I could fart!"" #hahaha #kids #fart #happy #ThatMoment"
680,@mummymemories Over here at @justlittleones we are wishing the best of luck with your forthcoming baby girl! #happy #pregnant
681,"mine &amp; twins reaction when we found out we passed &gt;&gt;&gt; 
#SoHappy"
682,Pretty solid day #happy
683,Great test day @Brands_Hatch today with our BTCC Ford Focus. More data than R2D2!! @newshamracing was fully lit all day! #happydays
684,
685,Running on zero hrs of sleep but my princesses &amp; this weather have me in an amazing mood. üôä‚ú® #happy
686,Its amazing how one person can make u the happiest man alive and make your heart beat strong #Happy #inlove
687,"""Coldplay are said to be releasing their sixth album later this year, with your dates expected by summer"" üòçüòçüòç @coldplay #dead #sohappy"
688,"Yup... @drummer1919 is napping, @Ryan___Davidson is facebooking, @foxxworthee in da haus... All is well... #happy #goodtimes"
689,
690,"Im not quite sure what we're doing or where we're going, but I know I am definitely enjoying the ride üòä #happy"
691,
692,
693,so #Netflix will start streaming #Pokemon from Saturday... #HappyDays
694,
695,The start of my four day vacation has officially started! #vacation #asf2014 #happy
696,Today i had to do a presentation about @justinbieber and we heard Slave to the rhythm.Later on everyone sang the song the whole day #happy
697,
698,A actually love working !! Great company who looks after there employee's and doesn't fuck them about or the money your due ! #HappyDays
699,
700,
701,
702,Damn it feels good being me #happy
703,
704,"My #boyband playlist:
A1, A-ha, Backstreet boys, Boyzone, Big time rush, Jonas brothers, One direction, Take that, Westlife and U2...#happy"
705,
706,"So now I`m allowed to say it: I got a promotion, and a raise, at my day job. Everyone`s coming by my desk with ""Congrats"" #happy"
707,
708,
709,my surbrina is staying for the rest of the school yearrrr&lt;333 @sabrinaa_x0x0 #sohappy
710,After 2 days with no Email on BB I am back in business.  #happy
711,Getting back to promoting feels great! #goodvibes #music #rock #happy
712,
713,Managed to talk the station person into getting my earring from the tracks for me! #woo #happy
714,I love when i go to check my bank account and there's money in there #sohappy
715,"Nothing is unattainable, you just have to be able to live with the path you choose to get it. #Happiness #Life #goals #obstacles"
716,
717,Clear skin is seriously the best thing ever #SoHappy
718,I've been so oblivious to stuff over the past few weeks. I've been having so much greatness happening. People are great! #SoHappy #SoBlessed
719,I have gotten such good news every day this week #happy
720,"Today has consisted mostly of gym, swimming, sauna, jacuzzi and massage :) #relaxed #dayoff #happydays"
721,There's rain over here :D :D #happy
722,Last class then it is my last afternoon of hell before spring break #happy
723,
724,
725,
726,
727,Beautiful #walk with dogs under the stars. #fun #joy
728,"IM HOME FROM WORK 

YES 

NOT BACK TILL TUESDAY

#HAPPY"
729,":) xxxxx 

#HappyDays"
730,My big brother is coming to watch me compete tomorrow for the first time since he left for his first deployment‚ò∫Ô∏è #happy
731,seeing so many people i love to be around this week/weekend :):) #happy #goodvibes
732,
733,
734,There's the good news I needed. Now I can't wait for myrtle beach!üòÜ #happytweet
735,My Nonna is the best. Had the most wonderful conversation with her and am in such a better mood. #happy
736,Whoooo! Got my modelling portfolio today. #sohappy
737,
738,
739,"Youhouuuu!!!!! and LIVE WHILE WE'RE YOUNG!
@onedirection #fun #music #happy"
740,Woke up happy just because :) #noreason #happy #letskeepitthatway
741,
742,"Home from the mall, relaxing listening to some #blindmelon @PearlJam and @AliceInChains before I start making some supper #music #happy"
743,
744,
745,Praising God for the warm sun on these cold days!! ‚òÄÔ∏èüòé #happy #blessed
746,
747,
748,One more shift then eleven whole days off! So excited for my trip away with the boy! #cocktails #beautifulhotel #happydays
749,Love taking a quiz and finding a program to solve it on the calc.that we havent been taught yet(: #A+ #SoHappy
750,just 2 hrs more till i see @iambeckyg #sohappy
751,
752,"Got a B on molecular genetics exam! It's like, I don't even care what happens for the rest of the day! #sohappy #didntfail"
753,
754,Nothing could make me happier than seeing you happy #happy
755,went to Tex Turner Arena this morning. I did the stairs once and walked 3 miles. #happy #proudofmyself
756,I'm actually having a really good day todayüòäüòäüòäüíï #happy #funday
757,
758,
759,
760,
761,Away goal against Napoli. #happy
762,Summer Internship is officially all set today! #HAPPY
763,Unreal how happy i am atmüíï wahey! #happytweet
764,
765,"So proud of my grandad, hadn't been out the house in months and months!! And started walking home and saw him walking to the co opüòäüòä #happy"
766,There are 2 kinds of people in this world. Those who would rather be right than happy &amp; those who would rather be happy than right. #happy
767,Diagnosed with depression. #Really #Happy
768,changed my name #happy
769,
770,
771,I kinda love my life right now.. #happy
772,
773,Yayy staying over Tom's tomorrow :) #happy
774,
775,Oh life is just crazy and so wonderful üíïüòã #happy
776,
777,"I can't remember the last time I said this, but I love my job #happydays"
778,I'm out now and it was really easy. So happy good vives #happy #optimistic
779,
780,
781,
782,Broccoli and Cheddar Quiche and a Javi Chip Frappichino #heaven #sohappy #starbucks
783,Rumour on the street is nana is coming #iaintbeingpickedup #happy
784,
785,"Some bridge are not just worth crossing, rather burn it. :) #burningbridges #happy"
786,
787,
788,
789,
790,
791,"#Book16 So glad to see my son, @LHSTelemachos , as a handsome young man! #emotion #sohappy #emotional"
792,got the freakin' job... I'm going permanent babyyyy! üôå #sohappy #MrRonson
793,Wooo! Finally have my laptop back after like a month! #happy
794,"This week, on the whole, has been good. More please. #happy"
795,
796,
797,
798,
799,
800,
801,THANK YOU THANK YOU THANK YOU @AIAIAItweet &amp; @AIAIAIUSA for standing behind your amazing products! #happydays #TMA1
802,Mint brownies for dessert!!! #happytweet
803,Waiting in line for a show...bundled up in two coats and a blanket #notcold #happy #fourandahalfhourstogo
804,"I choose a life that is rich with love, family, and friends. #happiness #affirmation"
805,Aweh im smiling so much right now because of a boy‚ù§‚ù§ #sohappy
806,how things can change #happy
807,@silungilet I finally had a Chocolate muffin today :) #happy
808,"Ahhhhhh Friday, what a great feeling! #happy #summernz"
809,@kellyb901 actually can't wait to book my flights on Saturday :D #party #madness #happiness
810,There's just something about you‚Ä¶(: #happy
811,did a test at work and got 100% #happydays #pharmacytraining
812,
813,I got an 89 on my first calc exam!! #sohappy
814,"Woke up in a crappy mood, but then I remembered CHIPOTLE AND THE GOVERNOR TONIGHT. Then tomorrow I'm seeing @floriida21 #happydays"
815,
816,
817,
818,
819,COUNTDOWN TO MA BIRTHDAY##Happy
820,
821,
822,The happy feeling of getting a new pair of jcrew flip flops #sb2024 #8days #jcrew #happiness
823,Another week has passed and we are almost in March. Still single but now i don't care if it happens or not #Single #Happy
824,
825,CUD CHIEFS came in 2nd place in AUS' basketball tournament. I AM SO HAPPY THAT WERE MOVING UP‚Ä¶.Zayed U on Tuesday xD #HAPPYDAYS
826,"new Parks &amp; Rec, @Elementary_CBS, &amp; @NBCHannibal this week? #happiness"
827,
828,
829,@carolinebing123 and I are officially sisters wives with Kendall #sohappy
830,That's me done for this week! Hello weekend! Hello London! Hello adventure! #excited #happy
831,"Crazy for you, by Hedley. 
This song makes me smile so much :))) #happy"
832,
833,"Loving this rain. :)
#lovinglife #rain #happy #pleasestay #outside"
834,
835,Thursday night means clwb bach night with the gramps and farmer #happydays #lovethursdays
836,ISGrill for lunchies #happy
837,"Out of class 75 minutes early, sloppey joes for lunch, basketball game tonight, and going home tomorrow...life is good. #happy"
838,
839,Getting $225.00 tomorrow. #happy
840,i have six meetings scheduled tomorrow.  #joy
841,
842,No worries because God is always on time#happy
843,I passed‚ò∫Ô∏èüëå #SoHappy
844,Got my tire fixed &amp; balanced yayy finally got my ride backk :) &amp;&amp; the weather is getting prettier.!! Eekk I'm goin' to wash my truck. #Happy
845,Even though I'm not well knowing that my baby is coming down makes me feel so much better @mattangel5807 #24hrs #pleasehurry #sohappy
846,Love my new phone #Sony #Happy #Shiny
847,DELE B2: Aprobado! #Happiness
848,
849,
850,I've never laughed so much as I did today! #sohappy
851,
852,Birthday cake ice cream is back in the union!!! #sohappy #yummy
853,"tengkiu beibi,, u'r all deBest dechhh..#kizzzz:* #soHappy #hug #LuvUall"
854,Taking long baths :3 #happy
855,Oreo brownie for #dessert thks to @TephyDiazB  #happy #women
856,
857,!!! done with essays for a few weeks!!!! #happiness #finallyIcansleep
858,
859,
860,
861,"As if my sister just got in contact with me , I haven't seen her in a year #Happy"
862,cant believe Jamie's got me a Tiff&amp;Co braclet! so lucky #happy #birthday #20
863,"Just woke up and ready to start the day :) 
#clean #fresh #happy"
864,
865,Essex bound Monday for graft #happydays #showmethemoney
866,"Well Atlanta ga I'm here Getting Ready to Film a New Upcoming  Movie ""Where is the Love?""  Time to go in Wardrobe &amp; Makeup #Work #Happy"
867,
868,One more class to go...weekend here I come!! #sohappy #notsurewhy
869,@Alberto_Alaska Hey! Thanks for following!! #Cagen's #Atmosphere is #quiet #intimate and #happy
870,Had quite the day. Just got home. Can breathe! Thank you God. #happy #content
871,
872,
873,Mmm when u read something so profound.. #happy
874,
875,#bathandbodyworks #aromatherapy lotion only $5! üòÉ #happy
876,Tomorrow is going to be a good day! Free hot stone therapy at college and then giving out a few manicures in the evening üëç #happy
877,
878,
879,"So glad its Friday tomorrow get to see my little ones for a stay over :-)

#happydays"
880,My fisherman called me as he was coming in from sea this morning. I got the fresh catch! Plus a large crab as brawta. #Happy #BuyLocal
881,
882,Tomorrow will be a good day.. i just know.. #happydays
883,
884,
885,
886,
887,
888,
889,
890,
891,
892,
893,
894,
895,
896,
897,
898,
899,
900,
901,
902,
903,
904,
905,
906,
907,
908,
909,
910,
911,
912,
913,
914,
915,
916,
917,
918,
919,
920,
921,
922,
923,
924,
925,
926,
927,
928,
929,
930,
931,
932,
933,
934,
935,
936,
937,
938,
939,
940,
941,
942,
943,
944,
945,"Cardio and 5 sets of wide grip pull ups, something about body weight exercises that make me pumped! #happy"
946,
947,
948,Remember the days of free NTL tv #happydays
949,
950,
951,That's it I'm done for the week...looking forward to seeing some of the girls over the next few days! #HappyDays
952,hair appt at 12 tuesday. #happytweet
953,
954,@kerrywashington @tonygoldwyn Love the love story #Sandalisback #Gladiators @OPGladiators #ScandalThursday #SoHAPPY
955,It is an absolutely beautiful day! I couldn't be happier üòäüòä #goregous #60degrees #sunny #goodmood #happy
956,
957,Done with e-filing orange books..#happy
958,Ordered myself the new clio#happydays #longoverdue
959,"Yes, my current play list is Disney Movie Songs. #Happy"
960,
961,
962,
963,
964,
965,need to lose only 17 more lbs til punta #happy
966,
967,Getting more money than I thought this month :) #money #happy #shopping
968,
969,JUST DOWNLOADING THE #ElderScrollsOnline Beta #sohappy
970,Loving the @gigglewhizz new stock for toddler girls amazing prints and colours #summer #newshop #newbusiness #happy
971,"Home now! But 2 hours 30 mins stuck on a motorway is not much fun, unless you worship Jesus then it's awesome! #blessed  #happy"
972,
973,A @tatianawesome compreende-me #happy
974,
975,Life is just peachy at the minute #happy #nodrama
976,Looks like me and @shibbeee are going to warped tour now! Thank you @everytimeidie for playing Dallas! It's all because of you! #happy
977,great day should end with an equally great night #happiness
978,"Lord, Give me a WILLING heart to hear your words and to faithfully apply them to my life. #Joy #praise"
979,That text&gt;&gt;&gt; :) #happy
980,Today been good. Breakfast with @KILLA_Kam_BABAY and @BigTitStacieRay üòÄ then some other shananagins and now bf is here #happy
981,Aaaaaannnnnd my washing machine is leaking üò´ #joy
982,"Like a delicious home cooked meal after a long day, so is my #ASOT #PUREBLISS #HAPPINESS"
983,I am feeling hopeful that many of us not are here not just for sharing #happy
984,Got a new baby girl cousin ‚≠êüôä‚ú®üíïüí´ #happy
985,
986,
987,What a day!!!! And it's Friday tomoz! Hurray!! #happy #clappy #slappy
988,The wolf of wall street in bed #happy
989,
990,
991,The song happy makes me happy #happytweet
992,Just been asked to be a godparent. So happy #Godparent #happydays #happyhappyhappy
993,The feeling you get when you found money that you didn't think you hadüòç #happy
994,
995,
996,
997,
998,Today's a good day. üòä #happy
999,
1000,
1001,First time being a team captain in P.E. and my team won. #happy #lifeisgood
1002,No school means a happy gavin :) #happy #yolo #swag #swaggins
1003,#birthday #happy #presents
1004,It's your right to be rich in all areas of life. The desire to be rich is a good thing! #lifecoach #successstory #happiness
1005,A Thursday night that feels like a Friday night because I am on leave tomorrow.  #Happy
1006,When I get told I have a 4 day weekend next week :') #happy #sleep #movies
1007,
1008,The look on someones face #drivethru #happy #iwantone
1009,"I might have found someone to play out with me on the ponies :)) meet her tomorrow,She likes Doing @somerfordpark &amp; @KelsallHillEque #happy"
1010,Squuueeeeeee!! I got my refund!! I'm rich for a second!! :D #sohappy
1011,Soo glad today is my Friday and that I have a 3 day weekend!  #happytweet
1012,"I love working with little kids, making them laugh is my favorite thing in the entire world. #sohappy"
1013,"Well I'm happy to announce, ive cooked my first turkey, and its delicious! ! #happytweet #yummy"
1014,Yay sub this period and 5th #happy
1015,Tomorrow I'll have my Iphone 5s :D whoop whoop #happy
1016,Booking up soonies cannie wait ekkkkkk hello sun shine where have you been all my life. #seasunsand#happy
1017,Laying on the couch watching spring training games #baseballsback #Yankees #sohappy
1018,
1019,I have to say I think it's inly up from here...!! #happy
1020,"@lizzilozzipop @RebeccaHolden97, you wouldn't believe who we are in CommJazz!We come on with Zurg looking like people from the Matrix!#happy"
1021,
1022,
1023,Got my belly button repierced finally :D #sohappy #bellybutton #piercings
1024,
1025,When @LukeKrone shows up for a surprise visit... #happiness
1026,
1027,"Another wait on the AA, puncture this time. #happydays #needmydinner"
1028,"If you see @TPS51Auxiliary make sure you ask him ""what's new"" .... #congratulations #sohappy #WellDeserved"
1029,
1030,My #life is #complicated mixed multitasking and I side order of it's your life do what makes u #happy #fashion #rant
1031,"I have been in such a good mood lately, and I'm loving every single second of it. üòä #happy"
1032,
1033,"@LivignoSnow  having serious ski withdrawal symptoms. Feeling the need to go fast, fall over and head to the bar! #livigno #happydays"
1034,
1035,
1036,Lords tickets and provisional licence have arrived! #happy
1037,
1038,
1039,A good #goalball session today. On my way home now. 2 sessions tomorrow. #happy
1040,"Smashed it at the gym! I'm back!!! It only took 3 months! Ha. Oh well, got my new PB to break tomorrow! :-) #happy"
1041,Long lie tomorrow #happydays #needtobuymyTticket
1042,I can't wait for tomorrow! #dayoff #lovemylife #lovemyjob #happydays
1043,Excellent body pump class tonight I really enjoyed that. When you've had a s**t day there is nothing like a gym class to cheer you up #happy
1044,Hard work pays off! ‚ò∫Ô∏èüëå #happy #appreciated
1045,
1046,
1047,Wow finished a lab in class due next week :D #happy #timesaver
1048,Finally got my twitter back #happy
1049,Hey Friday! Waddup? #Happy #Canseetheweekend
1050,Egusi is the truth #Naija #NigerianFood #happiness
1051,
1052,Got my vertical labret done #sohappy
1053,#LovingLife #perfection #happy
1054,
1055,GUYS I made a new friend #sohappy #sowonderful #mia
1056,
1057,
1058,It's my birthday and I can cry if I want to but today I just won't. #happy #therapy #birthdays #yay
1059,Just been paid an extra ¬£50 obviously a mistake but it`s going straight into the bucky fund #HappyDays #FeelsALikeAFriday
1060,
1061,Omg sweet relief! Aced that exam üëçüëçüëçüëçüëç F U anatomy! Take that! #Happy
1062,
1063,@SLPCollege seeking perfection in year 1 rehearsals today. They certainly cranked it up a notch! #happy #wecanalwaysbebetter #talentnorth
1064,going to bed at ease.. #happy
1065,Galaxy caramel mini eggs where have you been all of my life #happy
1066,Had a lovely meal with the boyf and the in-laws. ‚úå‚ù§ #happy #yummy #familytime
1067,
1068,
1069,Missed yoga so opted for free Chick Fil A chicken biscuit. #flexible #livingmypractice #happy
1070,Can't wait to have the weekend off.. Won't know myself #Happy
1071,"It's payday, my beautiful new Barbour jacket has arrived and I'm off to Chester tomorrow for the weekend. Today has been a good day. #happy"
1072,
1073,Taking petroleum engineering at S.A.I.T in calgary september #future #happy
1074,Mums offered to fill up the Corsa #happydays
1075,"It's raining , I love raining #happy"
1076,"Went offline due to a missing SIM. back on now, but not on whatsapp yet...... #Happy"
1077,
1078,Watching the office at work! #happiness
1079,"don't worry about people from your past, there's a reason why they didn't make it to your future.üëèüë∏#happy"
1080,
1081,This girl right here is Officially on her spring break üëô‚òÄÔ∏èüçπ #sohappy
1082,It feels nice outside!!#errands#lonngdy#happy
1083,Thanks @PerfectPoutCo for being my 100th follower #happydays
1084,Nothing better than making Muffins in class when you know everyone else working in class. #nobetterfeeling #happy #muffins
1085,üòÉüòÉüòÉüòÉüéâ #sohappy #goodthingscome #tothosewhowait
1086,
1087,"Looking after my little bro 'cause my parents are out, while eating crisps and watching Twilight ^^ #happiness #freedom #vacation"
1088,
1089,Ice cream sandwiches are so bomb! #happiness
1090,I wish u¬¥r H A P P Y #2ne1 #Crush #Happy
1091,@almacollege Still buzzing from being excepted to Alma on Tuesday #sohappy #almacollege #collegebound
1092,
1093,
1094,
1095,Two uni offers in two days üéâüéâ #happy
1096,
1097,12 days off n time with my boys #happy
1098,My tamagotchi evolved! #suchexcitment #happydays
1099,Things are finally looking up from here #happy #cantwait #excited
1100,bonding time wid le cousins #happytweet
1101,
1102,
1103,Lax start in less than a month!!! #sohappy #excited
1104,
1105,
1106,"Some people want it all, but I don't want nothing at all, if it ain't you baby if I ain't got you baby. #lovemood #happy"
1107,Fun sparring  today..learning by doing.. Really looking  forward to the evening class.. =)  #happy
1108,"Lane 2 for 50 breast, yassssss, lane 3 for 200 and lane 7 for 100, I can so deal with that #happy"
1109,"#BestFrriends need no sorry to end an fight! :)
#Happy"
1110,
1111,"Stir fry, Bulmers and watching darts with @Adair88 #goodnight #happy"
1112,Oh football is on #joy
1113,
1114,Dough rising merrily in the kitchen...soon the house will be filled with the smell of #RealBread ready for the start of a long weekend #joy
1115,
1116,I'm finally done with midterms! #sohappy
1117,just looked at my salary... üòç #HappyDays
1118,
1119,Thursday night in with a bottle of @austrianwinerev #Happiness #redwinethursday #shouldhaveboughttwobottles
1120,The #Pound is getting stronger! Right now ¬£500 will buy you 32 Euros more than this time last year - #happydays
1121,Now to #write my #business plan it shall be my guide for the next 6 months #work #Entrepreneur #freelance #happy
1122,So excited for placement @HartpuryEquine therapy centre! #happy #summer #livingthedream #pictureperfect
1123,"watching iron man 2 with pizza, Doritos and chocolate üòâ #happiness"
1124,
1125,
1126,ughh 15 hour day is killa ... on break then  back at er!! #culinarystudent  #collagelife  #happy  #cooking  #exhausted
1127,We should get out at 11:00 every day. üíÅ #Happy
1128,
1129,Finally able to get my motorcycle soon and my own car! #happy #blessed
1130,Im feeling great right now #happy
1131,fiston #kev #dubosc #happy
1132,Scran and a cheeky vodka üòä#ThirstyThursday #happy #WorkHardPlayHarder
1133,
1134,so happy that it's snowing in truckee! #snowday #happy
1135,
1136,
1137,
1138,The fact everything is working out so perfectly makes me know that this is the right thing ‚ô°‚ô°‚ô°‚ô°‚ô°‚ô°‚ô°‚ô° #sohappy
1139,A guy just took off his jacket and offered it to a random guy who wasn't wearing one. There are really good people out there! #happy
1140,Nice hot bathüõÄ‚ò∫Ô∏è #relaxing #happy
1141,
1142,"Getting ready for band practise, happy weekend coming up. Marriage of our Bb bass 'Cookey' to Sarah Hynd. #weddedbliss #happy #Godisgood"
1143,
1144,
1145,Wow who knew the randfontein show would be this fun power outage and all! #happydays #memories #iheartmydorp
1146,"Would like to go to bed until about 4.30pm Saturday, then I get up, shower and go down the pub to watch the footy! #Happydays"
1147,"You know what I love more than the smell of rain...
the sound of rain ‚ô° fuccck yeaahh!!! #capetown needs this shit #happiness"
1148,cute lunch with @JuliaMarie91 üë≠üíï and now a date with @LuceeKelly üëØ‚ú® #perfectday #lovemygirls #happy
1149,
1150,"Promotie, woohooooo, Promotie, wooohoohooohooooo !!  #newjob #happy #ftw"
1151,castle episode premieres monday in america and friday over here... #happy
1152,Lagunaaa #friends #sun #happy
1153,Brianna's therapy session went great today!!!! #autismmom #sohappy
1154,
1155,Feeling the Force I am with my new Dyson!! #Dyson #Hovering #Happy
1156,
1157,
1158,#EstrenandoRoomie @EdelAlvaro  #Happy
1159,these past two weeks have been amazing! dont ever think ive been this happy in a while! #happy#girlie
1160,
1161,
1162,Spring break is here :) now to pack up the car and drive home :) #happytweet #springbreakbaby
1163,Best feeling is when your work is appreciated! &lt;3 #animation #happiness
1164,Just got a Canada goose jacket #happy
1165,Finally free of crutches! üòã #happy
1166,
1167,
1168,
1169,
1170,Keeps gettin better and better #sohappy
1171,Burned 500 calories on the treadmill #personalbest #happy
1172,
1173,
1174,Homeward bound! #sohappy
1175,Maribor just scored in the last minute against sevilla to win me 44 quid #happydays
1176,It's a sad state of affairs when you have to postpone your own birthday because about 8 other people have theirs first. #joy
1177,"When a professor lets out class an hour early so we can go enjoy the sunshine, it's bound to be a great day! #joy"
1178,
1179,
1180,Im excited!!!!!! #happytweet
1181,So full! Raising canes hit the spot!! Money in the bank and full stomach! #happy #nothingcanruinmyday
1182,
1183,I just want to thank Father God and Mother Earth for coming together and agreeing to make this day more than amazing! #Happiness
1184,"It's a good day, Lola is four weeks old and I'm back in my pre-pregnancy jeans. They're my ""fat jeans"" (size 12), but still! #happy"
1185,Had a good day off worküôå made up i passed my test! &amp; its Friday payday tomorrowüòÄ #Happy
1186,i'm feeling like a million dollars :)....#happy
1187,@stacysays i can't believe you're in the cube group now!!!!! :D :D #sohappy
1188,Love this track! #BeeGees This #totp has had a good few of my favourites #happy
1189,Just saw the Northern Lights for the 4th time in my life. So privileged! #happy
1190,Saw snow melting. Oooohhhhmyyyhgassshhhh. :) #happytweet
1191,"Satan got kicked out heaven because of the ""spirit of pride"".  Don't allow pride 2 have u denied entrance into heaven! #pray #encourage #joy"
1192,Had an email from @seetickets announcing @thebottlemen's new tour dates! This is surreal. Amazing but surreal! #happy
1193,
1194,The Verve always out me in a brilliant mood! #happy
1195,
1196,You have no idea how glad I am that we don't have school tomorrow! #yass #sohappy
1197,
1198,Greysanatomy is back! #happy #finalmente
1199,
1200,
1201,
1202,
1203,
1204,Just paid off my two credit cards #bestfeelingintheworld #happy #movingforward  #Godisgood
1205,
1206,Really happy! Spring would just make it a little better! üå∑‚òÄÔ∏è #happy #warm
1207,filled up my gas tank today when gas was $3.48...an hour later it's $3.79 #ThankGod #SoHappy #SoThankful
1208,Easy A. With sushi. #happy
1209,Seeing the effects of working hard... A first in Pauline's module üòäüëè #TopGeek #happy #biomed
1210,
1211,
1212,I'm so glad Ice nine kills is going to warped #Happy #FinallyGetToSeeThem
1213,
1214,I love when things just happen out of the blue......... Ahhhhhhhhhhhh!!!!! #GetHype #Happy #AllMe
1215,Can't wait for Grey's Anatomy tonight!! : ) #favshow #suspenseful #happytweet
1216,"""Oh my God, Lord I realize Your word has opened up my eyes. Oh my God, Now I behold the Father's love that's so divine."" #joy"
1217,
1218,feeling like running my fist through a wall #HappyTweet
1219,Spring break!!!!!!!! #donewithfinals #goinhome #peace #seeyalaterjwu #thankgod #sohappy #hellyea
1220,
1221,Thank you to the visitors who let us know that Berkshire Collects is the best exhibit they have seen. It warms our hearts to hear. #joy
1222,
1223,
1224,I'm soaring listening to your beautiful music @mutual_benefit - love the colour of the vinyl too! #joy
1225,
1226,
1227,
1228,Tweet us your best chants as we get ready for #opfest14 tomorrow! #24hours #happy #optomlove
1229,
1230,I cant weite Justins Bday i am soo happy i have that super great feeling when i have mine i am soo happy #happy
1231,Sub in America Government! #happy #fun
1232,Oh a snow squall!  #Joy
1233,"#TeamPorto , ON A GAGNNNNEEE #happy"
1234,
1235,"POR FIN SALIO EL NUEVO DISCO, hdajdussdjwsn #Happy #Missmayi #Riseofthelions #lisen #to #Gone #is #beautiful"
1236,
1237,
1238,
1239,Just called ¬£100 in bingo #happydays
1240,#facebook #conversation #happy
1241,
1242,‚ÄúBeer is proof that God loves us and wants us to be happy.‚Äù #BenjaminFranklin #Alcohol #Beer #Happiness
1243,
1244,Smashed the #Rowing. 6.59. #Happy #Gym #Fuckedmeup
1245,75% on my Econ test. 10% above class average. Hell yeah. #happytweet
1246,
1247,
1248,6-0 win in the derby against Eastbourne #GoodResult #Happy
1249,We are moving In just 4 months to a bigger house and I haven't even started packing and the house for sale soon #slacker #don'twanna #happy
1250,The countdown is on ...March and snow just around the corner ! #happydays
1251,The best Phone call of the day is seeing your name pop up on my phone#Joy#hopeyouneverforgetme
1252,The changes I've made over the last few weeks are the best thing I've done for a long time! #happy
1253,Mmm i been paid #happydays
1254,"Just discovered my favorite quote, ""live free or die frying"" make it what you want  #friedfood #sunburns #happiness"
1255,"Busy day over at Minworth Birmingham today, then back home to do some quotations this evening, back again tomorrow. #Happydays"
1256,
1257,
1258,My phone is finally working again.. And we got a house for next year!! Buzzing!! #finally #happydays
1259,@KABOSWORLD You looking good my big brother. I'm so glad you're doing well. I was at Jojo's the other day heard about the good news. #happy
1260,"Oh man. @teamviewer is going to save me. Why didn't I do this sooner? #causeiamslow But, really? YAY. #happytweet"
1261,Things to be happy about: tomorrow is officially the last day of winter AND clocks go forward in one month. #joy
1262,My unborn baby boy just scored me a free cookie! We are going to make a great team! #littlethings #happy #yummy
1263,
1264,Goin prom dress shoppin in Roanoke tomorrow #roankeva #acaprom2014 #happy #excited
1265,OMG GREY'S ANATOMY IS BACK TONIGHT :D #GreysAnatomy #GreysIsBack #sohappy
1266,Eating foods with Capsaicin can increase your endorphins. #happy#mood
1267,
1268,
1269,
1270,Thank you Dr.Yu for giving me an excuse to leave school early üòÇüëè #bracesofftoday #happy #bracefreesoon
1271,
1272,
1273,A trip to the public library is not such a bad idea. I can borrow a total of 50 books! What the! #happiness
1274,Hell week has been so easy #happy
1275,That moment when you realise you have the most perfect boyfriend ever #happiness
1276,
1277,What am awesome rainy night. #soHappy
1278,Everything is coming together! üè°üëØüë´ #happiness
1279,
1280,
1281,Talking to a friend after a really long time.... #simplepleasures #LateNightConversations #happiness
1282,Life is far too short to hate and be bitter.... üòäüòäüòä #feelingrefreshed #happy
1283,"üíôPursue Happiness Logically üíô
üíöLift Yourself Naturally üíö

#health #happiness #positivity #logicallylifted"
1284,"Love a bit of darts, watching The Premier League &amp; having a munch... Two days off work aswel #HappyDays"
1285,
1286,@tassimo Looking forward to my next Coffee in the morning. Loving my new #tassimo and my #costa drinks. Fantastic purchase #happy
1287,My upper body is practically useless today thanks to my new motivation. :))) #happytweet
1288,finally got a new phone charger #happy
1289,Thank you @WWENetwork for fixing the vod problems working since yesterday with no problems #wwenetwork #happy #wwe
1290,
1291,Last class of the day. #happy
1292,Glad my friends approve&gt;&gt; #score #happy
1293,This is God's way of cheering me up. :) #WinterRains #happy
1294,Relief comes to mind knowing I do t have college tomorrow!#so #happy
1295,@colmkirwan Hi you seem to be quite a source of conversation for #LadiesWhoLunch lol  Coz u #inspire &amp; make us all #happy #CelticKountry
1296,
1297,
1298,
1299,I have the best family/friends/roommates ever and I'd be so lost without them #lucky #blessed #happy #lovethemall
1300,End of my first proper week in my new job =) been a good week; working with lovely people and beginning to learn tasks #happy #goodtimes
1301,
1302,Eventually ordered my teeth whitening strips #smallthings #happy
1303,Lovely to have the husband back in the city. #happiness
1304,Guess wt guys...I GOT A DATE!!! #happy
1305,"its all gonna be oküòå
#happy"
1306,#FirefliesBTS #kca #VoteTheWantedUK @TomTheWanted AND @ImRichardRawson new music video and song #excited #Happy
1307,I'm so ready for the weekend. My time spent with @RobbieFox1 is so important and precious to me. #hespoilsme #inlove #happiness
1308,Feeling blessed for everything and everyone in my life. #thankful #happytweet
1309,Enjoyed a sunny walk for my winter . . . I love you. #Happy
1310,"I'm not a 40-weddings-a-year man, there's more life than just weddings... 15 weddings are my limit. #balance #portraits #hobby #happiness"
1311,
1312,Fuck yes this job at panera was much needed #happy
1313,
1314,So beautiful 'Peacefulness' #ASOT652 #happiness
1315,
1316,
1317,
1318,He's so cute. #happy
1319,New phone is sick #happy
1320,
1321,
1322,Ben did well after the goal (which wasn't his fault) Tiendalli did ok against a quality team. #happy
1323,-13 my birthday bitcheeees #happy
1324,Thank Godüôèüôè #sohappy
1325,"Don't let someone else control what you do in life. It's your decisions, your outcomes, your life. #happy"
1326,So glad i dont have to get up early tomorrow #happydays
1327,
1328,The thought of pay day 2moro makes me #happy
1329,
1330,
1331,It's so nice to be home for the weekend üòä #Happy
1332,"@Pharrell should rule the world, already has the number 1 world single, might as well #Happy"
1333,Loved this morning's lecture! Probably because it had so much to do with my major :) #happytweet
1334,Having such a fantastic day. #happy
1335,Season ticket renewed #HappyDays #Bluebirdss
1336,I now have regained my faith in humanity #happy
1337,fuck iPhones... just found out my step-dad has been receiving some of my text messages (-: #joy
1338,"The best way to start a day is listening to music, having breakfast with monty phyton and take a walk with the dogs. #happy"
1339,Good netball game and got best player to top it off too :D #happy #netball #woo
1340,I drove the huge work van today and didn't kill anyone üòÅüëç #happydays
1341,"28.02
last day of winter
#happy"
1342,
1343,
1344,
1345,"""I wish I knew how to do cartwheels cause I wanna"" #sohappy #twitterlessjena"
1346,
1347,My professor comes outside and tells me your the man and then walks off. Come to find out I got a perfect score on her midterm. #happy
1348,Back at CRHC with @CandiceRoland .... #joy
1349,Omg that's so hurtful..... Jk I don't care..#happy #greatday
1350,"Thatch with my man Anthony; charlene, jake jacob and danny! So glad Anthony's home for the weekend! #happydays"
1351,Cultivating good vibes! :)  #happy
1352,Strawberry Marshmallow Fluff has just arrived!!!! #sohappy #marshmallow #fluff
1353,That amazing moment my hoodie smells perfect with the right mixture or mine and a guys smell! #stollen #yes #happy #mynewfav
1354,
1355,
1356,
1357,Birthday tomorrow and payday Wednesdayüòùüéâüí∑üëå #happydays
1358,Never seen my mom so happy cause she found out she has $600 on her child support card #happy
1359,Hell yeah! I just got 35/36 on the pre-calc test! ¬°Es ridiculoso! #sohappy
1360,New car on saturday #happydays
1361,
1362,I'm absolutely loving my new job #happytweet
1363,
1364,
1365,If you want to change your shitty life - change your shitty attitude.  #plainandsimple #uptoyou #happiness #freewill
1366,Wooo I just hit 250 subscribers!!!! Thankyou for watching my video's everyone!! #happy #YouTube
1367,
1368,Happy Thursday!! #almosttheweekend #happy #positive
1369,IM SO HAPPY!!!!!!!!! #amazing #wonderful #astounded #crying #sohappy
1370,
1371,
1372,I will be arriving at Wigan North Western at least 1 hour before I expected to be #happydays
1373,‚ÄúYou can never get a cup of tea large enough or a book long enough to suit me.‚Äù ~C.S. Lewis -- Wiser words were never spoken! #happiness
1374,First offer from uni!  #happy
1375,
1376,
1377,I don't know how but i just fixed my computer! #happy
1378,Catching up on #oneborneveryminute series 5....#pregnancy #excited only 13 weeks to go until little man arrives #happy
1379,So this weekend I see @russellhoward in Shef on Saturday! Sunday it's @michaelbuble in Manc! and Monday is @ShaneFilan in Notts! #happy
1380,"its amazing how in 5 weeks my skin has changed so dramatically. no badskin, no scars &lt;3 Love the skin im in #happy #fresh"
1381,I can see my V cuts coming back üò©üôå #sohappy
1382,A- on probably the hardest paper I've ever had to write in college #sohappy  #medicalethics
1383,2lb lost #fatclub #happy #nextweekmore
1384,today is going surprisingly fantastic #happy
1385,
1386,"Finally, this parents evening went well.... So happy they didn't mention any shit about me. üòÄ#Happy"
1387,"Another 4lbs off at @SlimmingWorld tonight, 2 pound away from 3.5 stone :-) #SoHappy"
1388,#Coding + #Tea + #Music + #Rain + #View = #Happy #Life
1389,"Got my tickets for @LFC -@chelseafc on 26 avril, can't wait to see Anfield again #happy #YNWA"
1390,Well that escalated quickly..... #happy #wasamazing #toosoon #imelted
1391,Finalmente #Enrica ce l ha fatta #MasterChefIt #good #happy
1392,"Work and pro essay wrote. Conducting exam done and went well, in hull with Curtis and fam watching telly #happy #chilled #hull #relaxed"
1393,
1394,#panera #clutch #happy #food
1395,And the support from my friends and family.. The encouragement.. Like I said... So full! #blessed #grateful #happy
1396,
1397,Love it when you can notice something üòçüòä #happy
1398,#loveisintheair  and im #happy
1399,You wont stop smiling for days. #sohappy
1400,This has been a wonderful Thursday! #thankful #happy
1401,Had thee most incredible day on set #blacksails what a great team and so much fun! Couldn't be happier #film #lifeonset #ilovemyjob #happy
1402,Faith is when you see light with your heart when your eyes can only see darkness.Seeing with my #heart is my #1 skill in life. #faith #happy
1403,
1404,"Today has been a good day, very productive! #Happy"
1405,Oh #happydays
1406,Marcus Paige is a straight baller! #uncnation#beastmode#happiness
1407,Baseball is back. #happy #GoMariners
1408,Love my amazing boyfriend and our beautiful little boys. Love my family #sohappy #soinlove #finally
1409,So much new music to listen toüòÅüòÅüòÅüòÅ #sohappy
1410,
1411,End of the week + End of the month = End of my worries!!! #happydays
1412,"The older I get, the more unapologetic I am about being myself. #GiveLessFucks #OneLifeToLive #Freedom #Authenticity #Happiness"
1413,I'm in the library in a comfy sweater and it's perfectly quiet except for the sound of rain pouring down outside. Life is good. :) #happy
1414,God is amazing #happy
1415,
1416,
1417,
1418,T in the park getting booked with the boys tomorrow üëè #Happydays
1419,Happy birthday Kris Fade! Hope you had an awesome one! Celebrate well! @krisfade #birthday #happydays
1420,2 days till I go to Prague #happy
1421,
1422,#Random I swear I have the most thoughtful people in my life :o) i love #sweetsurprises #grateful #blessed #happy
1423,
1424,I have friends that will go see the new 300 with meüòÑ #sohappy
1425,That incredible awkward moment when you find out that @RemingtonLeith  birthday is the same day as your‚ô° #sohappy
1426,He brought me lunch üòç #sohappy
1427,Seasons come &amp; go but you need always remember-you'll reap what you sow-Expectation-JesusForgives&amp;Saves-Ask #summertime #TEA #kitchen #happy
1428,
1429,
1430,Happiness is the truth! #RT #truth #Happy
1431,Got for my birthday a wonderful hardcover edition of The Annotated Alice #happy
1432,YEY #800thTweet #happy
1433,I'm shocked my mom let me go to the game! #Happy
1434,Reality finally became better than my dreams &lt;3 #happy
1435,"Mama, auntie and the sisters are here #happiness"
1436,
1437,Demain Disney ! #Happy
1438,Hello i finally get to go home from school:) #happy
1439,I am officially a junior in college and now have my associates degree!!! #sohappy #timeflies
1440,Insanity just came in the mail #sohappy
1441,Sushi time #happy
1442,when I come up with this crazy idea that I'm gonna buy a car and my dad actually says he's been thinking about that for a while #sohappy
1443,Laughter is the cure #Happiness
1444,@VitaCoco great product you are now on the shelves at morrissons #happy
1445,Looks like we'll be joining our pals @BrickHouseBread @mootowncheese @ldncheesemonger @LimpopoButchers soon @HerneHillMkt #HappyDays
1446,
1447,Things are finally going goodüòú #happy
1448,
1449,Demain V A C A N C E #happy
1450,Good things come to those who wait!!!God is so GOOD!!! #sohappy
1451,6am is a great time to go &amp; bang out 30km before work :D #cycling #happy #melbourne
1452,The return of militant man #happy #qmelections
1453,
1454,"@ben_montague was bloomin brill, just been to get my cd signed and a piccy #happy"
1455,"used my amazon card and very shortly I will have a phone case , skull barbells , and the play script to one of my fav movies #goodday #happy"
1456,
1457,Got an amazing set of friends üë≠üòò #happy
1458,Hahehe just got 100 followers on Instagram #happy
1459,Rubbish day turned out TOP #Happy #Lucky
1460,Just found my earring that I lost a few months ago! #happy
1461,Another letter from HRI :) #happy
1462,I needed my nails done #happy
1463,Off to go snowboarding! :) #happy
1464,I have finished all my homework before 4‚É£:0‚É£0‚É£ #happy#girl
1465,
1466,In such a good mood #happy #gaytweet
1467,Done with midterms FOREVER fuck yeahhh!!! üéâüéäüòÑüéäüéâ #nomoremidtermsever #sohappy #schoolsout
1468,"This summer I will be working as part of @TheShowTeam in Spain. Very much looking forward to it, start rehearsing Sunday #excited #happy"
1469,
1470,
1471,
1472,
1473,
1474,This has been a pretty good week... even with my current 12 hour day of classes! #happydance #happytweet
1475,sosososo excited to go to the #Ripleysaquarium with my pea nd our babes Sunday #roadtrip #withourbabes #soexcited #happy #cantwait
1476,"I'm a poet and I didn't even know it. üòâ feeling #creative, #free, and #happy"
1477,
1478,
1479,
1480,25 bar it tha bingo #happydays#beginnersluck#weeklyevent
1481,"Pre-booked, pre-paid taxi.. Free hotel.. Free supper.. #happydays #JD"
1482,Every piece of homework that was due in this week has been extended by a week. There is a God #happydays
1483,#friday #favouriteshoes #lastdayofsummer #winenight #happydays
1484,Ray Charles played on Pandora this morning #SoHappy #drivingwhileswing
1485,#bluestone42 is on tonight! #yayyayaya #happy
1486,Waaa #Happy #Happy
1487,Last 12 hr night shift of clinical... Just got switched to days üôåüôåüôåüôå #sohappy
1488,"Had a good dayy. 
#Happy"
1489,Yeezus film directed by Hype Williams coming to theaters #happiness
1490,Finally done midterms! #finally #sohappy
1491,
1492,
1493,Gym + coffee+ incense+ bubble bath+ weed+ my slowjam playlist+ my water proof case = IN HEAVEN RIGHT NOW. No one knock!! üòª‚ù§Ô∏è‚ò∫Ô∏è‚ò∫Ô∏è‚ò∫Ô∏è #happy
1494,Headed to the hospital!! #gettoseemymom #sohappy
1495,üôåüôåüôåüôåüôåüôåüôåüôåüôåüôåüôåüôåüôåüôåüôåüôå #Happy
1496,"TuT
#Happy"
1497,@XxPrincessLeiax is home! #happy
1498,This moment when u just wanna dance in the car :') #Happy #haha
1499,VCB will be back in action come March at the World Indoor Championships! God be PRAISED!!! #Happy
1500,"Shopping done, time to #chill #soak in the #bath #malegrooming #happydays"
1501,UPS guy finally showed up! #happy
1502,"Friends made my day. Happy since mo' ! 
#Joy"
1503,"""A smile costs nothing but gives much"" . #smilemore #happy"
1504,
1505,
1506,"I seriously LOVE meeting new people, it gives me such a thrill! ‚ò∫Ô∏è #happytweet"
1507,
1508,Ahhhh this day is awesome and will only get better!!! üòäüòäüòä #happy #spontaneous
1509,"Had a productive day, long but ok #happydays #needtowork #paysforracing"
1510,Take every moment for what it is: A chance to be #fearless and happy. #happiness
1511,Everything is looking up#sohappy#solucky
1512,
1513,WILLIAM BLOUNT HIGH SCHOOL SINGERS IS GOING TO STATE!!!!!üòÉüòÉüòÉüò≠üò≠üò≠üò≠üòÜüòÜüòÜüòÜ #SoHappy #CantWait #Ahhhhh
1514,We needed that walk at the Mall early today and I got my Infinity rings I've been looking for. #happy #bunso
1515,
1516,"I dont think I'll ever get tired of this song, I'll still be playing it in 2020 #happy"
1517,
1518,I wanna scream am tht excited #happy
1519,
1520,"Pain makes you stronger, tears makes you braver, and heartbreaks makes you wiser, so thank the past for a better future. #happy"
1521,@AustinMahone #U IS OUT IN ARGENTINA!!!!! ‚ò∫Ô∏è‚ò∫Ô∏è‚ò∫Ô∏è‚ò∫Ô∏è‚ò∫Ô∏è‚ò∫Ô∏è OMGGGGGGGGGGGGGGGGGGGGGGGGG THANK YOU #HAPPY
1522,
1523,@AquaSanaSpa what an amazing time I had here tonight....first time but I will be returning #spa #relaxed #happy #centerparcs
1524,
1525,
1526,
1527,
1528,92 on my Care and Pre test today #illtakeit #happy
1529,"I kept hearing about this ""24 hour music video"" but didn't realize u watch according to what time it is. Then u can jump around. #Happy"
1530,
1531,"Feelin pretty good about myself 4 a change, exercise is good #feelininspired #nopainnogain#happy#motivated #future #personaltrainerisawesome"
1532,I got a job interview! #sohappy
1533,I BEST have abs by the time I'm away... or at least some nice stomach shape. #movingabroad #beachbody #sohappy
1534,"I thought I would never be happy, I lied to my self. #Happy"
1535,
1536,
1537,
1538,After two n a half years my search is over #sohappy
1539,
1540,Getting baseball updates. #spring #happy
1541,
1542,
1543,"iTunes crashing after the lastest update, thanks Apple #joy"
1544,
1545,"Do you enjoy our #tweets? If so, RT to your tribe! :D #drinkyourjuice #happy"
1546,
1547,
1548,"Yay, no m25 car park to attend with in the morning! #happydays"
1549,There are dragons on my desktop. #happy
1550,
1551,yayyyyyyy 302 followers woooww omg tis morning i only had like 40 followers now i have over 300 woow :DD #Happy
1552,
1553,
1554,"Finally walked outside and got to see this gorgeous day! :-)
#happy #atxlife"
1555,
1556,Yeh food time!! #happytweet
1557,A BIG SHOUTOUT GOES TO @a_shark13 ! üòòüòò #sohappy
1558,
1559,i am perfectly happy with being the sober one #loner #happy
1560,
1561,
1562,...although I had a perfecto day with @SJPerry93 in York üòã #previoustweet #happy
1563,2 weeks until smuha damorin! #excited #happy #dancing #fun
1564,"Happy feet marathon, popcorn, and pot #happytweet"
1565,I learned that #loving what you do is all you need to be #happy
1566,
1567,
1568,
1569,Frozen is on megashare...so I'm watching it #happydays
1570,
1571,"Was nice that my Mum and her boyfriend came over today, even treated me and my lover! #Nandos #GreatDay #Happy"
1572,GREYS ANATOMY COMES ON TONIGHTüòçüòÑ #happytweet
1573,This week went so fast #sohappy
1574,"heading to New York for a few days in a couple of hours!
#happy"
1575,@t Movies !! #Happy
1576,@HunterBoots Wow! Thank you for your prompt and courteous resolution to the problem I was having! Wendy is awesome! #faithrestored #happy
1577,
1578,After 9 months of injury I ran my first 5k without stopping tonight. Nearly 10 mins off pb but I did it! #happy #FitTeam14
1579,Wiiiiiii #Happy #Happy
1580,
1581,My sister and brother in law are coming down üòÅ can't wait to have dinner with them! #sohappy
1582,Midterm exams are done! #happy #freedom
1583,Been napping a lot lately because I'm very #happy
1584,Friday tomorrow and long weekend for me so not going to let anyone ruin my day üòÄ #friday #happydays #leavemealone
1585,great marketing concept by @CocaCola . Using coca-cola to unite 2 countries together #CocaCola #happiness #marketing
1586,"Ha!! Someone Said To Me That I'd Never Reach 1K Followers In A Month. I have 1,143 ~ #HAPPY"
1587,Getting the books my mad fat diary &amp; my madder fatter diary! didn't know there were books of the series! @MyMadFatDiary #sohappy
1588,
1589,
1590,when I'm arranging a track and I struggle to focus because I just... keep... reveling in it. #goodsign #happy #lovemyjob
1591,
1592,
1593,
1594,
1595,
1596,
1597,Just found half a bottle of port for crimbo #happydays
1598,Just found a couple of Bitcoins down the back of the sofa #happydays
1599,
1600,Got a place to compete at Isleham after Aston being cancelled #sohappy #solucky
1601,2/2 In Sirsi which is a hole-was going to take a rest day here but have thought otherwise -will push on for Goa tomorrow (163km). #happydays
1602,Ain't about that bussing life today #happytweet
1603,Everyone loves a hypocriteüëç #happydays
1604,¬£200 goin in my bank tomorrowüôå #HappyDays
1605,
1606,
1607,"Bathroom done,table put together,lock fitted on door.kitchen half done.eat.sleep.work.repeat. #happydays"
1608,
1609,
1610,
1611,"Its a ""hear all your favorite songs on the radio"" kind of day #nocomplaints #happy #favorite"
1612,@JemmaJuice13 was amazing in her opera &lt;3 great voice and so proud of her #happy #bigsmile
1613,I've got too much to be happy about to let the little things get me down. #happy #nearlyfriday #fun #staypositive
1614,Day just got ten times betterüòä #happy
1615,
1616,I Fixed my car audio problem. #Happy
1617,
1618,Ahhh tanning at last üòé #muchneeded #tan #happy
1619,
1620,Off work for a week üëçüòÄ#happy
1621,
1622,To say I was behind on Monday with my coursework I've caught up and I'm now ahead... #happy
1623,
1624,
1625,Perfect day in Melbourne today! Happy Friday everyone :) #happy #sunshine #work
1626,
1627,Any day is a good day when I get to walk around with a spider in my pocket.  #spiders #happiness
1628,
1629,Mes  cousins sont laa :) #happy
1630,
1631,
1632,Literally eating everything I can find in my house so no doubt I'm going to look pregnant in whatever I decide to wear tomorrow #Joy
1633,
1634,
1635,Been awhile. Update on life... Getting married March 21 and baby due September 16! #happy
1636,"Norn Iron T-Shirts will be at #StGeorgesMarket Friday 7-2, Saturday 9-3 &amp; Sunday 10-4. See you there #HappyDays"
1637,YAAAY HALEY GOT HER LEARNERS PERMIT #happy
1638,
1639,
1640,I knw dat my God will see me through....#Happy
1641,Gym time is my time #happy
1642,EWWW SHANIQUA THATS WHY I WASNT USING THAT FAGGEY AT YOUR PARTY #Joy
1643,IM SO SHADY #Joy
1644,
1645,Just want to sit on my couch play my ukelele with some hot chocolate while watching Friends marathonüòç #perfection #ideal #noworries #happy
1646,THATS WHAT THE WEED DO TO YOU? DAMN BABY GIRL SLOW DOWN #Joy
1647,
1648,Those 14 bonus points just changed my view on life üëèüëçüëä #wow #happy #thankful
1649,Daily Affirmation... I Am Positive...Happy... &amp; Free... #DailyAffirmation #PositiveVibes #PositiveThinking #Happy #Free #Positive #Spiritual
1650,Book: How I Found Freedom in an Unfree World - by Harry Browne  #greatfind #happiness #changeyourstory
1651,
1652,
1653,
1654,THESE DIKES AND FAGGEYS SO MISERABLE MY BITCH GIVES THEM LIFE #Joy
1655,Total sucker for motivational speakers. Enjoyed the morning listening to Candringa! Talk about #happiness
1656,WHAT YOU GOING TO DO FOR THIS KD #Joy
1657,
1658,Everybody just calm down!!!.....its friday tomorrow! #happy #weekendsnearlyhere
1659,Who loves getting mail?? #thisguy #latepackagearrival #sohappy
1660,
1661,@isaogilvie decided to surprise me by coming over üòä #SoHappy #MissedHer
1662,
1663,
1664,HEY BITCH @BonJourBomshell #Joy
1665,
1666,
1667,
1668,Just ran into one of my best friends who transferred last year. So so so glad he's back and we get to catch up. ‚ò∫Ô∏è #happy
1669,I got the job!!! ‚ù§ #sohappy
1670,yes! #LostGirl #Season5 coming soon!! #happy
1671,
1672,I see that sparkle in my eyes again. #happy
1673,
1674,
1675,"Ma√±ana no tengo clases 
#Happy #FuckingSchool #FuckYouLucy"
1676,
1677,"Great meeting today with @ProsperityIFA lots of exciting stuff on the horizon, another happy customer!! #happydays"
1678,
1679,I can curl 50's now #HappyTweet
1680,#Demi is back ya'all ! :D #happy
1681,Glad to see the girls back in uni tonight :) #friends #happy #uni #life
1682,
1683,
1684,So glad everyone's made up and are friends again #happy
1685,
1686,
1687,My hair grows so fast! #SoHappy
1688,Coldest day of the year and my power goes out #joy
1689,Taking the scenic route home cause I'm felling good. #happydays
1690,Nothing can ruin my vibe. #happy
1691,"Thank you all my new followers for following me, hope we can all learn from eachother!  #happy  #NewToTwitter"
1692,
1693,"I am so tired I feel sick, yet loathe going to bed when I've only been home 30 minutes. I get no evening then back at work. #happiness"
1694,
1695,Back in control and started my new job üòÅ #happy
1696,
1697,I am so excited about my future right now. #happytweet
1698,
1699,"#fashion has the ability to create ongoing, and fluid cultural touch-points. #happiness"
1700,
1701,
1702,
1703,The smallest things tend to be the things that make you smile #cute #happy
1704,"I wanna know your name... 
#SoHappy"
1705,Yeeees...#RipperStreet lives on!  Nice one #LoveFilm or whatever you're rebranding as ;). #happydays
1706,
1707,
1708,Found my prom dress !! #yes #sohappy
1709,So much for crossfit. Free gym sesh instead! @CainLizzy #happydays
1710,Vogue coffee üòäüíï‚òï #happy #coffee
1711,
1712,Wow saw the nothern lights what a time to be alive #happytweet #typinginarush #whatahigh
1713,Happiest girl in the world at this moment! #soppytweet #happy
1714,
1715,The fact that my new phone case and monogram sticker came in today&gt;&gt;&gt;&gt;&gt; #happy
1716,
1717,"Oh my god, did that really just happen...?!?
...so fuxkin' funny.
#fun #laugh #happy #OMG #LetsSeeYouTryAndDoThatAgain"
1718,
1719,"Europa league.
FIFA 14.
Beer.
Sweet &amp; sour chicken.
Bros.

Life is good!
#happy"
1720,
1721,
1722,"A very busy week baking Biskaties, looking forward to Friday avo playtime! Any suggestions?! #happydays #goforcoffee #run"
1723,I might have tears in my eyes. #transit #joy
1724,One step closer #nevergiveup the dream will be true soon #sohappy
1725,
1726,"My new headphones have arrived and they are amazing, finally got two working ear pieces, plus they are orange, good times &lt;3 #happy"
1727,"""A bird does not sing because it has an answer. It sings because it has a song."" -Chinese Proverb #happy #birds"
1728,Already love my new job üòå #happytweet
1729,No surgery is needed #happy
1730,
1731,
1732,
1733,Momento Feliz! #cafe #lluvia #tarde #happy
1734,
1735,
1736,"Hay un 99,99999999% de posibilidades de que ma√±ana para mi cumple me regalen 'Don't Forget'!!!!! #Happy #SpainWantsTheNeonLightsTour"
1737,"5 mile power walk, taught, updated HR resume, talked to 2 recruiters!! #happy #positivethinking #newjob"
1738,Going to sleep like a baby tonight #happy #PSitsmybirthdaytomorrow
1739,
1740,working maxed amount of hours for the next month. pay off the expenses for the cruise &amp; save for the next big step in my life‚ù§Ô∏è #happy
1741,House move finally looks on #HappyDays
1742,
1743,
1744,#happy #ballet #dance
1745,
1746,I have sooo much respect for those not afraid to hunt down there dreams!#happiness
1747,You just made my day @FIT_MOTlVATlON #Oomf #sohappy
1748,I'm tweeting this from my new iPhone 5s. Just saying. #happy
1749,
1750,
1751,"I am so fucking excited for this year, so much planned!!!! üò±üòÅüòù #smilingfromeartoear #happy #holiday #camping #newpeople #excitingtimes"
1752,Feel like everything's as it should be. The pieces of my life are finally coming together. #happy
1753,
1754,
1755,Gonna be feeling weights tomorrow! #sore #happy
1756,"I think this is where I want to be in life, single , in theatre!#so#happy#right#now"
1757,IM SO ECSTATIC TO RUN TOMORROW. #hellyeah #sohappy
1758,Kool-Aid üíï#happiness
1759,Woop went from 1.0 down on  Aggregate to 3.2 up on Aggregate that's the spirit tottenham #spurs#coys#happy
1760,
1761,I went into this day thinking it would be awful and surprisingly enough its been the best day all week. #happytweet
1762,
1763,"Spurs can stay in the Europa League as long as they want, it's a balls playing on a Thursday then the weekend #happydays #fourthspot"
1764,"Feeling very grateful today, for all kinds of reasons. My cup runneth over. And February is almost over, too! #happy"
1765,Well I'm lactose intolerant. #joy
1766,Looking forward to this weekend!! #happy #plans
1767,
1768,Been in a really good mood recently so happy #happy #good #mood
1769,@cooljoolzbymc I received my evil eye bracelet today!! So happy...thank you again for fixing it. #happy #evileye #grateful #thankyou
1770,Watch Adventure time everyday #happiness
1771,
1772,ITS FRIDAY! #yay #sohappy
1773,If Tottenham win I win my accumilator #happydays #EuropaLeague  #THFC
1774,Excited for life ‚ò∫Ô∏è #happy
1775,
1776,Keeping a #clean home is a key part to having a #happy #home
1777,
1778,New baby in the family ‚ô•‚ô•‚ô•‚ô• #happy
1779,"Every second u spend should be spent with a smile, a grateful heart and a peace of mind. Music, reading and writing do that for me ‚ô•‚ô°‚ô•#joy"
1780,Looking forward to riding on the new track Saturday and Sunday. #happydays #nopainnogain
1781,
1782,looking for more tattoos #happy
1783,
1784,Yay!! My spring break bikini is here!!! üòçüëôüå¥‚òÄÔ∏è #HAPPY
1785,Glad that's not happening! #sohappy
1786,
1787,"Last evening shift, off for the weekend :) #happy"
1788,
1789,
1790,1\2 a pound till a stone! #happy #Smiley
1791,
1792,Life ticket bought #happydays #payday
1793,
1794,
1795,Customers goes and buys me chocolate and bring it to me at work! #LovingMyJob #ChocolateLove #Happy #Blessed
1796,OMG!!! @shanlovesellie is coming to cheer here tomorrow and I absolutely CAN NOT WAIT to spend the weekend with her. #sohappy #missingyou
1797,Someone was braging on my singin today üò≥üòÅ #happy
1798,
1799,@ColourKrazie You just made twitter!!!!YAAYAYAYAY #sohappy
1800,Lol all the UK acts on #BigReunion2014 have got major issues drugs etc - look at 3T no issues got on with life! #happy
1801,
1802,"Letting go of things I ""thought"" would make me happy-makes me feel FREE. Sweet release! #freedom #happy #lettinggo"
1803,No exams until March 21st! #happydays
1804,
1805,
1806,
1807,
1808,
1809,
1810,Yaaaahhhh üòäüòäüòä #happy
1811,What a great wee Thursday :) #happy #lovedit
1812,
1813,I don't care if this is lame to say but I actually love my job @CivicaUK - had the best day!! #Happy
1814,These Dnipro players just fall over every 2 seconds! Pricks! 5 more mins boys! #HappyDays
1815,
1816,Friday tomoz and pay day #happydays
1817,Just banged out 1500 word essay in 2 hours. And it's actually really good. #happy
1818,
1819,(Unofficially) accepted to Buffalo! #sohappy #ub
1820,Payed my final union dues üòÅüòÅüòÅüòÅüòÅ #happy #accomplished #localoneLaborers
1821,@AnthonyValleys @JasonValleys last year in my school and we had a sub for maths&amp;guess who we had ONlY YOUR DAD I was so suprised!üôàüòÇüíã #happy
1822,
1823,Free since 8pm!!!! No work till monday!!!! #SoHappy #Buzzin #Carlow #Shitfaced #MessyWeekend #CantWait
1824,
1825,
1826,
1827,Cheese crackers and pepperoni is my favorite childhood snack and I totally forget how much I love t! Ugh #happy
1828,FOUND THE MOST AMAZING PLACE FOR NEXT YEAR &amp; SIGNED THE LEASE TODAY. #noonecanruinmymood #excited #happy #hashtaghashtag #ahhhhh
1829,
1830,Whatever it is I'm high on lately I never wanna be sober again.. #happy
1831,
1832,
1833,Sly glass of prosecco with @ClaraJDaniel and Jess to finish off a productive little day #happy
1834,My mood is so much better now!! #happy
1835,Being on a tv programme about dance#need#dance#happy#tv#applied
1836,
1837,"First meeting with the station consultant, done. Awesome guy with great things to say and some GREAT advice! #lovethisgig #liveradio #happy"
1838,"Going home now...............
#happy"
1839,
1840,Things are looking up #freshstart #newbeginnings #happy
1841,Got the pleasure of babysitting British Bulldog this weekend. Always loved them #happydays
1842,"OMFG Nicholas Mcdonald Followed Me I'm screaming, I LOVE YOU SO SO SO MUCH NICKY xxxxx @nickymcdonald1  #sohappy"
1843,
1844,
1845,
1846,
1847,
1848,
1849,
1850,
1851,
1852,
1853,
1854,
1855,
1856,
1857,
1858,
1859,
1860,
1861,
1862,
1863,
1864,
1865,
1866,
1867,
1868,
1869,
1870,
1871,
1872,
1873,
1874,
1875,
1876,
1877,
1878,
1879,
1880,
1881,
1882,
1883,
1884,
1885,
1886,
1887,
1888,
1889,
1890,
1891,
1892,
1893,
1894,
1895,
1896,
1897,
1898,
1899,
1900,
1901,
1902,
1903,
1904,
1905,
1906,
1907,
1908,
1909,
1910,
1911,
1912,
1913,
1914,
1915,
1916,
1917,
1918,
1919,
1920,
1921,
1922,
1923,
1924,
1925,
1926,
1927,
1928,
1929,
1930,
1931,
1932,
1933,
1934,
1935,
1936,
1937,
1938,
1939,
1940,
1941,
1942,
1943,
1944,
1945,
1946,
1947,
1948,
1949,
1950,
1951,
1952,
1953,
1954,
1955,
1956,
1957,
1958,
1959,
1960,
1961,
1962,
1963,
1964,
1965,
1966,
1967,
1968,
1969,
1970,
1971,
1972,
1973,
1974,
1975,
1976,
1977,
1978,
1979,
1980,
1981,
1982,
1983,
1984,
1985,
1986,
1987,
1988,
1989,
1990,
1991,
1992,
1993,
1994,
1995,
1996,
1997,
1998,
1999,
2000,
