4002,Being by myself is just what I need. Cutting myself off from the world. #happy #alonetime
4003,
4004,Last 12 hour shift ever at my shitty job! SUPER fucking stokedd to be in Norway by this day next week!! :D #happy
4005,"Another indoor game, another sprained ankle. #joy"
4006,
4007,
4008,One week till spring break!!! Can't wait!!! #springbreak #happy
4009,
4010,Just getting to text you makes my day turn from bad to great #happytweet
4011,I love her #happytweet
4012,Big smiles tonight ğŸ˜Š thankful for a great week #happy
4013,Oh snap! I get to corner my first pro fight tomorrow for my big bro @HGopaul187 #happytweet
4014,
4015,Best way to end my night by talking to my wonderful fiancÃ© @elrohir52. #encouraging #Godisgood #happy #promising #godwillprovide
4016,
4017,"Insomnia cookies, wine, and @caylamasters &amp; @aquila2121 ğŸ’• #happiness"
4018,
4019,
4020,
4021,@SaraBareilles on @jimmyfallon and @JohnMayer on Late Night. Thank you music gods. I'm so happy. #myBodyIsReady #music #happy
4022,Can't believe how much has changed this year... For the better :) #goodnight #happy
4023,"Hey the celtics actually beat someone
#happy"
4024,"Life can be a big shit sandwich, but we all have to take a bite #dontbitch #be #Happy #MERICA"
4025,
4026,@VickiCullen1 @JodiJode30 @natssb75 IT'S FRIDAYYYYYYYY boosh good morning tweet chicks xx #superkisstory #happy #theweekendhaslanded
4027,Things just seem to be perfect right nowğŸ‘Œ#happy
4028,"Finally, #parenthood is back... yeah!!!! #sohappy"
4029,
4030,Grandma said she might get me some flowers!!! #sohappy
4031,Made 75 dollars today! #happy #money
4032,@AL_Confessions2 YES!!! It's back!! #awesomeness #happy#funny
4033,Ever so content with my puppies sleeping and @TheGreat_Gringo griping  #happiness  #thaifood #freshprince
4034,96% on my English paper #sohappy
4035,
4036,I'm going to have such a good Spring Break yay. :) #sohappy
4037,"Surprise visits?!?!?!? And he brought a flower, I ain't complaining!! #nightmade #happy"
4038,"Early graduation, a full ride scholarship, and a new car?? Damn! Things are lookin up in my life rn â˜ºï¸â˜ºï¸ let's see how long it lasts! #happy"
4039,ahhhh we got retweeted by @FrankKnuckles!!! #sohappy
4040,
4041,
4042,
4043,I complete me. #happiness
4044,I have ice cream in my freezer #happytweet
4045,
4046,The Best Day Of My Life! :) :) :) :) :) :) #happy
4047,
4048,Question: what is your favorite place on earth? Just tell me and let me draw it. Can tell you mine... those are Cyclades in Greece #happy
4049,Scandal was good night now Going to bed #Alone in #Happy
4050,Going to bed before 2? Better yet 1?! What is life #happy
4051,Getting my ears pierced tomorrow. I can't wait finally gonna b able to get my ears pierced. #happy #excited
4052,
4053,
4054,
4055,Finding hike messenger far better than whatsapp #happiness #coolness #yolo
4056,I'm the luckiest girlğŸ˜ğŸ™ˆğŸ˜Š #him #sohappy
4057,Any chance you get I highly recommend working with @SusanAkaSARK. She's been mentoring my writing. #grateful #joy
4058,
4059,My friends came over tonight #HappyTweet
4060,"""You think I'm sh*t. Well, you're wrong. 'Cause I'm champagne. And you're sh*t."" #Happiness"
4061,
4062,
4063,
4064,May the odds Eva be in your favor for lottery numbers .. In other words battle to the death UNH style #livinginsoundview #happy #housing
4065,
4066,
4067,"Of course I wanna close at 12:30 and a bunch of regulars come in, when I have to work a 17 hour day tomorrow. #joy"
4068,Playing Marvel and blasting music through my headphones. #Amazing #happiness #nerd #marvel
4069,I just made that up... #yasss #coolthangs #boomboompow!! #laughs #joy #OneLove #NoHate #funfun
4070,
4071,Peace love and happiness #joy
4072,"Hello Friday, we meet again #friday #happydays #TFI"
4073,
4074,
4075,Im way too happy to sleep #amazingweek #newbeginnings #foreveryoung #sohappy #lifeset #nostress
4076,Well #Murray is through #happy
4077,So glad @Pharrell Williams is back in music. #Happy
4078,I have realized that I truly enjoy the busy weeks because they usually involve doing what I love with some pretty great people. #happiness
4079,
4080,Learn how to talk to a woman like a real man and you might just get treated like a real man. I'm so glad to be #hisqueen #mybeloved #happy
4081,"Not only did I serve an Olli Maatta look-a-like today, I got to see my pretty blue eyed guy tooğŸ˜ #happy"
4082,A dormir #Sleep #Bed #Disconnected #Dreams #Rest #Pillow #Happy #Night #Tomorrow #Me #NewDay #Off
4083,#hokaido #japan #gift #happy
4084,
4085,
4086,
4087,
4088,The way he makes me smile â˜ºï¸ #happy
4089,I'm in a very good mood tonight. I just feel good. I feel content with life. :) #dontburstmybubble #happy #lovinlife
4090,
4091,
4092,
4093,The hole in my heart has finally been filled. ğŸ˜ğŸ˜ğŸ˜ #greysday #GreysIsBack #sohappy
4094,"Glad to know, that my best friend is home in like 3 months #happy"
4095,Some experiences are just too rich for words. &lt;3 #psychology #life #happiness
4096,It's #Friday Ladies'n'Gents! #happy
4097,My not quite 3 year old grandson read me an entire book today. And it's a book whete you can't see the pics until you read the page. #Happy
4098,
4099,"So much stress just lifted off my shouldersğŸ˜ŠğŸ‘
#happytweet"
4100,
4101,Last day ! ğŸ˜„ğŸ˜„ #happy #holiday #vacances
4102,I got to see @xo_YeenInMyLANE today. #Happy #MissedHer
4103,
4104,@Mknobilette congrats! And I promise next week we are gonna vote twice as much more! Can't wait til next weeek! #sohappy
4105,
4106,Didn't turn out that bad :) #LoveIt #Happy
4107,
4108,
4109,"""There is nothing better than you."" #meltmyheart #blessed #SOhappy"
4110,Whatta nice day today #happy
4111,"I havent stopped crying bc Calzona

#SoHappy"
4112,"Good morning everyone! I hope not all of you started their day early just to finish assignments :s
#morning #happy #good #assignments #done"
4113,Had a pretty fun time playing #MagictheGathering and I don't care if that sounds dorky! :P #happy
4114,
4115,I just want something good to happen. Is that too much to ask? #happiness #iwish
4116,#Finish #AD_party _ #funny #happiness
4117,
4118,
4119,"""You're an empty, poisonous smile"" damn, they gave the black girl the best line of the show. #happy"
4120,
4121,
4122,
4123,I love late night conversations that send you to bed happy and with a smile on you face ğŸ˜ŠğŸ’— @TrestonMcGuire #goodnight #happy
4124,I never knew you would be the one to make me feel this wayğŸ’• #happy
4125,what makes you happy? or when are you happy? #happy #waytobehappy
4126,I just remembered we're watching Spirited Away in Japanese tomorrow #sohappy
4127,"the wisemen followed the stars ,the way i followed my heart..that led me to a miracle....#happy"
4128,
4129,March is a special month for me. #Happy
4130,Be Happy &amp; make others feel happy! A smile on the face of a person is not less than any blessing. #Happiness #Thoughts
4131,Happiness is when you are broke and the service provider credits your talk time :) #lovingit #happy
4132,The less u care the more happier u will be #quotes #quoteoftheday #happiness #caring
4133,
4134,Happiest of birthdays to @TheReal_Castro hope u have an amazing day n c many more to come â˜º #tatoos #smiles #cake #happiness
4135,
4136,At hour 3 of @Pharrell #24hoursofhappy and he busts out the most adorable kids. Just as I was getting tired. So good!!?#happy
4137,#Hardrockcafe #happiness
4138,I couldn't think of a better way to finish the perfect seasonğŸ’›ğŸ€ğŸ’™ #20-0 #lovemygirls #sohappy
4139,#pokemon is coming to @netflix!! #happy
4140,
4141,
4142,I can't wait until tomorrow when my babe comes home with me â™¥ and I finally get to spend time with her â™¥ #Happy
4143,
4144,
4145,No it's not perfect but it's good. #life #happy
4146,It's been a perfect day #happy
4147,
4148,
4149,Oh man.. it's been awhile since this happen.... but I think I'm ready :) #happy
4150,JACKSON AND APRIL GOT MARRIED #dying #sohappy #TeamJacksonAndApril
4151,It's 10:00pm and I'm eating a big bowl of delicious #vanilla #icecream :) #happy #tummy #craving #latenight #cold #dessert #sugarfix
4152,Can't sleep...keep looking at photos of Mexico :) #sohappy
4153,I get to see my family today!!! #happytweet
4154,
4155,Nothing like a good beer at the end of the week. #happy
4156,"No stress, no drama #Happy"
4157,as of tomorrow I'm starting the #100HappyDays challenge! ğŸ˜Š how can it not be fun?? #happiness #everyday
4158,
4159,"Be happy in front of people who don't like you, it kills them. #Qoute #quotes #quoted #happy"
4160,So tired but so happy about the weekend #happy#
4161,
4162,Looks like we're staying in Sioux Falls!! Woot Woot!! #HappyTweet
4163,
4164,"Hapi birtda to me.... oh yea, oh yea. #GodIsGreat #happy"
4165,
4166,
4167,Friday again! #happy
4168,"How to make med students happy: 
- do your lectures in half the time
- include gory pics of foot infections
- finish early on Friday #joy"
4169,I like where this is going #happy#allsmiles
4170,Stood at the bus stop in the rain #joy
4171,
4172,Going home tomorrow â¤ï¸ #homebound #sohappy
4173,
4174,"literally sitting in my room, writing this paper, and smiling like an idiot because #happy"
4175,So pumped that I finally have a plan in life. Now to find a job back in bellevegas and to apply for school in the fall! #motivated #happy
4176,My drunk ass got home just fineğŸ˜ #happytweet
4177,What a great day. Morning spent surrounded by some amazing women at @wwaltitude + then surprising a dear friend w/ a special present #happy
4178,
4179,Well here's to a new start ğŸ‘ #happy #excited
4180,@American Red Cross #Donate Blood #Happy
4181,Found cola flavoured livewires!! #joy
4182,Right day 2 of @clipsal500 over for me. Now for some @ADLfringeHQ action @HoldenStreet Theatre with @K1byTheHardys #happydays
4183,
4184,
4185,Friday yeeeeah #happy #goodtimes
4186,It's Friday and it's pay-day... #Happy
4187,Just so everyone knows I get to see my bestest friend in the while wide world today!!! ğŸ˜ğŸ˜ğŸ˜ğŸ‘ŒğŸ‘ŒğŸ‘ŒğŸ˜ğŸ˜ğŸ˜ğŸ’ƒğŸ’ƒğŸ’ƒğŸ’ƒ #sohappy #cantwait #bestielove
4188,
4189,
4190,Got my dream summer full time job :) #job #sohappy
4191,My father is a life saver! Saved my favorite nose ring. #Thankyou #Sohappy
4192,
4193,
4194,Mejor me voy a dormir :) #Sleep #Happy
4195,Me fui :) #Happy #MakeMeFeelSoGood
4196,Busy Friday but still Friday #happy
4197,
4198,
4199,
4200,
4201,Saw a docu #livingwithkkr it turned out to be a much better than most of the bollywood features released so far #discovery @Discovery #Happy
4202,I really can't see myself with anyone else in my life. #sohappy
4203,
4204,hearing my favoritse song in the morning #happiness
4205,"For once I'm happy, not gonna let anyone knock me down anymore! I love my real friends and now my new friends;) #loveit #happy"
4206,Can't believe I found someone who hates mcchicken sauce just like me #happy #mybestfriend
4207,
4208,
4209,I just dummied $2 worth of bulk barn chocolate covered raisins. #sohappy
4210,Woke up with a massive smile on my face not only is it Friday.... The global line up is announced and I get too my baby girl today #happy
4211,late night drives up Madison Avenue never get old #happiness #boutiquelights #magical
4212,
4213,
4214,
4215,
4216,
4217,So lucky to have the AMAZING man I have in my lifeâ¤ï¸âš“ï¸ #happy #blessed #anchoredknights
4218,Have one of the sweetest coworkers ever: Spencer got me food from his apartment because I didn't have anything since 1pm ğŸ˜ŠğŸ #sohappy
4219,Holy shit. I'm so ready for Saturday. #happytweet #sleepover #mine
4220,Thank crunchie Spain on Monday #happydays
4221,
4222,When u finally get it.....#Happiness
4223,
4224,
4225,"I just had a "" work now stupid plugin "" battle with Logic... I was victorious and shirtless. @eightlane I'm being creative and tech #happy"
4226,3k views my cover of Nothing Like us and Love will remember !!! Yeahh #Happy
4227,Body so sore. #happiness #sexybodcomingon
4228,Its FRRRRRIIIIIDDDDDAAAAAYYYYY #happy
4229,
4230,
4231,Get today done then it's a 3 day weekend followed by a 3 day working week followed by a 4 day weekend ! #happydays
4232,Heyyyyyy just found out that I made an 89 on my first test in my hardest class and made A's on all the essays I wrote! ğŸ˜„ #happytweet
4233,Goodmorning!!! Lol woke up on LWWY :p #happy
4234,
4235,Woop woop that's ne done weekend is ere and I have next week off 2 bloody marvellous. #HAPPY
4236,"Off to see @jackwhitehall tonight, @BASTILLEdan on Tues, @maximopark on Thurs &amp; @Kodaline on the 20th ğŸ˜ƒğŸ˜ƒğŸ˜ƒğŸ˜ƒ #happydays"
4237,It's finally #Essex day ğŸ˜ğŸ˜ @sugarhut @micky_norcross we're coming for ya ğŸ·ğŸ‘¯ğŸ¶ #happy
4238,"Success is relative: ur mind, purpose, ambition, needs, influence(s), believes, DETERMINATION&amp; most importantly ur relationship wit God #JOY"
4239,
4240,Great ass night ğŸ˜Š it left me with butterflies #happy #carefree
4241,
4242,When did I miss #AshtonandMila even bring together. Well they look #happy
4243,
4244,Just finished a huge history project about WW1 #tired #happy #feelingaccomplished
4245,@ww_uk 7 weeks in 2 stone down! #happydays
4246,Lame ass tweet down there but #happytweet
4247,I'll be back in 4 hours. Getting ready for the spa session @  @BurjAlArab  #happiness
4248,#3Am by #MatchBoxTwenty will never get old to me! ğŸ˜ #HappyTweet
4249,That was the best night in a really long time #sohappy
4250,T.G.I.F baby!!!!!! #friday #tgif #happy
4251,Last day at work today :).  New life is about to begin  #Excited  #happy
4252,But it's Friday !! #happydays
4253,
4254,
4255,
4256,
4257,
4258,Finally found Saving Private Ryan on dvd #sohappy #bestwarmovie
4259,One more sleep @nigelsmit !!! #excited #happy #celebration
4260,
4261,
4262,
4263,
4264,Standing under a palm tree listening to the light rain drops #happiness #beachlife #musictomyears #coolingofthefever
4265,"It's Friday and payday, work drinks tonight, breakfast at mums tomorrow followed by a weekend away with 5 of my favourite people! #Happy"
4266,
4267,End of Feb today.. make it fun #happy
4268,
4269,
4270,Such a perfect day..#happiness
4271,off to manchestaaaaar today kitting out the whole family!! #HappyDays
4272,Music is the sunshine to your soul and dancing reveals the mystery that music hides.... #livelovelife #happy
4273,
4274,Things seem to be going my way tonight #loveit #happy #fornow #3days
4275,"@TrayCee3690  its the REAL #birthdayspecialweekend, cant wait for tomz.. enjoy tha #prebirthdaycelebrations.  #happydays"
4276,"Keep dark chocolate chips in your fridge, and grab a handful if you need a mood-boost! :) #happy #healthy #keepcalmandcarryon"
4277,Last stage day! I'm not sure i'm feeling Scrooge :) #happy
4278,"Goodnight Greys family, Calzona family, enjoy it. We deserved this episode right? #happiness"
4279,A nice cool day forecast for practise tomorrow and a new song to start workingon. #Happy
4280,Andddd the long weekend begins now!! #happydays
4281,
4282,Shouldn't had coffee at 7pm. Wide awake. All I can think about is my wedding and honeymoon. #happytweet #4months
4283,Laughter is the best medicine! #HappyDays #FunnyMoments #GiantCatsInTheSky #SouthNorthernStar
4284,
4285,
4286,"I am NOT limited edition. I am unequivocally, unapologetic-ly, uniquely weird. - #me. #quote #self #happy"
4287,
4288,
4289,I love grocery shopping at the new woolworths ğŸ™ˆ #happy
4290,This night is exactly what I needed! #happy
4291,"Happy Friday, one day closer to football @ReadingFC #happydays"
4292,I'm feeling in such a good space at the moment even the trolls from the Shooters &amp; Fishers Party can't upset me! #HappyDays
4293,"Feel safe, knowing that your angels and intuition will warn you if trouble lies ahead. #happy"
4294,
4295,Woke up pining for udala. Thankfully I have some in the fridge. #happy
4296,Looking forward to this weekend! â˜ºï¸ğŸ˜ğŸ‘ğŸ‰ğŸ´ğŸ·ğŸ¸  #Shopping #Meal #NightOut #Steaming #Friends #Happy
4297,
4298,So glad you came over today #happy #myboy
4299,Falling in love with the woman am becoming #Contentment #Happiness
4300,"March should be a good month! Haircut, new phone, and the many blessings God always provides. OHHH YESSS! #March2014 #Happy"
4301,I'm one lucky dude. #happytweet #lifesgood
4302,"Alumni Chapter Meet - Mumbai conducted on 15th Feb 2014.

#reunion #joy"
4303,
4304,Home is where your  heart is   #happy #weekend
4305,Special thanks to @TimesCall for all the traffic to FRL! Thank you for making our point for us. Great publicity! #happy #proudprogressives
4306,Good morning today's a very good day ITS FRIDAY ;) motherasshole!! @musicdanceact13 #happy
4307,It's Friday and it's Pay day : Happy Steph :)) #payday #friday #happy #weekend #dosh
4308,
4309,
4310,What a nice start of the day #happy
4311,"Best news a man could ever hear ""Babe I'm pregnant"" never been so happy My Hazel looks stunning #HappyDays"
4312,
4313,It's Friday!! Which means only 6 weeks till half-term!! #happy #twoweeksoff
4314,Feck off Friday woohooo #happy #getmydrinkon
4315,Christina is one happy chick :) #happy
4316,Payday ğŸ’°ğŸ’· #happytweet
4317,"Payday time to pay this holiday off, then I can start to get excited. #Magaluf #happy #june"
4318,Can't wait to see my baby @Tattoomike86 and the little man tonight ! And @MeganStratfull Saturday! Great weekend heading my way. #happydays
4319,
4320,
4321,Whoo hoo it's Friday at last #fridayfeeling roll on half 5 #happy
4322,
4323,
4324,It's 7 am - just arrived at school and it's already light #spring #happydays
4325,
4326,"GoodNight...
Tomorrow...
New Day...
#Happy"
4327,Gonna be so nice to sleep in tomorrow #noschool #happy
4328,FRIDAYYYYY! Last day at work before Barca ğŸ‡ªğŸ‡¸ğŸ‡ªğŸ‡¸ğŸ‡ªğŸ‡¸ #sohappy
4329,Having a great couple days #nostress #happy
4330,Glad that it's finally raining! ğŸ˜ŠğŸ’¦ğŸ’§ #rain #raining #losangeles #happy #thursday
4331,In 24 hours me and he boys will be heading for the big smoke #hawaythelads #wembley #happydays
4332,Will be back to #Dubai tomorrow and resuming work day after #yaay #happy
4333,
4334,Going to sleep with a huge heart throbbing heart and ginormous smile..&lt;3 #YouDoItEveryDay #ILoveYou #SoHappy #CouldntGetAnyBetter
4335,TGI Friday #earlyfinish #happydays
4336,Dressed and ready for work... Not forgetting my new favourite piece of jewellery. ;) #Happy
4337,Good morning everyone! Its #friday &amp; officially the last day of #winter #happydays
4338,
4339,Its friday! :&gt; #happy
4340,@Kategosser: Always a good time when I see @AtleastMitchell @HotHammonsCheez AND @lucasrg859 in one night! #SoHappy #ATOMakesMeSmile
4341,Not to be mean but... It feels frickin awesome!!! :-P #happy #karmasabitch
4342,
4343,The last day of school before carnival's vacation!!!! #happy
4344,"I'am The Happiest Girl 

#sohappy"
4345,
4346,Can't wait till Saturday to see my mom and dadğŸ˜Š #happytweet
4347,so pooped but today was a good one #happy #goodvibes
4348,
4349,5 hours of work then the weekend begins! #happy
4350,"apology accepted
#happy"
4351,
4352,"Its friiiday, pay day &amp; im going raving tonight!! #happydays"
4353,@tonibraxton my auntie got me and my cousin tickets to your concert tomorrow night im soo excited my first concert ever !!! #HAPPY
4354,And finally he tweeted. :') #happiness
4355,Hi payday!:3 #yay #happy
4356,Friday !!!! ğŸ‘ Dernier jour de taff = ğŸ’°+ weekend #happy
4357,
4358,It's Todaaaaaaaaaaaay #Happy #Dancing
4359,Fuck splashy fish and fuck you #recordstwo #happy #happy
4360,One of my wishlist items is to be lucky enough to see @emmykinney in concert. #musicgeek #happiness #wishlist
4361,Sometimes you just happen to have 15 hours shifts! Aaaah! #Hustle #Happy
4362,So happy it's Friday and Mum is home tonight ğŸ˜ #happy
4363,Rise N Shine. #Happy #Friday
4364,
4365,Have giz snuggled up and Bearjer sprawled out. I'll sleep so well tonight #happy
4366,
4367,
4368,I told him I had a bad day so he surprised me with a milkshake #Lucky #Happy
4369,1. Finally Friday 2. Netball again this evening 3. Allotment time at the weekend 4. Pizza for tea 5. This w/e we plan our adventure! #happy
4370,Just in general a good night! :D #happy
4371,
4372,Love family. Love that my family got bigger ğŸ˜Š #happy
4373,Good morning guys! #happy
4374,Hello Friday! #500 #happy #styleinspiratrice #tgif
4375,Strike in kwara state march 13th ...#happy
4376,
4377,
4378,
4379,Goodmorning everyone #happydays
4380,Aaaahhhh I LOVE GREYS ANATOMYğŸ˜ğŸ˜ğŸ˜ğŸ˜ğŸ˜ğŸ˜ğŸ˜ #sohappy #gotwhatiwanted
4381,A year ago you could not have told me that I would be going on a road trip to Florida with my 3 best friends. Life is a crazy thing. #happy
4382,Last day at college and then the weekend starts #happy
4383,
4384,Let's make this a good day in sha Allah! #happy
4385,"@kevinbridges86 Got my tickets for 2nd Perth Show 21/03 - perfect start to my long weekend, off to Margaret River to celebrate #happydays"
4386,"In India ""Queen is King"" #Manmohan #Sonia #Feminist #Happy"
4387,Only went &amp; got myself a #shoe from the #Muses at the parade tonight!  #SoHappy #MardiGras2014 #NOLA
4388,
4389,"good to be single.....

#happy"
4390,"I'm absolutely loving this rainy weather, my hair disapproves, but this weather is my kind of weather...#allsmiles #happydays #wishuwerehere"
4391,Fridayyyyyyy! #happy #tomorrow #night #bulletformyvalentine #helsinki
4392,
4393,Yay headline act at @GibMusicFest is The Script!!! #cantwait #excited Love @TheScript_Danny â¤ï¸ğŸ˜„#happy
4394,It's been so long since we talked like this last time. #sohappy
4395,
4396,
4397,"Goooooooood morning everybody
#happy"
4398,
4399,
4400,
4401,Sold my Aldo Sandals for $35 and that's how much I paid for them &amp; I was asking for less.ğŸ˜­â˜ºï¸ #sohappy
4402,God just did me Good. #Happy
4403,Just 2 to go and then freedom! #happy
4404,Just realised it's Friday! :) #happy
4405,I get to sleep in till 10... What is life?! #SoHappy
4406,"Done better than I thought, insurance money has left my account and as long as my car doesn't fail its MOT I still have plenty left #happy"
4407,Yeah ~~ thanks God have a great remark again from my Lecturer âœŒâœŒğŸ˜ #happy #presentation #exam
4408,
4409,Does anyone else love the iron giant? #movies #irongiant #happiness #favourite
4410,It's Friday! Who's got that Friday feeling? :) dadadadada! x &lt;3 #happy #weekend #relax #letyourhairdown #dance #cocktails #glasgow
4411,@sjmatthews8 IT'S FRIDAY #HappyDays
4412,
4413,3 mothers and their daughters coming for an early #mothersday treat this weekend #happydays
4414,
4415,"Sometimes, the people we meet changes us forever. Sometimes, you just need to forget them. #relationshipadvice #datingadvice #happiness"
4416,Someone complimented my music taste #happy
4417,"Well, I just had the best 24 hours of my life. Easily. #soblessed #sohappy"
4418,Thomas Barnes day 2 for me and Pirehill day 2 for @jon_shaw_1969 @LaunchPad365 are as busy as ever! #happydays
4419,Glad to be home from ER..#happytweet #hatehospitals
4420,This woman right here is one of the luckiest an happiest wife ever :) #family#marriedlife#happy
4421,So it's going to pour all day tomorrow â˜”ï¸ Catch us waiting for the bus in the rainğŸ‘Œ @peeeeeeters_  #joy
4422,
4423,@booktopia #amreading The Gospel of Joy by @amandagore_joy @The_Joy_Project  #joy #books #Libraries
4424,
4425,Yay!!! Finally dead lifting a plate on each side!!! ğŸ˜ğŸ‘ğŸ˜Š lol #noob #sohappy
4426,
4427,Going to bed at 2:30am because I was working on something for Colleen and idec â˜ºï¸ #sohappy
4428,
4429,"Goooood sweet morning ,, without sheets without more studying,, :) 
yaaaaaa slaaaaaaam e7saaas jameeel jedn jedn :D #happy"
4430,That was some good #Yoshinoya! #beefbowl #happiness
4431,I have never been so damn happy to be at my dad'sâ¤ï¸ #changes #happy
4432,
4433,I lurrrrrrrve juicing. Follow @JoetheJuicer and watch #fatsickandnearlydead to understand what I mean. #qualitylife #longevity #happiness
4434,
4435,It's Fridayyyyyyyyyy!!! #tgif #happy #weekend
4436,Lmao.!! This girl mybe is gonna make #happy
4437,
4438,This time in two weeks I will be sitting in the bar having a beer at the airport waiting for flight to Madrid... #HappyDays #Stag #PissUP
4439,OMG The Script!! I've died and gone to heaven #happydays
4440,Yess Matt Todd is on!! #happy
4441,
4442,Good night â¤ #Happy
4443,Drinking a Baja Blast eariler and listening to Happy by Pherrell Williams at 2 AM is the two best decisions I've made all day #happy #hyper
4444,
4445,update on my life i found my albion bracelet AND mr.fossil today #happy
4446,
4447,
4448,
4449,God I love this phone #sohappy #sosmooth
4450,At Cental Rama9 with friend ğŸ²ğŸœğŸ™ğŸ± #eat #fat #happy #eiei
4451,
4452,"post-migraine euphoria and productivity! #legalaid billing, writing argument and preping murder trial voir dire for Monday. #happiness"
4453,"First good nights sleep in ages,all ready and not in an awful moodğŸ‘ #happy"
4454,Tonight I plan on getting drunk on reds and my writer is planning to get drunk on soda! #happydays
4455,Everyone is well and up and im just here in bed but its gonna be all goodcmoods today #Happy
4456,
4457,Made up to get my iPhone back  #happydays
4458,Dawn E. Most #dragnames #sundaymonday #happydays
4459,Excited to try skiing today! Weeeeey! #happy
4460,
4461,FINALLY!! I get to see @thescript @TheScript_Danny at the Gibraltar Music Festival! #bestnewsever #happydays
4462,
4463,Well that was a surprise #happy #nothappy
4464,"Centre Parks, Dublin, Parklife, 10days in Spain this year looking good since ment to be a quiet one! #happydays"
4465,so i took a break from working out yesterday...my arms workout on Wednesday still has them sore #happy #workoutpains
4466,
4467,"Even when I'm out, my mind is on her #WTF #whyme #Happy #iwanther #theone #ugh #imscaredtoask"
4468,
4469,I am officially caught up on #TheBigBangTheory #sohappy #bedtime
4470,Hello @AyeshaYngrid #HAPPY
4471,
4472,
4473,"It's Friday, it's payday, I'm getting inked tomorrow....what's not to love! ğŸ˜

#happy #smiley #bouncy"
4474,Today was a good day #chillday #freefood #newfriend #happy
4475,Helllooooooo QFA #happy
4476,
4477,"Its friday, its payday and its my birthday! Its the best sort of day!! #friday #PayDay #happy #birthday"
4478,Just wana say I am proud of myself. Managed an 8.16km run this morning. 1st time in a very very long time! #happy
4479,"Today has been EPIC, trekking through the jungle, swimming in natural pools under waterfalls, snapping lots of wildlife #happy"
4480,
4481,Thanks to @seancranbury and all at @stormcrowtavern for fun night tonight. Stories told! Books sold! #happy
4482,"Friday.... How wonderful to see you....and a day off work, oh go on then! #TFIF #TGIF #fridayfeeling #weekend #happy"
4483,Good morning! #friday #weekend #happiness
4484,
4485,Well we have made it to Friday guys....one more day and it's the weekend!!!! #happytweet
4486,
4487,
4488,Cheeky 8.45-17.00 shift today. #HappyDays
4489,
4490,"Its Friday, Pay Day and Sarahs Birthday celebrations tonight! ğŸ˜†ğŸ‰ğŸğŸ‚ğŸ·ğŸ’° #happydays"
4491,Provisionals off tomorrow!! #sohappy#finally
4492,Hme!! #Sohappy #Sotired
4493,I think the feeling you get on a Friday could cure most illnesses! Friday's make people happy #Fact #weekendIsHere #Positive #Happy
4494,
4495,
4496,I love how easily you make me smile ğŸ˜Š#happy
4497,Ooop's it's seems like is gonna be the great day #happy
4498,#FF it's nearly the weekend and we have had a great week at the @MixitMuesli hq!  #happy
4499,I wish these moments would last longer #tonight #happiness
4500,Always June on Ocko TV! @lakemlw #happy
4501,
4502,
4503,Eleven boxes of brownies packed and ready for the post!  Lovely... the weekend starts now #happy
4504,"If so much can change in one year, dunno #hope #wishes #happiness"
4505,"While everybody else has spring break, I'll be having school as usual. #joy"
4506,This friday couldnt be more exciting Drinks tonight and its my last working day for 3 whole weeeks and Thailand monday ğŸ˜˜ğŸ¹ğŸ‰âœˆï¸ #excited #happy
4507,
4508,Amazing how one song can change your mood.  #Happy
4509,Half day then off for the weekend!!! #happydays
4510,I cant believe that I am actually marrying the love of my life in a few short months!! #Happiness
4511,
4512,Fish for breakfast. Chicken n Pork for lunch. Blessed I am. #happiness
4513,Yesssss I get my tv and my wifi set up on Saturday #happydays
4514,
4515,Can't wait to see my Ace! #SoHappy
4516,
4517,I don't even care it's raining! #Happy
4518,
4519,"Every time you eat or drink, you are either feeding disease or fighting it. #health #food #body #life #happiness"
4520,
4521,Titties in my mouth #joy
4522,Think it's going to take quite a lot to wipe this smile off my face today. :D #happy
4523,
4524,"A day off, a road trip, and a weekend away to look forward to - even the rain looks beautiful this morning #happiness"
4525,
4526,TFI Friday!!!! One more sleep #happydays
4527,Checking into a hotel just outside of Atlanta on our road trip home from .@TheRockBoat and hearing @matthires  from the speakers. #happy
4528,Late start means Friday lie in. #happy
4529,Finally having a new phone sent out to me &amp; returning this brick #happydays
4530,
4531,
4532,Hye Evryone! #HAPPY
4533,My fave aong in the album. #COMEBACKHOME #CRUSH AND #HAPPY
4534,"His perfect, gorgeous, i love my lil man.. The best thing that has happend to me by far:) #Trulyblessed #Happy"
4535,Weekend plus payday. #happy #tgif
4536,Getting paid today has put me in such a good mood ! #payday #happy
4537,@emanu_98y9 you are our 500th follower! That's why we'd like to give you #FF @emanu_98y9 ..Thank you all other followers as well! #happy
4538,
4539,
4540,its the weekend!!!!!! #weekend #wedding #happy
4541,
4542,
4543,
4544,Went to the gym yesterday for the third time this week. Woke this morning with a butt and almost a waist. #yay #joy #yip
4545,
4546,
4547,Team breakfast with the @Hellocomputer team #friday #happiness
4548,oh surprise surprise raining again!#joy
4549,Grey's anatomy is back. #MyFridayIsComplete #MyMorningIsMade #HappyDays
4550,"It's Friday. My awesome games should be here later: Dungeon Keeper 2, Theme Hospital &amp; Sid's Pirates! #happydays #retrogaming"
4551,Friday and payday ğŸ‘ğŸ˜Š #happydays
4552,Tuco is dead! #Happiness #BB
4553,What a good couple of days spurs won 3-1 last night and it's Friday today! #happydays #THFC #spursfamily
4554,"Ironic that ""Happy"" comes on the radio the minute I finish my project? I think not. #omg #sohappy"
4555,London calling #2BC #contract #new #client #happy
4556,
4557,Gotta love Sammy Davis JR on @BBCRadio2 followed a by a @hwinkler4real classic #happydays
4558,"It's Friday, it's payday and I'm off on Monday! ğŸ™‹#happy"
4559,That feeling you get after crawling into bed after a long night of drinking ğŸ˜ŠğŸ‘ŒğŸ‰ğŸ» time for bed. ! #birthdaybash #drunk #happy
4560,Happy bday to me ğŸ˜„ #happy
4561,
4562,
4563,Double pay day #happydays
4564,I disagree to work today as the weather has taken away all my concentration #rain #happiness
4565,Just realised its #payday #happydays #shopping
4566,It's rainingggg... But I don't careee... because I got 2 weeks off!!!!!!! Well after a long busy day at work ğŸ˜„ğŸ˜„ğŸ˜„ #happy
4567,And have a year 7 babaling on in my ear #yey #sohappy #dontfeelsickoranything #shhh
4568,Seeing Gabrielle on daybreak singing 'dreams' has made the best start to my weekend ğŸ‘ŒğŸ¶â¤ï¸ #favourite #happy
4569,
4570,Friday and pay day #HappyDays
4571,
4572,Saluuuut tout le Monde :D' #On #Birthday #Happy
4573,
4574,Can't believe I missed all my fave future beats shows this week! @FutureBounce @Complexion @Soulection - catching up on Soundcloud now! #joy
4575,
4576,Can't believe how easy it is for two people to click together right out of the blue #happy #blessed
4577,
4578,"Only been awake an hour &amp; I'm feeling better, looking forward to the Tri show &amp; now I hear rumours of the boss touring Europe! Wow!#happy"
4579,
4580,Just gave an interview with Deccan Chronicle Kochi!!! Wweee! Two Days to go!! #Nrityanidhi at #Kochi for the very first time!!! #HappyDays
4581,
4582,
4583,"The weekend comes, the cycle hums
Ready to race to you
These days are ours
Happy &amp; free  #happydays"
4584,It's Friday and @EleanorSToms is finally teaching me to tweet #happydays
4585,TGI Friday ğŸ™Œ #SoHappy
4586,@tanyaphillips82 another all niter with u!! Paying the price today....lol xxx but still smiling!!! :)))) xxx #happy
4587,"Here at last,#nonstop excitement is mounting,looking forward to Cine today see the wonderful Anson Mount &amp; Liam Neeson #NonStopMovie #happy"
4588,good afternoon gtg to the JS prom of my brother :)) #happy
4589,
4590,Carnavals weekend ğŸ‘¯ğŸ‘¯#happy
4591,@twowitwowoo thanks for giving me a smiley start to the day  :) #happydays
4592,Such a good mood! #friday #payday #happydays
4593,Home bound #sohappy #exhausted #freezing
4594,"Hey #Friday, let's dance...#joy"
4595,
4596,Always smiling:)... Because I'm happy with what I have and who I am.#happydays#beinggrateful
4597,
4598,Its Friday and i'm seeing the gorgeous @FairweatherKate tonight! #happydays
4599,YAY it's fridayyyyy #happy
4600,#Aware Doing a radio interview this morning on positive mental health and Life skills for Kilkenny Carlow area on @kclr96fm #Happydays
4601,Its the weekend:)#Happy#Sun#Bringiton
4602,Grey's Anatomy is finally back!!! #Happy
4603,so yesterday I passed my driving theory test! One step closer to getting a car! #Happy
4604,Woken up to a nice little bonus of 230 in my bank this morning! Thanks Asda ğŸ˜ #happydays
4605,"Great job in Birmingham last night with the girls, nice little tips for a good job done too :) #happydays"
4606,Don't you just love autocorrect? Makes you look extra dumb and spastic! #joy
4607,London I'm coming ! #sohappy #london
4608,
4609,Stay grinding...#focus #live#happy #determination #dope #allday
4610,When you have week full amazing shifts ğŸ˜ğŸ‘ğŸ˜†ğŸ˜ğŸ˜â¤ï¸ğŸ¥ #happy #studentnurse #surgicalward #goodshift #lovenursing #NursingPlacements
4611,
4612,Blessed to have a friend like @Adhetti. Thanks again for helpin us out tonight. #happy
4613,"Reign ,arrow ,new girl, the vampire diaries , Grey's anamoty  #Happy #myday"
4614,
4615,Friday and payday wooo! ğŸ’ƒğŸ™‹#happydays
4616,"That Friday night feeling....:)
Yeaaaah - nice, isn't it? #happy #weekend"
4617,
4618,What an amazing feeling â˜ºï¸ #sohappy #excited
4619,@justinbieber tomorrow will be the big day!!! 20 years omg  #happy #excited
4620,
4621,"I am so happy, I cannot sleep. Life is going so well. #Wow #Fabulous #Happy"
4622,
4623,
4624,It's a celebration right now but the real one is in 3 years on the west coast. #happy #visions
4625,
4626,
4627,
4628,"I'm so lucky to have Parker in my life, he's a genuinely good guy &amp; there aren't very many left anymore, he's a rare cute lil gem ğŸ˜ğŸ˜› #happy"
4629,
4630,Love nights spent with the you :) #happy
4631,Friday and Payday!!!! ğŸ‰ğŸŠğŸ‘ŒğŸ˜Š #happytweet #happyfriday
4632,It's Friday!! An I've just been paid!! Ok okaayyyy #happy #HappyFriday
4633,Texts from that one person today made me smile. â˜ºï¸ #NeededIt #Happy #ToCute
4634,
4635,I finally feel at ease ğŸ˜Œ #Happy
4636,
4637,"@HappyGlasgow It's Friday, it's a crisp day, thank crunchie. #happy"
4638,Home and drunk and I'm gonna watch @RealOneTreeHill til I have to go to work at noon #mylife #happy
4639,
4640,
4641,Walking disaster today #Joy
4642,Of course im watching Check it Out! With Steve Brule you dingus. #happy
4643,Becoming aware of things I do wrong/letting go of negative thoughts is all too relieving. #changingforthebetter #happy
4644,
4645,
4646,Sun shining and it's Friday #happydays
4647,
4648,
4649,
4650,Omar Samra #CairoRunners #CairoHalfMarathon #happiness #happiness #happiness
4651,
4652,That was one of the best nights at Midnight Rodeo that I've ever had :D #happy #countrydancing
4653,On the radio @achrisevans is playing Livin Thing and I am off to see @eggheadproducer to film more Eggs in beautiful BBC Glasgow #HappyDays
4654,Great news. MDS is fully fit to play Juve. #ForzaMilan #Happy #OldLady
4655,
4656,
4657,
4658,Its Friday... it's payday.... Our holiday is getting paid off... today is a good day #happy #rollonMay #Mexico
4659,First longish run in 3 weeks and my ankle in holding up well! So stoked to me back on the mend! @MyTrainingDay #HappyDays
4660,"Once An Engineer Stared At
RajniKant's Girlfriend....
.
..
.
. .
.
.
.
.
. .
Since Then Engineers Are
Forever Alone.

#Joy"
4661,im still out of my mind! #HAPPY
4662,
4663,"@MoeFarsi  I'm not deleting my Ask.fm for this guy, 7ssni ini mwjood :') Never stops sending questions :'))) #happy #7d_y3br #klkm_ab8ar"
4664,
4665,Thief is out now. Its been a while but its back #happydays
4666,@Primark arrive a @Lille en 2015 ! #HAPPY
4667,Happy Friday peeps #MyDayOff #HappyDays
4668,got in the airport and jakes already got me a pandora ring #happy
4669,
4670,
4671,
4672,Yessss!! #payday #happy #TGIF
4673,
4674,
4675,Successful night. Much needed:) ğŸ‘#happy
4676,
4677,"People with status ""Hey there!
I'm using WhatsApp"" ain't
using it actually

#joy"
4678,"The @Trevornoah #ItsMyCulture #StandUpComedy was EVERYTHING last night! Great opening act, Dusty, the drummer and the puppets!!!  #Happiness"
4679,
4680,When all your online shopping gets delivered in the same week #Happiness
4681,
4682,
4683,I wouldn't change anything about my life right now #happy #perfect
4684,4 months today WE ARE GETTING MARRIED!!!!!!! #excited #happy #soinlove
4685,It's...Em...Friday #Happy
4686,Demain 19ans &gt;&gt;&gt;&gt;&gt;&gt;&gt;&gt; #Birthday #With #Friends #Happy
4687,Paydayyyy! #finally #happy
4688,
4689,"Looking forward to,a lovely weekend, missed my 3 boys so much #Family #Precious #Happy"
4690,
4691,
4692,
4693,
4694,"YES! Walang PSEP!
#HAPPYdays"
4695,The look in his eyes when he feels our baby belly I love you Alex Rowland #happiness #myeverything #preggo
4696,So glad to havey number back! :'D #happy
4697,"I realized that I haven't coughed once today, so my upper respiratory infection must finally be gone. #sohappy"
4698,Had a pretty great night #happy
4699,
4700,
4701,"So...you want to color your hair, or your already coloring your hair. Are you happy? Have your expectations been met? #haircolor #happiness"
4702,"Hands up if you've enjoyed your first, second or third beverage this afternoon in #PerthArea #perth #tweettweet :o
â˜â˜ğŸ’ªğŸºğŸºğŸƒğŸƒğŸƒğŸƒğŸƒ
#happy"
4703,"Good morning world
I have the day off 
#happy"
4704,Drinking coffee with my family #happy
4705,Smiling from ear to ear :-) what an amazing month Feb has been! Have a lovely day people! #happy #lovinglife #Positivity
4706,What would you do on the Moon for fun? #happy
4707,At army gym a while ago. I saw a beautiful lady :) @rachdaquis03  #basketball #tired #happy
4708,Friday ğŸ‘Œ early finish ğŸ‘Œ payday ğŸ‘Œ good weekend ahead ğŸ‘Œ #happy
4709,
4710,Its Friday. It's payday. It's sunny. The girls are coming home ğŸ˜ğŸ˜šâ˜€ï¸ğŸ¹ğŸ‘¯ #happy
4711,Gd morning tweeters happy Friday hope were all well :-) #happy #worldwide
4712,
4713,Fridaaaaaaaaaaaaaaaaaaay. Happy for daysâ˜º #TGIF #ND&gt;NX #Sis_cumin_bck #familyTym #happy #bn_a_stressful_week
4714,
4715,Sun is shining always put u in a happy mood!! ğŸ˜ƒâ˜€ï¸ğŸ‘ #sun #happy #smiles #spring
4716,"Watching the Stormers VS Hurricanes tonight at #Newlands with my love @Michael_Firth13 @THESTORMERS 
#excitedface #happiness"
4717,At the age of 28yrs old ive today been with my wife and best friend for 10yrs. With to lovely children and a house im #happy #hurray
4718,Happy Friday everyone! That Friday feeling is in abundance today. Hope everyone has a great weekend! X #happy #weekend #fridayfeeling
4719,Finally a decent nights sleep! #happy #refreshed
4720,Math test was successful ! #Happy #VoteTheWantedUK #KCA #TWFanmily
4721,"Night shift done , few hours sleep now then back to work at 4 ... Then ma girl will be home tonight when I finish work ğŸ˜ #happydays"
4722,Just found out I can tweet w my penis!!!! #Happy #bored #amazing
4723,Something exciting in the air this way cometh.Stay tuned.#amwriting #happydays
4724,
4725,
4726,
4727,My new favourite thing is the half an hour cuddle in bed i get in the morning with Dylan ğŸ˜ #blessed #happy
4728,Home sweet home!!!Soon #happy #dnepr
4729,Just spent my first night sleeping on my new mattress and haven't woken up with backpain for the first time in months #happydays
4730,Manchester times with the wonderful Vic #happy #dontwanttoleave
4731,
4732,What a day already!! Brighton tonight and Spain in 2weeks can't get any better :)))) #happy
4733,Watching Cloudy With a Chance of Meatballs #HAPPYTWEET
4734,Fresh sunny day #happy #sunglasses #gettofabulous
4735,Friday. Payday. Finnish at 4. #happydays
4736,
4737,
4738,"Pursuing your dreams isn't about just doing it, but being able to push your way through it. #life #dreams #goals #living #happiness #peace"
4739,T ticket bought #happy #july #camping
4740,
4741,Good morning world it's a brand new day! Sun is shining the weather is sweet. #happiness #work #buylocal
4742,Just 1 week and then I'm in London! #finally #happy #7days
4743,@deaconbluemusic just got our tickets 4 @WestonbirtArb seen DB so many times but this will be the first time we take our children #happydays
4744,So excited to be going to @Tinthepark this year! #titp2014 #happy
4745,
4746,I have a new mobile number so everyone tha had my old on pls message me ur numbers #happy
4747,"work is amazingly fantastic this Friday morning, and is going by fast ğŸ˜ğŸ˜ŠğŸ‘ #yay #happytweet"
4748,"What a busy day I've got ahead of me! Early start, dressed and make up on then clearing out bedroom!! #exciting #freshstart #family #happy"
4749,Good Morning #twitter! Hope everyone has a brilliant day :) #happy
4750,
4751,Happy Birthday to my wonderful dad.. he really is my hero!! #happy #birthday #daddysgirl
4752,
4753,"Sausage omelette, bacon and a pot of ground coffee and a bit more of '600 hours of Edward' which is a great book #autism #dayoff #happy"
4754,#bathroom arrived just tiles to choose. #happydays
4755,
4756,
4757,#HappyDays #itsfriday
4758,Excited for no reason! #happiness
4759,
4760,When payday falls on a Friday! :) #happydays
4761,
4762,Finallyyyyyyy friday!! #friday #fridayfeeling #happy
4763,An hour long hot shower with loud music. Day = Made. #Happiness
4764,Half day Friday!! #HappyDays
4765,Gutted but in a good mood so really don't care lol!! #nottherndoftheworld #happy #hopeitsagoodday
4766,
4767,
4768,Drinking a glass of water when you first wake up #bliss #happiness #hydration
4769,
4770,So I officially have the holy trinity of funny MiLB twitter accounts following me with my favorite player at the top of the list. #happy
4771,@JusteDebout . J'arrive #justedebout #airport #airplane #Paris2014 #happy #excited #competition
4772,
4773,Its weekend and payday #happy
4774,Get to see my Ma and my baby girl today!! #happy
4775,
4776,So glad that today's two pt challenge went well. Just got reassured from our prof how well we did and how proud she is of us #sohappy
4777,
4778,
4779,That happy time of year when it's light when you leave work. #Happy #NotDracula
4780,
4781,
4782,Special #FF and #HappyBirthday to @mickaela_cohen #truelove #happiness #mylove
4783,"Beautiful morning. Sun is shining, frost on the ground, crispness in the air. Everything but a spring in my step #tired #happy"
4784,"Played football with Navinn, Jin En and the football gang :) #happy#football#jogabonito"
4785,Some interesting on &amp; off twitter chat this week with @posies_pretty @HartOfLondon @Cre8Collectionz @KasiesKomforts @TheGBWedding #happy #ff
4786,"Everyone deserves to be happy or punched in the face :D
#hehe #life #happiness #evil #good"
4787,
4788,Finally its pay day #happy #friday #moneyonmymind
4789,
4790,
4791,things always work out in my favor in the most mysterious ways.... #happy
4792,On a side note.. My night ended much better than expected. Much needed too! #HappyTweet
4793,"Its friday, its payday &amp; I've got a 3day weekend â˜º #happydays"
4794,
4795,Delivery is finally on its way! #happydays
4796,"10 days, no work. #happydays"
4797,
4798,Talked about weddings..ahahahağŸ˜‚â¤ï¸ğŸ‘ #notsosoon #planning #happiness
4799,Weekend away and a spa day booked for end of May! Thanks Ryan ğŸ˜˜ #spa #happy
4800,
4801,
4802,Ğ£Ñ€Ğ°Ğ°-Ğ°-Ğ°!! ğŸ˜ƒğŸ‘ The last day of winter:D â˜€ğŸŒ±ğŸŠğŸ‘¯âœ¨Hopefully..spring is comingâœ¨ğŸ‘¯ğŸŠ ğŸŒ±â˜€ #spring #happy #mood
4803,
4804,"So toxic, you ain't nothing but a prick! @WeAreTheInCrowd gracing my ears this morning! #weirdkids #music #happy #nofucksgiven"
4805,
4806,
4807,
4808,
4809,Not long now... #Circus Extravagansicus will be yours on #Kindle exclusively for one week. #happydays
4810,
4811,Staying up late talking on the phone with her &gt;&gt;&gt;&gt;&gt; ğŸ˜ğŸ˜˜ #happy #daymade
4812,Really having fun#happy#
4813,
4814,Uni time #happy #hyper
4815,Simple things.. #happiness
4816,Love the idea of the 'bro app' @Schofe @husage #happydays #thismorning
4817,
4818,Atlas!!!!! :) #happy
4819,Just remembered I got Schurrle on FIFA last night. #happy #FUT #FIFA14
4820,It's 5 am and I can't sleep because I'm so excited for this time next week ğŸ˜ğŸ˜ğŸ˜ğŸ˜ğŸ˜ğŸ˜ğŸ˜ #SoHappy
4821,
4822,Am definitely the luckiest girl in the WORLD right now #sohappy #bestfriendsever #lovingmyfriends
4823,"Ahh another happy ODLT customer, loving their ruby wedding anniversary tree for their mum&amp;dads big party tomorrow! #happy #guestbook"
4824,
4825,
4826,
4827,"Having vodka tonight, woop de woop! #happy"
4828,"Got my tyre fixed for loads cheaper than I thought, shopping day :) #result #bonus #happy #womendrivers"
4829,Last 20 days of school. #happiness
4830,
4831,
4832,
4833,Off to do house inspections today and two viewings for September in Preston #happydays
4834,Loving @BBCR1 mix this morning! #garethgates what a way to cheer up a miserable day thankyou @BBCR1 !! Much love! #happy #lovecheese
4835,Amazing Friday morning @Starbucks from @richstrachan and @jayhewett - thank you! #happydays
4836,
4837,I'm glad that I found such great friends :)) #flattered #thankful #happy
4838,
4839,Havin some wines with boozie Susie #happy
4840,"I'd like to take this time to give a little S/O to the one and only, @laurennunez_7 7 months down, plenty more to come! #happy #thankful"
4841,
4842,"Ahhhh..... maka one leg balance na ako sa left!! Bago ko lang na achive...
#happy #omggg #ahhhhhh #yesmissionaccomplished"
4843,Great 6 months yesterday â˜ºï¸ #happy
4844,Not giving a shit anymore #thatswhereitat #happy #fuckit
4845,8 hrs today &amp; tomorrow before a nice 24hr week &amp; a long weekend off. #HappyDays
4846,"it's actually raining i think i might cry 
#happiness"
4847,"Go Paris, Aeroville ğŸ‘ŒğŸ’– #happy"
4848,
4849,Friday!!!!!! #Payday #PaydayFriday #Happy
4850,tomorrow is #spring #happiness #yolo
4851,
4852,"Had a good first shift at work last night, was happy to come home to holly hallam waiting for me @justhollyJH #happy #amazinggirlfriend"
4853,#DoubleWhammy #friday and #payday rolled into one. #happiness
4854,Can't wait to get more pay now :) #happy #job #moremoney
4855,Good morning! It's Friday!#happydays #TGIF
4856,Gym....dinner...gym....cinema....looking forward to a nice relaxing weekend #chilled #happy
4857,So happy I passed all my exams #happy #exams
4858,Shopping terapeutico #roma #happy #viadelcorso
4859,
4860,
4861,day off and off to see my dog-Penny today for a bit #happydays
4862,Defense over. #happiness
4863,#Happy #pie #day
4864,"STARTED HOLIDAY.
#happy #stopschool #holiday #Ilovesleeping"
4865,Spending the day with my mum today #happy #familytime
4866,
4867,"Pay day, T  ticket bought, friday, #happydays"
4868,Very happy this morning at @vintagevwhire great weekend ahead at spring dub plus just hit 100 followers #happy
4869,Yes #Kelis #Milkshake on @Radio1XtraNowOn #sohappy #TGIF
4870,
4871,"A BIG happy bornday to our bassist BIG G! He turns 7 today, or tomorrow, or somewhere in between. ..#happy #birthday"
4872,
4873,
4874,time is so fast approaching....it's been a month.... 1 month na ko sa bago kong work  #PublicHealthNurse #Blessed #Happy #TYL
4875,
4876,
4877,"Finally, back home after 2 long tiring week at campus #politeknik #nilai #home #happy #yay"
4878,
4879,"happy Friday bitches. Last day of the financial year and my birthday tomorrow, it's going to be a big one! #happy"
4880,Hurry up 3 o'clock! #JustWannaBeHome #Drum #Weekend #Relax #Happy
4881,"Completed Solo, Choreography done..group dance almost finished #Dance #happy"
4882,T ticket bought after a very stressful 40 minutes on the shitest wifi ever #happydays
4883,"Waiting.. &lt;3

30 minutes?? Go! :)

#happy #moretalkmorefun #lovelove"
4884,"Friday, Pay Day &amp; Friday Beers @ASOS today is a GOOD day #friday #happy"
4885,Played volleyball today! Wew. #Happy
4886,Pay day = bacon sandwich for breakfast #happy
4887,
4888,
4889,Damn just clocked its friday... weekend almost here :D #HappyDays
4890,Welcome back #Glee! Guaranteed 1 hour of smiles and #happiness
4891,
4892,I got a 10 for a presentation that counts for my exams. Skipping fun things was totally worth it. :d #Happy
4893,
4894,
4895,
4896,Good morning world woke up with a blinding headache was late getting to work so working till late tonight so booze free weekend for me #Joy
4897,Only got 1 lesson today! #happy #nomoremocks
4898,
4899,#happy #fucking #friday #woo #yeah #weekend #yeah #hashtag #fucking #hashtg
4900,
4901,"ITS FRIDAY!! Well done everyone, we made it and it is nearly here!! Who is playing golf this weekend? Weather is looking ok so #happydays"
4902,
4903,
4904,
4905,
4906,
4907,
4908,
4909,
4910,
4911,
4912,
4913,
4914,
4915,
4916,
4917,
4918,
4919,
4920,
4921,
4922,
4923,
4924,
4925,
4926,
4927,
4928,
4929,
4930,
4931,
4932,
4933,
4934,
4935,
4936,
4937,
4938,
4939,
4940,
4941,
4942,
4943,
4944,
4945,
4946,
4947,
4948,
4949,
4950,
4951,
4952,
4953,
4954,
4955,
4956,
4957,
4958,
4959,
4960,
4961,
4962,
4963,
4964,
4965,
4966,
4967,
4968,
4969,
4970,
4971,
4972,
4973,
4974,
4975,
4976,
4977,
4978,
4979,
4980,
4981,
4982,
4983,
4984,
4985,
4986,
4987,
4988,
4989,
4990,
4991,
4992,
4993,
4994,
4995,
4996,
4997,
4998,
4999,
5000,
5001,
5002,
5003,
5004,
5005,
5006,
5007,
5008,
5009,
5010,
5011,
5012,
5013,
5014,
5015,
5016,
5017,
5018,
5019,
5020,
5021,
5022,
5023,
5024,
5025,
5026,
5027,
5028,
5029,
5030,
5031,
5032,
5033,
5034,
5035,
5036,
5037,
5038,
5039,
5040,
5041,
5042,
5043,
5044,
5045,
5046,
5047,
5048,
5049,
5050,
5051,
5052,
5053,
5054,
5055,
5056,
5057,
5058,
5059,
5060,
5061,
5062,
5063,
5064,
5065,
5066,
5067,
5068,
5069,
5070,
5071,
5072,
5073,
5074,
5075,
5076,
5077,
5078,
5079,
5080,
5081,
5082,
5083,
5084,
5085,
5086,
5087,
5088,
5089,
5090,
5091,
5092,
5093,
5094,
5095,
5096,
5097,
5098,
5099,
5100,
5101,
5102,
5103,
5104,
5105,
5106,
5107,
5108,
5109,
5110,
5111,
5112,
5113,
5114,
5115,
5116,
5117,
5118,
5119,
5120,
5121,
5122,
5123,
5124,
5125,
5126,
5127,
5128,
5129,
5130,
5131,
5132,
5133,
5134,
5135,
5136,
5137,
5138,
5139,
5140,
5141,
5142,
5143,
5144,
5145,
5146,
5147,
5148,
5149,
5150,
5151,
5152,
5153,
5154,
5155,
5156,
5157,
5158,
5159,
5160,
5161,
5162,
5163,
5164,
5165,
5166,
5167,
5168,
5169,
5170,
5171,
5172,
5173,
5174,
5175,
5176,
5177,
5178,
5179,
5180,
5181,
5182,
5183,
5184,
5185,
5186,
5187,
5188,
5189,
5190,
5191,
5192,
5193,
5194,
5195,
5196,
5197,
5198,
5199,
5200,
5201,
5202,
5203,
5204,
5205,
5206,
5207,
5208,
5209,
5210,
5211,
5212,
5213,
5214,
5215,
5216,
5217,
5218,
5219,
5220,
5221,
5222,My annual leave on April 9 to 16 just approved!! ğŸ‘ğŸ˜ƒğŸ˜ #HelloSummer #Wheretogo #Hmm #Happy #Yey
5223,Power and Piety results are up!! #happy
5224,Love payday #happy #money
5225,"Week left at work then I start my new job, new car on its way too! #happydays"
5226,
5227,Getting to see family that u haven't seen in awhile the best feeling ever #excited#happy
5228,Casually running into/ sitting next to @ChristineJessie on the flight to Puerto Rico #happiness #thelittlethings
5229,having such a good morning ğŸ˜Š #happydays
5230,
5231,I GOT ACCEPTED TO UNIVERSITY OF GEORGIA ğŸ˜ğŸ’ƒğŸ‰ #sohappy
5232,
5233,did a little grocery shopping .. fruits and cookies cause I always get hungry around 4am! going to my grandma's tmrw :) #happy
5234,Back to L i m a s s o l ..!! :) #happy #family #home #the_most_beautiful_city_in_Cyprus
5235,
5236,
5237,
5238,Good Evening Lovebirds @XianLimm @prinsesachinita .. stay COOL and stay IN LOVE.. #KIMXI28 #Happiness #TrueLove
5239,I got two good morning texts today #Happiness
5240,Holidaaaaay :-* 10 dayzz :-* #happy #noschool
5241,
5242,Hopefully only another 6 months to go until I will be living in Los Angeles! #fingerscrossed #happydays #california #LA
5243,
5244,"So glad my teacher isn't here today, I now have 5 free's. This is such a good end of the school week #Happy #6thForm"
5245,What is everybody listening to this morning? We've got the @Pharrell pre-stream #nowplaying #happy
5246,"Thank you to all our new followers, for more pictures and news have a look at Oaktree Occasions Facebook page, maybe a like too!! #happydays"
5247,Today is the last day of this early morning training class! :) #happy #tooearly
5248,
5249,
5250,"Waking up late, @magicfm on the radio, nothing to do today apart from Cook = Friday morning bliss #happy #friday"
5251,"Hi, I'm medical worker Jess ğŸ˜† #sohappy"
5252,After weeks of proper work- Iâ€™m so excited to spend another whole day actually knitting with my hands!  #happiness #simplepleasures
5253,Passed my context work first time #happy
5254,
5255,Love and soothe your inner critic #mindfulness #happiness
5256,Finished work for the weekend and movie night in with few drinks #happy
5257,I passed my exam from coming in drunk last night #happy
5258,Cramming is really bad when it becomes a habit so better do your tasks in advance and you can relax #fabruary #happy #advice #school
5259,
5260,Good morning rock stars I hope everyone has a wonderful day day one with my fitbit so far I love it #fitbit #healthyliving #happy
5261,Ah!!! @JeffBrazier the first thing I see when I turn my tv on :') ahhhhhhh #Happy #Wooooo
5262,Friday lunchtime means fish finger sandwiches! #happydays #gourmetchef
5263,
5264,
5265,
5266,"Nehemiah 8:10b NCV

""Today is a holy day to the Lord. Donâ€™t be sad, because the joy of the Lord  will make you strong.â€ #JOY #TRUST"
5267,#wedding #consultation complete. They loved the #new #raspberry #flavour #happy #customer
5268,
5269,
5270,
5271,Friday!!! #Finally #Happiness
5272,Vacances !!! #Happy #Time
5273,Everybody are comfortable just they need to be drunk #happy
5274,Only class on a Friday cancelled! #HappyDays
5275,Got a few things to look forward to now #happydays #HappyFriday
5276,FOOTBALL TWEETS ARE NOW FOLLOWING ME .... =)) #HAPPY
5277,
5278,
5279,Today I'm wearing the smile she just gave me â™¥ #Happy
5280,Why I'm proud? Because I'm privileged enough to have 3 healthy &amp; kind daughters who make me laugh everyday. @toryjohnson #grateful #happy
5281,
5282,Morning Everyone ğŸ˜ #T.G.I.F. #happy
5283,
5284,Yes! Finally done with science festival and ibong adarna :D #happy #success #projectoverload
5285,
5286,Gosh! #Pharell is soooooo good at self-harmonising. #Happy
5287,
5288,
5289,There are billions of people around the world but I choose to be with YOU #happy #world #you î„î€²î·î¨
5290,
5291,Thank you Mr Postman nice cheque for Â£150 in post today ğŸ˜ƒ #happydays
5292,
5293,Oooooo feel so good this morning ! #Alhamdulillah #happydays
5294,#GradRecFair14 Looking forward to my #graduate #job #happy #excited
5295,
5296,
5297,
5298,"It's Friday , it's sunny, it's payday &amp; im going shopping on my lunch hour #HappyDays"
5299,
5300,stressful morning over with ğŸ˜Š #happydays
5301,
5302,"Another great day of music :) Working on my new album with the incredible Ian Chambers, guitarist and #OnePlanForThePlanet eco-genius #joy"
5303,At the #airport flight 1 of 3. This is going to be a long journey. #travel #happy #SouthAfrica #Thailand
5304,"@TootingInsider @TootingAbout @Tootingbaby 
#DailySpecial - Carrot &amp; Sweet Potato Soup - Stir Fried Spaghetti w/ Chicken :)
#Happy #Friday"
5305,Italian dinner with hubby.. â™¥ Happy weekend! :D #blessed #happiness
5306,My bestfriend coming to me! Yay! #happy
5307,
5308,THIS is more like it.  #rain #happy
5309,On the train for a weekend in London #happydays
5310,": I sat down at 1am to do some #amwriting. I had plans and everything. Six hours later I wrote a poem, quite unplanned. Crazy Muse. #happy"
5311,2 weeks to go.... Yeah right.. 2 weeks and 2 months Â¬_Â¬ #happydays #traiaut#UAS#US#UN#UUUAAA
5312,
5313,HELLO PAYDAY! HELLO FRIDAY! Who's out celebrating with us tonight?! Call 02074881918 to get on the guest list #HappyDays #LoveAbbey
5314,See you all in just a few short hours. County TI begins today! #happy
5315,I'm off today and the rest of the weekend ğŸ˜ğŸ˜ğŸ™Œ #happytweet
5316,Bom dia Twitter!! #happydays
5317,"4 hours left of boiler training then a week off, pay day + bonus &amp; tattoo at 4.30! ğŸ˜ğŸ’°ğŸ’‰ğŸ˜ #happy #LovingLife"
5318,Gigs coming in for 2015 #happydays #busybee #booknow #vocalentertainer
5319,
5320,
5321,Does anyone see snoppy dancing in their head when happy is playing or is that just me #happy
5322,"Woo! thanks to all the mums, dads &amp; beautiful babies who joined us at our launch at the SACC! #happydays #ImaginationLibrary"
5323,"It would appear that, once again, my level is just too damn high

#happy"
5324,
5325,"Not everyone will share in your success and joy, but yo can't let that break you. Be happy without permission! #joy #success #growth"
5326,"Woooooooo!!!!!
Today is haft day :) I wanna party or do some shit! #party #happy #gayboyproblems"
5327,PAYDAY and the cutest present from the cutest flatmate @Cica986 wooo #happydays
5328,So much baby news on my FB feed today. Love it #newbeginnings #happydays
5329,
5330,Every good thing is going to happen to me this year. I can feel it in my marrow. #happy #thankful #grateful
5331,I'm officially a home owner ğŸ˜ƒ #happy
5332,went to class late this morning cause i went to booksale. no regrets tho. #broke #happy
5333,"Well I got like no sleep last night, but it was worth it. #sohappy"
5334,Happy Friday everyone! Forget all the bad things you've encountered this week and have a great weekend. #happy #itsfriday #pary
5335,"It's Friday, it's payday, the sun is shining and I've just ordered my first bikini for malia â˜€ï¸ğŸ˜„ğŸ‘™ #happydays #malia14"
5336,
5337,Just left #gametronics #Lincoln singing Disney songs into the street. #happy #Castlevania #Los2
5338,Thank god it's Friday! Sorting out and packing to do this weekend! :D #holiday #birthday #myman #happy #excited #yaaaaay
5339,now on holiday! #boom #9days #HappyFriday #happydays
5340,"After that long week, it's time to be #happy"
5341,Get up and Thank God what he has Blessed U with and trust God for what U need!! God is great everday #blessed #joyful #filledwiththegoodword
5342,Clap along if you feel like what's you wanna do. #Happy
5343,
5344,
5345,Just won Â£148 on the horses! ğŸğŸ #racing #happydays
5346,
5347,Thankful. For Another Beautiful Day #Blessed #TGIF #Happy #Loved
5348,So proud of my girl @elsdollbaby placed her order on the @thenutribullet ğŸ‘ #happy #healthy #bulleting
5349,Birthdays on sunday :D sooo excited happy friday :)#sohappy
5350,hat's off :-) awsom..new advertisement of shematti textile..  #shematti #advertisement #cinematography #happy
5351,Finally got a job #chessingtonadventures #sohappy
5352,
5353,I need a hug or 8 shots of vodka please #happiness
5354,So after iv stressed panicked screamed and tantrumed my car is costing me Â£100 to fix n its a little pipe that need replacing haha! #HAPPY
5355,Well all the prom stress is over with for me. He got his tux and I got my dress #HappyTweet
5356,
5357,This too shall pass  #joy #praise
5358,Of to meet momma and pappa Frank from the Station #happydays #TGIF
5359,Very lazy morning with a lie-in then porridge &amp; several mugs of tea! Suppose I should do something productive now! #dayoff #lazy #happy
5360,not letting anything ruin my good mood today ğŸ˜ŒğŸ˜Š #happy
5361,"What a  fantastic dream !! ^_^ 
#happiness"
5362,
5363,Looking forward to today with @HariMcDermott1 :-) #happydays
5364,
5365,
5366,Love a spontaneous phonecall from home! #happytweet
5367,A quick meeting in London resulted in a few new possibilities #happy #positive
5368,
5369,
5370,At least he doesn't snoreğŸ˜Š #happy
5371,
5372,Hair appointment &amp; girls night tonight! Good start to the march break :) #Happy
5373,"Amazing how better the world seems when the sun is shining, summers on its wayâ˜€ï¸ğŸ˜ #happy #sunshine #summer #cocktails"
5374,
5375,"""Una Mattina"" et ""River flows in you"", Ã  nous. #happy"
5376,#Feliz #Happiness #Felicidad
5377,I feel like I haven't seen @t_swaggin254 in years... #happytweet
5378,"Am High, because I got the Best Drug Ever, its called LIFE #happy #high"
5379,
5380,Woke up really happy for some reason I don't know why! #happy #TGIF
5381,Belgium bound for my first European Classic 'Het Nieuwsblad' tomorrow #yesbled  #massage #food #music #cobbles #happy
5382,
5383,Cutting my ear from all the broken glass on my phone! #happydays
5384,The lady in the canteen said my perfume smells lovely #yay #happy #chanel
5385,"And it's payday, time to wash the car and get a food shop in for the weekend #happydays #easilypleased"
5386,
5387,
5388,
5389,Woke up in a beauty of a mood. Feel incredible for the first time in ages. DEAL WI IS! #happy
5390,
5391,On route to Wakefield with Sammy &amp; @t_heppy listening to @YorksCoastRadio on the fone app! #happydays
5392,Lovely three day weekend Comin up for me.... Not long to go! #weekend #happy
5393,MSVU for the dayyyyğŸ˜Š #happy
5394,
5395,"My mom could read my mind voice, i was craving for pizza for past few month and once i am bck mom bought it for us !! Hehehehe #happy #kid"
5396,Spent the last 30 mins talking to the lovely staff in @Mulberry_Editor Stratford! Very helpful &amp; Ive now picked my graduation present #happy
5397,
5398,"""The exercise of justice is joy for the righteous..."" - Proverbs 21 // Find your joy today, kids. #Joy"
5399,
5400,
5401,
5402,Oh hello Mr. â˜€. You're my favorite! #yaysunnyday #happy
5403,"#Married men have two choices... They can be #right, or they can be #happy"
5404,"Lets go somewhere and never come back :)

#Wandering #Joy"
5405,
5406,
5407,Off to work 4 a staff meeting #joy
5408,
5409,
5410,"Just shake it off Kyndall, nothing is gonna ruin your day #strength #happy #justbreathe"
5411,well ain't God great? #alive #happy #blessed
5412,bcs youll be happy if im gone ooh ooh~ #2NE1CRUSH #HAPPY
5413,
5414,
5415,Can't stop smiling this morning #happy
5416,@AmyAnzel Lovely to meet you this morning. Have a great run in #Edinburgh when it comes. Lx #HappyDays
5417,It's my last entire Lori-less day! #sohappy
5418,Asta na pane! RT: @AnthoulaKats: @MarigoPR and I'm leaving for Florida. Which is def warmer than NY! #sun #beach #happy #safetravels
5419,"Amazing, I'm not even mad haha.  #happy"
5420,I'm not going to let how cold it is kill my mood #friday #happy
5421,All relationships go through hell. Real relationships get through it. #happy
5422,perfect night too bad i had to leave #lovetherain #happy #enlasnuves
5423,Home from work :) weekend off and only a four day week next week too :) #happydays
5424,Walking round with a stupid smirk on my face #happy #lust
5425,"Girls, if you want a real man. Get him drunk on wine and see what happens #honest #happy #charming"
5426,
5427,Live like your room doesn't have a roof! #happiness #Behappy
5428,Today was the last day of school and now holiday for one week!! #finally #happy
5429,
5430,"So it's Friday and pay day and starting to save day, today is a good day #happydays #friday"
5431,
5432,Just 8 days left and I hope to be taken away on an intense aural journey by @cattaneo_hernan in @panama020. #HAPPY
5433,"17 days until @ConwonHodson competition! I can't wait, don't worry or stress, you'll make me proud what ever you do! ğŸ˜‹ #Excited #Happy"
5434,Got my dissertation results #JACKPOT #HAPPY #FREAKINGOUT
5435,I actually have the best family and the best of friends that anyone could ever ask for #soblessed #sohappy
5436,"Wait Is Over &amp; After Watching The Episode I can Say It Was Worth Waiting For 
It Was Awesome @GreysABC #ItIsBack #Happy #Excited"
5437,â€œThe most certain sign of wisdom is cheerfulness. â€ â€” Michel de Montaigne #happiness #wisdom #life #CarpeDiem
5438,
5439,
5440,#BD #Happy
5441,Interesting bus journey to work. Just found myself writing a reality depressing poem #happydays
5442,
5443,Open to a new perspective aligned w/JOY. Watch as we work magic supporting U! â™¥Christi &amp; The Guides #joy #newperspectives #letthemagicbegin
5444,
5445,Garlic pepper for my dinner:) #happy #tummy
5446,
5447,
5448,ğŸ˜ great morning!!! It's Friday ğŸ’ƒğŸ’ƒğŸ’ƒğŸ’ƒ #happy #dance
5449,
5450,Can anything get any better right now. #happytweet
5451,Voila.. Derniere image a retoucher! Lets gooooooooooooo #happy #welldone #hardwork
5452,Listening to the dreamy @Elbow live on @BBC6Music. What a way to kick the weekend off. #TGIF #happiness
5453,"Such a beautiful day, all is fine with the world when the sun is shining #happy"
5454,"Happy Friday, my twitter followers! I hope you guys have a wonderful day! #twitter #friday #happy"
5455,Work over for the week now to get sorted and see the girlfriend for the weekend #happydays
5456,Persevere when the going gets tough. #happiness
5457,
5458,Glorious run in the sun â˜€ğŸ˜ƒ #feelslikesummer #happy
5459,So happy with my dissertation feedback #happy
5460,Friday lunch time Chinese #happydays
5461,Friday tradition! Cracker Barrel with the one and only @CalebMaddix. Fireplace going and country music in the background. #GoodLife #Happy
5462,Art college here I come!!! Got a conditional offer!!! So happy!ğŸ˜#happy #leedsartcollege #conditional #offer
5463,INSPIRITS CAN KISS OUR MONEY GOODBYE IN THIS UPCOMING MONTHS AHEAD FULL OF COMEBACKS. #so #happy #thanks #woollim
5464,i had enjoyed the moment. #happy
5465,
5466,
5467,
5468,Thanks Austin for the dunkin! #sohappy #mademymorning
5469,My emojis finally working yaaay ğŸ˜„ğŸ˜ƒğŸ˜€ğŸ˜Šâ˜ºï¸ #happydays
5470,"@LaraSpencer your style,fashion looks and tan are by far the best on #American #Television #Happy #Friday#BostonRedSox"
5471,"Red r Blue, we're always in Maroon, I sense a day of #domination #WE #win #joy #caribbean"
5472,Can't wait til 2:30 when school is over! Only 2 classes today :)  #hurryup #tired #happy
5473,
5474,
5475,New cycle paths are being installed on my work commute!! No more playing chicken with cars coming off the M25 #happydays #cycling #safety
5476,
5477,Usually #FijiFantastic :-D #NoLess Se cava @DTusani? #HappyDays
5478,"Hey, today is the first day of Carnival. Honestly I hate it but I love the days off work so I rest and travell. #happy"
5479,Je go les rejoindre #happy
5480,#ooon J-1 Daaah #Happy
5481,Trust is underrated in the eyes of sociopaths. Opportunity will only take you so far before your true nature shows. #truthbomb #happy
5482,
5483,yaaay no lessons for tomorrow #happy
5484,
5485,
5486,#Spotted #StopStaringAtMePlease @DTusani #HappyDays
5487,Who lost 11 pounds in 2 weeks on the Dr Oz diet? This girl did!! #lovedroz #sohappy
5488,WEEKEND!! ğŸ˜ƒğŸ˜ƒğŸ˜ƒ #happy
5489,
5490,Had the best dream ever!!! @SebLefebvre  and I were dating!!! &lt;3 I love him!!!! What a beautiful dream!!!! #simpleplan #happiness #inlove
5491,
5492,"It's literally gorgeous weather to be walking to college in, keep it up Ireland! #weatherupdateswithdanni #happydays #HappyFriday"
5493,No traffic this morning! #HAPPYTWEET
5494,
5495,
5496,@MiCasaMusic Turn you on def worth all the pos-tweets #smashing #happy#awesomeness
5497,
5498,
5499,"Y-ACT Newspaper &lt;3 
Youth-ACTions Newspaper &lt;3 
namiss ko ang GK Kids ahh &lt;3 :) 
Storytelling with them tomorrow afternoon :D 

#SoHappy"
5500,I'm getting a new car today! #happy #jeep
5501,
5502,I'm going hooooomeeeeee!!! #finally #happy #exhausted
5503,
5504,Holidayyyyyyys !!!! #happy
5505,
5506,You amaze me. #sohappy #butterflies
5507,That moment you find another Kpop-er/Beauty enthusiast! #happy #excited #Kpop #finally #fun
5508,
5509,
5510,I have the best job ever! 5 hours overtime AND a three day weekend this weekend and next!!! #blessed #happy
5511,
5512,
5513,Love not having lectures on Friday #chilled #happy
5514,J-9 Robin Des Bois #Happy #MattPokora #Sherwood
5515,Ha ha ha past my work ha ha #happy
5516,
5517,Felt strange being at work in jeans but it is Friday after all and I dint give a fuuk!! #finishedforweekend #happydays
5518,"@Rosenbergradio @ScHoolBoyQ got that crack for sell!!!
@ciphasounds let em know cuz I'm #happy"
5519,
5520,More than to what I've expected. #HAPPINESS
5521,ğŸ˜ğŸ˜ğŸ˜ğŸ˜ğŸ˜ğŸ˜ğŸ˜ #sohappy
5522,Posey avec la cousine #goodday #happy
5523,Got a 1st in my English specialism essay â˜ºï¸ğŸ˜ŠğŸ˜€ğŸ˜ƒğŸ˜„ #sohappy
5524,8.1 for topography! Had the highest grade of the class! #Happy
5525,Another 7lbs off ğŸ˜„ğŸ’ª #sohappy
5526,Is my mom considering this?! #happy
5527,
5528,"Donuts in 1st period today, free Olive Garden lunch at school yesterday! Can this week get any better?! :D 
#happy"
5529,
5530,Things might actually be looking up for once #happytweet
5531,"Guna be at 1,500 in no time the way our followers are going up :D #happy #thankyou"
5532,A daily dose of Jimmy Fallon is what everyone needs in their life #Happy
5533,
5534,On my way to visit my love @FerHernandz ğŸ˜˜ #happy #inlove #yeih
5535,Finally finished the pres! #ThankGod and I got a letter from UCC #happydays
5536,
5537,
5538,DigIn Photography! Let's get ready for this shoot! #Happiness #Living
5539,
5540,
5541,"will now look TVD, ahh'm so excited #5x14 #tvd5 #happy"
5542,Officially applying for #ColumbiaUniversity in #Chicago! Oh hell yes!! #happy #excited #opportunity #America
5543,Getting my bass today!!!ğŸ˜„ğŸ˜„ #excited #bass #happy #rocknroll
5544,
5545,Somebody close to my heart's love life inspires me :) #Happiness
5546,3 books arriving in 3 consecutive days.. How much more excitement do I need now?? #happy
5547,
5548,#Friday #Whores #Happiness #Friends
5549,Watching my bluray copy of frozen. #happy #thankyouYIFY
5550,
5551,
5552,Love getting my daily phone call from my awesome man @i0_KOOZ_0i  :D #happy #cheersmerightup #lovehimloads
5553,Early finish from college #happy
5554,Really good night tonight with some good people. #Happy
5555,I slept!!!!!! ğŸ˜ğŸ‘Œâ˜ºğŸ‘even if it was at 5am! Ahhhh that's better! #happydays
5556,Hardwell rescheduled for ma birthday #happydays
5557,
5558,Braw to have ma iPhone back like #happydays
5559,I don't even wake up tired anymore because I'm always excited for my day nowğŸ˜Š #happiness
5560,"Never been so excited to be homeward bound, knowing my beautiful nephew is waiting at home for meeee #excited #home #happy"
5561,4 days off!! ğŸ˜ŠğŸ˜Š Hope you all have a great weekend!! #tgif #happydays #sunshine
5562,
5563,Thank you to @TrekBikesSA for the amazingf Trek bike I just won! and @LightsByLinea for an awesome spring series! #SoHappy #HAMMER
5564,
5565,Counting down the hours until holiday! Only 4.5 hours till I'm in holiday mode ğŸ˜ƒ #happy
5566,finally they were caught! #Happiness
5567,
5568,
5569,You make me smile :) #happiness #feelgoodbuzz
5570,"Tgi's, few drinks and beyonce at the O2 tonight wiv @chelma_x #happydays"
5571,
5572,
5573,
5574,
5575,
5576,"The only girls who followed me first are @RoseMagdaline and @Nandini_online 

#Happy"
5577,
5578,
5579,
5580,Finally the weekend #Happy
5581,Whenever I feel like quitting I think about why I started .... That can still be hard #fitness #focus  #future  #happiness
5582,My dad brought me back a new pair of boots from Montreal and they are beautiful and make me feel like I'm walking on a cloud ğŸ˜ #Happy
5583,"Omg! 3 hours ago.. March is coming.. Goodbye â™¡ month, hello March. pls be nice to me #happy #success #nostress"
5584,For the first time in forever i went back and read our old text messages.... Now i cant wipe that stupid grin off my face #happy
5585,#NowReading: Beloved. Toni Morrison. #HappyTweet
5586,chilling after tiding the house before having more time off work #happydays
5587,
5588,
5589,MAYBE Your problem isnt your problem its that u haven't realized GOD wants to show himself strong in ur weakness to HIS GLORY #bible #joy
5590,There's a first time for everything! âğŸ’ğŸ’• #happy
5591,Gonna end my birthday tonight with 'Batman Begins'. #happy #thankful
5592,Blackjacks remember 4 million views on the first day ok ?!! #2NE1CRUSH #ComeBackHome #2NE1BLACKJACKSAREHOME #2ne1aonindubai #2NE1 #happy
5593,Can get on my bike tomorrow. #happydays
5594,
5595,"Working half a day, then gettin my DO done. All Fridays should be like this. #happy #grateful #weekendishere #lovemetime #sunshine"
5596,Super super motivadisima!!!!! :D #pollito #tinta #happy
5597,2Day i feel happy because ke friday yeay #happy
5598,
5599,"Spending the entire day with my love :)
#happy #blessed"
5600,Stand de @dolcegabbana en Tenerife por fin!! #happy
5601,
5602,"Full achievement of a goal is within arms reach!  Sometimes being backed into a corner is what's needed to say ""the time is now!"" ğŸ˜â™¥ #happy"
5603,"And so another beautiful day begins, another chapter written in the story of my life scripted by my heavenly Father. #joy #blessed #loved"
5604,Just subscribed to @F1Racing_mag :) #HappyDays
5605,
5606,"Drinking coffee at dance studio lots of actors talking very loud at least I'm not bored anymore :)
#happy#dance#followme"
5607,TGIF!!!! :) #payday #happy
5608,
5609,#goodmorning #lovely #people #happy #friday
5610,
5611,It's my birthday tomorrow turning 13 #happy
5612,It's finally my birthday!! It's gonna be a good day :) #happy #goodday
5613,Taught someone the chemistry behind making ice cream. #happy #goodDeedForTheDay
5614,In Nandos. #happy
5615,
5616,Thank you soooooo much @TomSmart18 for sending me flowers into work on my last day :) #happy #lucky
5617,Pick up my new car on Wednesday ğŸš—ğŸ˜„#sohappy #cantwait
5618,First day of work ! #addias #job #workflow #moneytime #happy
5619,Had a really good week :) #happy
5620,
5621,
5622,
5623,Had so much fun tonight! :p #happy
5624,Stationery shopping always excites me :)) #Happiness
5625,â˜€â˜€â˜€â˜€â˜€â˜€â˜€...anche se per poco....ma â˜€â˜€#happy
5626,Got my work experience at SONY!!! #design #happy
5627,
5628,Hahaha the great feeling of watching Leslie school bus go by this morning xP hahahah #happydays
5629,
5630,Last Trigo meeting kanina.... HECK YEAH NIGGAS ğŸ˜ğŸ˜ğŸ˜ #happy #finally
5631,
5632,
5633,
5634,
5635,Wow 3rd now! #happydays
5636,I want a BEC ...ouuu ima go buy one #happytweet
5637,The first choice guy was actually really helpful in the end #yay #happy #holiday #panicover
5638,#Happy #Positividade
5639,Off to Jay peak with my sister. First time skiing in 2 years #sohappy #wishmeluck
5640,20 days til #MotoGP2014 kicks off! #happydays
5641,Humm... To put on clothes while I fix my hair and makeup or not... ğŸ™ˆ #finallyfriday #sohappy
5642,just won myself an @AQAQLIVE dress ğŸ’ƒ could this day get any better?! ğŸ˜ #sohappy
5643,But it's Friday! HAGD ğŸ’• #friday #payday #happy
5644,i think everyone would be happier if there was more avocados in this world! #avocadofever #happiness
5645,Holiness. A privileged call...from God...to be freed from all that destroys our true JOY. #aholyheart #JOY
5646,"February 28, 2014
Sometimes, two people have to fall apart to realize how much they need to fall back together.
#24daystogo
#excited
#happy"
5647,"Got up, cleaned kitchen with @sexmagiclove, did 45mins of hooping &amp; toning, had nicest sing a long shower &amp; received scholarship! xD #happy"
5648,
5649,
5650,Another bumper weekend of football coming up #HAPPYDAYS
5651,
5652,
5653,
5654,
5655,"To stables!â™¥
TALLILLLLEEEEEEE!!!â™¥â™¥â™¥â™¥â™¥ 
:D #happy"
5656,"Your #attitude is your steering wheel. Destination happy... it's up to you.
#positivethinking #happiness"
5657,
5658,A week from tonight I will be home â˜ºï¸#sohappy
5659,Been talking #cake all day. 5 potential orders. Makes a change from running! #Happy
5660,Best birthday prezzie ever tickets for @CocoonInThePark 2014 thank you @cube191 love you loads roll on the summer :-) #happy #excited
5661,I don't think its hit me yet that I'm going to have the dream career I've always wanted... #Teacher #sohappy
5662,the sun shines bright :) today :) in mind @kylieminogue #happy #UK #Australia #food #roast
5663,
5664,
5665,
5666,Fucking good news i am pregnant at long last :))))) #pregnant #HappyFriday  #happy
5667,
5668,"Woke up smiling, can't stop it #happy"
5669,Looking forward to spending the weekend with the girlfriend ğŸ‘Œ #happydays
5670,Love that I get to spend the weekend with my girl @DiamondEyez986 ;-) ;-) ;-) #Happy
5671,"Jokes, I am not 'buff' ha but definitely toning head to toe â˜ºï¸ #happy"
5672,
5673,In 1 month.. #sohappy #excited
5674,
5675,
5676,
5677,almost finish with the research paper ğŸ˜Š#happy
5678,Realizing you have the power to charge the atmosphere (environment) around you! #positivethinking #Joy #LifeLessons
5679,
5680,Finally got my shit in the mail!!!ğŸ˜†ğŸ‘ğŸ’¥ #happy
5681,
5682,ğŸ˜ğŸ˜ just realize it's pay day!! ğŸ’°ğŸ’´ğŸ’µğŸ’´ğŸ’µğŸ’°ğŸ’´ğŸ’°ğŸ’°ğŸ’° #happy #TGIF
5683,
5684,When my Boo surprises me at work @Ashanpdch â™¥â™¥ #ILoveYou Silly !!! #Excited #Happy #DayMade
5685,There's no better feeling than knowing your hardwork has paid off #happy
5686,
5687,"800 words down, now to get ready and get my two little angels from school #productive #happy"
5688,It's a boyfriend shirt kinda day :) #relaxed #happy
5689,
5690,
5691,"Good Morning!!
T.G.I.F
Everybody Have a Great Week-End!!!!
#HaveFun #Blessed #Happy"
5692,I'm literally like buzzing I'm so hyper and happy right now Ahhh #positivity #SOHAPPY
5693,"I'm workin now ina bit, on the upside its payday #happydays"
5694,Two hours to kill in Eastbourne before my train so sitting on the beach reading in the sun. Might even have an ice cream #joy
5695,
5696,officially survived 3 12's at the hospital #happy
5697,Okay @ygent_official where is the MUSIC VIDEO?? #COMEBACKHOME #GOTTABEYOU #HAPPY #2NE1CRUSH
5698,
5699,Rocking out before goto school. Lil bit of. @OYEOfficial and @WBTBWBofficial and whatever else is playing. Make it a great day people #happy
5700,"Good Evening :)

#FollowmeCam #Happy"
5701,it looks like rocking out and havin' faaaaan at @Creamfields is in our future!!!!ğŸ’ƒğŸ¶ @ashleyedmundss #Creamfields2014 #ticketsbooked #sohappy
5702,The person I am without you is a better person than I ever could have been with you. #happy #movingon
5703,
5704,Waking up and being sore...omg I've missed itğŸ˜Š #sore #track #happy
5705,How lovely is our weather then? #happy
5706,
5707,only 2 more Friday classes and I'll be on vaca for 19 days in march ğŸ˜â¤ï¸ğŸ‘ğŸ‰ #happiness
5708,
5709,
5710,
5711,
5712,Happy one year to the best girlfriend I could ever ask for ğŸ˜˜ @JPvball23 #sohappy #sofun
5713,
5714,
5715,Commit yourself to constant self improvement! #success #health #wealth #happy
5716,
5717,Just hit 37 followers on Flickr in 9 days. #happy
5718,
5719,"""In the rain the pavement shines like silver."" Yay for Les MisÃ©rables in the morning. #musical #amazing #singalong #happy"
5720,Love that my kiddos help each other. Littlest princess quizzing big brother for test in the car on r way 2 school. #sweet #joy #lifeofamom
5721,
5722,"I have now officially lost half a stone since I started going to the gym.

#happydays"
5723,3 hours till my man finishes work for the weekend actually be able to spend time together â™¥ #happy
5724,
5725,i feel pretty today ğŸ˜ #happy
5726,
5727,That phone call last night &gt;&gt;&gt; #sohappy
5728,
5729,
5730,
5731,it's Friday &amp; I don't have to work &gt;&gt;&gt; #happytweet
5732,Tara date tayo #100happydays  #happy #weekendinabudhabi
5733,Celebrating the start of spring break by a breakfast burrito and new letters #happiness
5734,
5735,"excited for tomorrow hehehehe..... dance, results and SPC Exam... go YVES!! hahahaha :) #happy #energized #thingstodo"
5736,
5737,Grabe! Thank You Lord! ğŸ˜ŠğŸ™ #happy
5738,
5739,Today is gana suck. I'm so depressed. #bday #happy #26
5740,
5741,thank you for that 7 points! #happy
5742,Sol de carnaval #panama #happy
5743,Cream tea stop in sunny Wealden at @michelhamPriory. #happydays
5744,
5745,
5746,"These people RP-ing GoT characters, may the gods bless their souls. ;A; They're such sweet and lovely people. And they made me happy #happy"
5747,2 hours 'til I put a stop to this essay which has been pretty stagnant today. Then fish &amp; chips and a film w/ @manynicethings #happydays
5748,
5749,
5750,wrote a maths exam today #finish #exhausted #happy
5751,Day has been made! #greatday #happy
5752,Today was hilarious:L to think I liked him!xD #happy
5753,"Today is flying by, can't believe its 2pm, nearly time for the weekend #happydays"
5754,
5755,Thanks everyone 4 a fun and moving evening in pittsburgh. Ohio on my way. #happy
5756,"God knows who belongs to Him. Spurn evil, all you who name God as God. (2 Tim 2.19 MSG)...THEN #PrayforRevival #JOY"
5757,Ashton and Mila are engaged!! Ah!! #SoHappy #PowerCouple #That70sLove
5758,
5759,Engaged to my best friend â¤ï¸ #SoHappy #Blessed
5760,Being happy means everything else just starts falling into place. Both obvious and amazing. #happydays
5761,I â¤ï¸ @Pharrell #Happy #NERD
5762,Still loads of stuff to do but man i'm buzzing right now! #happydays
5763,"Looking on the bright side of being poorly, I cannot rememebr the last time I curled up on the sofa with a great book during the day #joy"
5764,
5765,Fridays are like fragments of Christmas day. #joyful
5766,I know I'm in a good mood when I have upbeat songs stuck in my head.  #happy
5767,KFC delivery for me ğŸ‘ŒğŸ—ğŸŸ. #happydays #fatgirlproblems
5768,
5769,Good morning u guys!!! #morning #happy
5770,
5771,
5772,Feeling very loved here recently. So appreciative to have my friends and family. #blessed #happy #high
5773,Oscar's weekend is finally here. #Oscars #sohappy
5774,
5775,just saw #Divergent on the tv. :) #happiness #21daystogo
5776,Sessione finita bene yeee!!! :) #happy
5777,Healthy dinner time and off to the library #happy
5778,N tem school #happy
5779,
5780,More we Travel to new places .. More we Get meaning to our Life #Happiness
5781,"My life at the moment is perfect, I'm meeting so many nice people all the time and I'm constantly making plans with people #Happy"
5782,yay just finished #tlou in survivor mode #happy
5783,"My biggest hope -I will see you soon!
My strongest prayer â€“Our Relation continues forever. #emotion #happy #date #romance #feelingthelove"
5784,Love makes the world turn around #happiness
5785,#teamzonea #happy
5786,And today is the second anniversary of me quitting my job to join a b-school. Best decision of my life #Happiness
5787,
5788,
5789,
5790,
5791,Hannah from #girlsHBO wearing a Cambridge Satchel after I bought one like months ago makes me feel like I'm kind of a trendsetter #happy
5792,"But it might be ok, The LOVELY man in #FujifilmIreland suggested the battery contacts &amp; he was right!! Just need to straighten... #HappyDays"
5793,ENDLICH FERIEN !!! #happy #holiday
5794,This girl said she likes me and I didn't have to do really anything #happy
5795,
5796,
5797,"Woke up this morning, and totally forgot the past year of my life. Like it never happened. #happy"
5798,
5799,Glad its friday. Im in such a good mood today #HappyFriday #happy
5800,
5801,Go home at north! What a wonderful day &amp; evning! #sohappy #niceday
5802,
5803,"New hammer strength goodies ğŸ‘Œ
Decline bench
Flat bench x 2 
Incline bench 
Plate loaded triceeps
Pull over 
Hack squat 
Leg press 
#happy"
5804,
5805,Away from Asheville ! #Happy
5806,The fact that the highlight of my day is that my tag strips finally came in #retailproblems #dontcare #sohappy
5807,
5808,All of my classes cancelled next Thursday = spring break starts early for me #happiness
5809,The fact that Phaneuf scored last night #happy #blessplayerandcaptain
5810,
5811,Omg Sarah gave me the shoes #sohappy #missedher
5812,Just completed on the house! #happydays
5813,"YES, RAIN!!! #happy"
5814,Soooo pissedğŸ˜ŠğŸ˜Š getting my phone taken away today and won't have it til Wednesday night. #sohappy
5815,"""That's just liiiife... Makes you laugh and makes you cry..."" Loving life these days :) #happy"
5816,
5817,
5818,
5819,.. Followed by night shift tonight and all weekend yay! #joy
5820,
5821,
5822,"That amazing feeling when u visit your hometown..!!
#happy #Vashi"
5823,"Arriving at the perfect time for a train to sheff, it's the small things in life  #happydays"
5824,"Changed my mind, today improved drastically ğŸ˜Š managed to get my jazz dance routine nearly perfect! #woop #happy"
5825,Muse is playing at the office â™« #happy
5826,
5827,All my hard work this week was horrid. yet my paperwork gets submitted and approved at literally the last minute #sohappy #stressfree
5828,I love Shakespeare.  So happy to have auditions for two great theaters!  #AEA #Acting #Happy
5829,
5830,@ahmadfaishol #HBD #HAPPY #BIRTHDAY #SWEET #SEVENTEEN #TO #YOU #WYATB #GBU #KEEP #FAISOLEVERYWHERE
5831,
5832,Having a good day so far. #happytweet
5833,
5834,It's official I got the intern.. #happy #happy
5835,Got an unconditional offer from my first choice less than a day after applying to them #happy
5836,
5837,Absolutely exhausted so its pasta bake time! 1hr 34 minutes isnt a bad time though for a triathlon :) #happy #feedme #bringonnextone
5838,Haven't felt this feeling for a while #â¤ï¸#ğŸ˜Š#happy
5839,His fever is gone! His fever is gone! His fever is gone! #BabyAri #happy
5840,"Have a wonderful Friday, and whatever you do today make it a great one! :) #pageantry #happiness #wisdom #encouragement"
5841,"Amazing customer service from @enterprisecares 
Will definitely be a return customer. #happy"
5842,On the road .. #happy #permis #18 #birthday #cadeau
5843,
5844,#BelieveMovie #NeverSayNever. #BirthdayJustin #Cinema #Happy #Yeah
5845,Looks like I just got it #happy
5846,
5847,Its official! We've finally moved! #stressful #emotional #happy
5848,
5849,
5850,Lovely day for a little walk #happy
5851,
5852,Hardwork pays off #goodpayday #bookednoverworked #wellworthit #happy
5853,
5854,"Went to pay for a book and only cost me Â£1, and the guy who made my coffee made me a large one but only charged for a small! #goodday #happy"
5855,Another good run in the mountains:) #happy #safe #lovesouthafrica
5856,
5857,Decided on my career path of a ski instructor! #happydays
5858,"YOU! Friday, welcome back we have been looking for you since Monday =D...good morning everyone #HAPPY #FRIDAY"
5859,"Got my results, test is done, knackered from burlesque so now to shower and chill out! #goodday #happy"
5860,
5861,
5862,it's good to have unplanned chillouts with friends :) #happy
5863,
5864,
5865,I have a new fabulous spring coat that even the salesperson said I look fab! #happy #spring
5866,I'm done with Exams #Happy
5867,Woken up with the worst pain in my neck :( damnnn. BUT too excited about tonight to care!!! Eeeeek! #ballet #SwanLake #skite #drinks #happy
5868,I would just like to wish one of my good friends @soph_siachos a happy birthday ğŸ‚ #happy #birthday #18
5869,
5870,
5871,Exam results are pleasing! #happy
5872,Conditional to Edinburgh uni!! #sohappy
5873,@GreysABC is back! #loveit #sohappy
5874,Well the worst essay ever turned out to not be too bad! High 2:1 ğŸ˜Š #happy #stressover
5875,Had such a good day today! Weekend at home should be good as well! #happy
5876,
5877,That song always makes me happy #happy #clapalong
5878,
5879,"Retreat, rejoice and rediscover the simple pleasures of life at The Tamarind Hotel. #happiness #beach"
5880,"Client refuses to follow setup doc. Troubleshooting server without sudo access, without log access, without write access. #joy"
5881,"I have a new obsession... And its something reachable, well at least, cause theyre here in my country. :D #happy"
5882,Whoohoo for once I did the raping of an exam! I guess studying for 20 hours pays off! #sohappy
5883,I hope u're H-A-P-P-Y ğŸ˜ƒ #nowplaying #2NE1 #HAPPY #CRUSH
5884,
5885,#BelieveMovie  Me espere que to chegando... #Iguatemi #Happy #Happy
5886,
5887,is it really raining outside? #sohappy
5888,
5889,Lovely little Nando's date with Mel :) #Payday #HappyDays #Chicken #Treat
5890,"Even though we have school, its been an easy day. #happy #ThankGod"
5891,My mom just recorded Cardinal Baseball for me. It's back. #stlcards #sohappy
5892,Love to be at home!!!perfect place for me#happy
5893,I have been blessed to know people who live a simple life filled with joy and peace (not stuff) #fpu #joy #livelikenooneelse #content
5894,Excited for the #HarlemRenaissance workshop hosted by @humanitiestexas today!!  #happy #englishteacher #elachat #teachersmustbelearners
5895,I'm actually ridiculously happy right now :) Celebrations tonight! #happiness #workhardplayharder
5896,"Two maccies in two day, best perk of being home #happydays #freebigtasies"
5897,"Heading to the @NYR_Official #kingsroad #spa for some pampering and I can't wait! Detox and Glow is just what I need, whoop!! #happy"
5898,
5899,
5900,Salary credited!  #HappyTweet
5901,
5902,Niceee! My Provisional's arrived alreadyî„…î„… #happydays
5903,
5904,
5905,"My day was made today by a lady that tried to give me a tip because "" I made her day by being a polite young man and by smiling"" #happy"
5906,Ahhhh so happy I ignored twitter &amp; didn't let anyone ruin greys for me #SoHappy #LoveLoveLove
5907,"When you learn to keep ur peace, now that is a happy moment. #happiness"
5908,sometimes you have to wait longer for the best things to fall in place #happy #excited
5909,
5910,Just found out I won't be in the field this weekend #sohappy
5911,I'm in my hometown!!!!! #Happy
5912,Speak #Happiness
5913,
5914,Way to go Tomas! Onwards to the Final! ğŸ¾ğŸ˜ğŸ¥ğŸ˜ğŸ¥ğŸ˜ğŸ¥ğŸ˜ğŸ¾ #Dubai #Berdych #happy
5915,
5916,"So glad to have some of the people in my life that I do, always there for me. :) #Happy"
5917,Sous la neige !! #happy
5918,
5919,Oh man they will be together forever #SoHappy
5920,I'm in such an amazing mood today! Sun is shining â˜€ life couldn't be better for me right now #happy #staypositive #smiles
5921,When you find your headphones that have been lost for like two weeks feels so amazing! #happy
5922,The weekend is here #happy
5923,Working away almost done :) roll pn mext weekend #sameagain #joy #work
5924,"had the most fantastic week! securing placements, getting great results and I'm being treated to a meal out from @JordanGelder  #happydays"
5925,I got a B+ on my American Revolution #essay #exam ! I am so #happy
5926,Finished for the day #happy
5927,Finally it's friday ãƒ„ â™¥ #happy
5928,I have a feeling this is gonna be a good day:) #positivity #happiness
5929,Carnaval 2014 is begonnen. Yeeaaay. #happy #carnaval
5930,Courses gratuites #happy
5931,It's kinda official! I'm going on holiday in april! Yeah!!!!! #happy #springbreak #april
5932,
5933,the excitement for this rainy storm is unreal right now â˜”ï¸âš¡ï¸ğŸ’¦ #sohappy
5934,"Thank God for this week. So busy at work, a lot of analysis, info overload, etc.  I'm not sure why, but I feel happy this week. #Happy"
5935,
5936,We all live in a yellow submarine #thebeatles #happiness
5937,"Happy days it's only bloody Friday , which means a few shandies on the menu #happydays#theweekend"
5938,
5939,"Half hour of sleep , shower and off to get a tattoo fer the day #joyful"
5940,when you find out your buddy isnt going to jail :') #sohappy #seeyousoon
5941,#EndlessLove &amp;&amp; #Happiness #RedNeckCrazy
5942,
5943,
5944,Happy? Keep doing what you're doing. Unhappy? Try to change something - Unknown #Happiness
5945,Finish my book a few weeks ago. Its an 80000wrds ms. Its a considerable success. #opitimistic #happy #persistence #grateful #toGodbetheglor
5946,"YES, BEST DAY EVER. GODSHALL IS THE FCKING BOMB ğŸ˜„ğŸ˜„ğŸ˜„ #sohappy"
5947,There are always a million reasons to be #Happy
5948,
5949,"I was sad because my holidays with auntie are over, but we're going by car and we're listening #CanWeDance in radio by @TheVampsband #Happy"
5950,
5951,4 out of 4 done #happy #days
5952,Almost 2000 followers.  Thanks!  X #loyalty #happy #tweettweet
5953,Off the back of a tweet from someone I know I bought a domain. It's the shortest I've ever bought. Five characters including the tld. #happy
5954,Seems like everyone is having a bad day #happy
5955,
5956,"I can't wipe this cheesy smile off of my face, and I don't want to! 
ğŸ˜ğŸ˜€ğŸ˜ŠğŸ˜ŒğŸ˜„ğŸ˜ğŸ˜ğŸ˜‡ #happy"
5957,Vacances !!!!! :D #enfin #happy
5958,My mommy comes tonight #sohappy
5959,
5960,
5961,
5962,
5963,Itâ€™s sunny and not insanely windy! That means hike with @laura_eurich! #happiness
5964,Buzzing just saved my self 50quid didn't buy a train ticket and didn't get checked #happydays
5965,
5966,"Its not about the money tho, its about #Living and being #Happy"
5967,Still smiling from how good #st.vincent was last night. #sohappy #houseofblues #concerthigh
5968,Happy Friday! #finallyfriday #happy #smileitsfriday #weekendisnear
5969,Lovely going away braai at work for a colleague leaving for greener pastures. But I'm home now (jippy) let the TV watching begin! #happy
5970,"Yay prolly gonna get a condo in Manila in Cubao on the twenty third fucking floor
AND IT'S GOT A SWIMMING POOL #happy"
5971,
5972,I get to see my dog today!! ğŸ˜ #happiness
5973,This week has flown by ğŸ˜€ #happydays #TGIF
5974,Ive no school these next 4 days #happiness
5975,Most people are excited for spring break because of trips or relaxation; I'm excited for spring break because the library will be empty #joy
5976,Creamfields tickets purchased and Tenerife tomorrow night ğŸ˜Œ #happy
5977,Make it a great day #happy #friday
5978,Busy Friday sending out log book quotes to new customers #superyachts #fridayfeeling it's been a busy week for enquiries! #happydays
5979,So glad all my meetings are over and done with can now have a weekend of doing nothing!! #happydays
5980,It may be cold out #canada #winter but at lease the sun is out #sun #happy
5981,#carnavales #peques #happy #family
5982,All coursework is upto date #happydays
5983,I just feel great today it's good to be in this type of mood #Happy
5984,Simply overjoyed that I've been sent home an hour and a half early on a FRIDAY!!!!! #Joyous #EveryHourCounts
5985,Love spending the night with you! #happy
5986,"Getting college emails for hockey. &gt;&gt;&gt;&gt;&gt;&gt;&gt;&gt;&gt;  
My shitty month is finally turning around. #Happy"
5987,"Not one, but two VDOT dump trucks full of gravel on Lees Gap. #happiness"
5988,
5989,"Game on tomorrow! Devils v Dalkey Utd, #phoenixpark, KO 2pm. #happydays"
5990,
5991,"Barista at @Starbucks called me 'sweetheart' and 'my love'. You know what, I'm fine with it...and now we're engaged. So #happy"
5992,Getting my braces off!! ğŸ˜ğŸ‘ #happy#exited
5993,
5994,
5995,
5996,"It is finally raining in California, you bet im happy.  #Happy #HappyFriday"
5997,
5998,Ryan and I just killed our history presentation #sohappy
5999,My happiness is not the means to any end. It is the end. It is its own goal. It is its own purpose. #family #loved #grateful #happiness
6000,
