10002,I graduate in 2 months. Don't mind me... I'm just going to go hyperventilate in the corner. #notadult #nervous #realworld #collegegirls
10003,Omg I can't stand for more then ten mins without gettin this crippling pain #worried
10004,First full body massage... #scared
10005,
10006,
10007,please don't leave me... i need you #scared #to #lose #you
10008,
10009,
10010,Hoping my teacher don't rip me to pieces at PTA tonight even tho they have no reason to #school #teachers #worried
10011,Usually The Most Dressed Up Guy In The Room Is The One The Most In Trouble #nervous #fatigued #upset #distraught
10012,
10013,People were talking about who there bringing debs and they all seem to have back ups Dx ive no one! someone be my back up :/ #Worried
10014,"Grown man at stop and shop wearing a camouflage onesie, well it's deffinatly not hiding his age... #scared"
10015,I hope they don't give me shots. #worried #dentist
10016,"The dentist should have a bar for the anxiety, braces bound #fear"
10017,
10018,
10019,
10020,Can't focus on anything... #worried
10021,
10022,Nobody understands how scared I am right now.. #Nervous
10023,I think my friend is trying to kill herself. Idk what to do. Idk what's going on #worried
10024,
10025,
10026,The big mirror just fell off my wall and nearly hit my mummy #scared #ghostisthatyou
10027,Waiting on doctor to call me back.. #nervous
10028,
10029,"Whenever there is fear, you will get wrong figures. ~ W. Edwards Deming #fear"
10030,Results ThursdayğŸ˜­ #scared
10031,Is it acceptable to pull a sickie tomorrow? #nervous
10032,
10033,
10034,Just went on my linkedin and the hiring managers of grad jobs that I've been applying for have been looking at my profile ğŸ˜³ #scared
10035,Opening tomorrow night. It's the point of no return! Wish me luck. #PostIt @CTChartrons #nervous
10036,Paying off my car loan.... #excited #scared #howlongtillIcangetanewcar
10037,
10038,Well picked a day to quit smoking!! Gotta mentally prepare myself! #canwaittoberidofcigarettes #healthyliving #nervous
10039,
10040,
10041,This is it...I'm shaking! #nervous
10042,
10043,So a toy just started talking in the scariest voice ever and nothing provoked it ğŸ˜… #helpme #scared
10044,A sound that sends a shiver down my spine - an odd knocking from the washing machine that can only mean expense! #worried
10045,"1,2,3,4,fires in your eyesAnd the chaos is defice your immagination5,6,7,nilus, nine lightsYou're arrived to panic station! #MUSE #Panic"
10046,Waiting for the #isles to make a good  trade to move vanek and amac is killing me #NHLTradeDeadline #worried
10047,This paper is either gonna make or break my day #worried
10048,Tomorrow is the day.!! ğŸ™ˆğŸ’†ğŸ’‡ğŸ’‡ğŸ’‡ğŸ’ #anxious
10049,Did you know it's only 99 days to the world's most watched event... The #FIFA #WorldCup Can't wait!!! #sportsfacts #anxious #futbol #soccer
10050,Looks like i'll being trying out #nervous
10051,
10052,I hate the smell at the dentist!! #Nervous
10053,Looking forward to tonight's #crossfit workout. Will post results when completed. #nervous
10054,Let the McGill decisions begin #nervous #universitylife
10055,So the other half hasn't bothered to contact me all day... Unusual... :/ #worried
10056,Yay maybe some answers finally .. Please please please #nervous
10057,
10058,
10059,
10060,
10061,Last showcase as a Lionette ğŸ‘¯ #nervous
10062,
10063,"Wait, why would your penis be stuck in the gutter?! #Horrified"
10064,I have a basketball match tomorrow and I'm sooo excited but scared. My whole school will be there...... #nervous #basketball
10065,
10066,
10067,Start training at Chipotle at five. #nervous
10068,I don't like undercover cops. #scared
10069,
10070,My first JTBA tournament this weekend I am so scared I am going to bowl bad and it not going to be worth the 3 hour drive #scared
10071,
10072,It's pretty sad that I'm guna start sleeping with a knife. ğŸ˜– #scared
10073,I take it back... @DemPaff97 is a weirdo. #scared
10074,
10075,
10076,Can I just get the test results back yet???? #tumor #scared #praying
10077,
10078,
10079,
10080,@Gourlay_98 poor orphaned spider #scared
10081,Back in the studio filming today. Other things like Thursdays audition on my mind. #nervous
10082,off to irvine .-. #scared
10083,Trying to get the courage to ask him straight up whats happened to us... #scared #beinghurt
10084,Getting sick at school is one thing. Passing out/ fainting at school is another story:( #scared #sick #headhurts #ugh
10085,
10086,
10087,Here goes nothing. #ahhhhh #nervous
10088,
10089,About 6 more weeks to go #Nervous
10090,First swim meet. ğŸŠğŸ˜¬ğŸ˜³ #excited #nervous
10091,
10092,Interview tomorrow at Chichester university #scared
10093,Can not wait for the @zumba Â® step training this weekend in Chicago! I will be learning from the epic @ericaglia ! #excited #anxious
10094,Back at the eye doctor... #scared
10095,Going to a job interview is always so stressing for me ğŸ˜­ğŸ˜­ #nervous
10096,
10097,Gonna be a long practice #mindfull #imsorry #scared
10098,Your response to that question determines this all..ğŸ™ˆğŸ˜®ğŸ˜°ğŸ˜³â˜ºï¸ğŸ˜³ #anxious
10099,Excited to see my engagement announcement on @silivedotcom. #nervous  #excited #7weeksaway #comingtothewire
10100,
10101,Sitting here trying to be productive waiting on this email... #nervous
10102,Feel like some things changing in me and don't wanna lose Shania #scared #dontknowwhattodo
10103,ISSTs in one day #rugby #nervous
10104,
10105,Two Nurishments today #scared #gutgone #GameOver
10106,Hoping this eye doctor is gay since he is sitting spread eagle in front of me #scared
10107,Peter Capaldi can play a bad guy really well but will he be able to fill Matt Smith's shoes as the Doctor #worried
10108,
10109,
10110,
10111,
10112,How do I tell my bestfriend that I like him? :( #confuzzled #help #scared
10113,Ahhh so ready to marry my best friend! ğŸ˜#anxious
10114,
10115,
10116,
10117,
10118,
10119,While @mariah_moyer10 &amp; I were sitting on the floor a rat came out of no where &amp; scared the crap out of us.  #scared#rn
10120,
10121,
10122,
10123,
10124,
10125,
10126,
10127,
10128,
10129,
10130,
10131,
10132,
10133,
10134,
10135,
10136,
10137,
10138,
10139,
10140,
10141,
10142,
10143,
10144,
10145,
10146,
10147,
10148,
10149,
10150,
10151,
10152,
10153,
10154,
10155,
10156,
10157,
10158,
10159,
10160,
10161,
10162,
10163,
10164,
10165,
10166,
10167,
10168,
10169,
10170,
10171,
10172,
10173,
10174,
10175,
10176,
10177,
10178,
10179,
10180,
10181,
10182,
10183,
10184,
10185,
10186,
10187,
10188,
10189,
10190,
10191,
10192,
10193,
10194,
10195,
10196,
10197,
10198,
10199,
10200,
10201,
10202,
10203,
10204,
10205,
10206,
10207,
10208,
10209,
10210,
10211,
10212,
10213,
10214,
10215,
10216,
10217,
10218,
10219,
10220,
10221,
10222,
10223,
10224,
10225,
10226,
10227,
10228,
10229,
10230,
10231,
10232,
10233,
10234,
10235,
10236,
10237,
10238,
10239,
10240,
10241,
10242,
10243,
10244,
10245,
10246,
10247,
10248,
10249,
10250,
10251,
10252,
10253,
10254,
10255,
10256,
10257,
10258,
10259,
10260,
10261,
10262,
10263,
10264,
10265,
10266,
10267,
10268,
10269,
10270,
10271,
10272,
10273,
10274,
10275,
10276,
10277,
10278,
10279,
10280,
10281,
10282,
10283,
10284,
10285,
10286,
10287,
10288,
10289,
10290,
10291,
10292,
10293,
10294,
10295,
10296,
10297,
10298,
10299,
10300,
10301,
10302,
10303,
10304,
10305,
10306,
10307,
10308,
10309,
10310,
10311,
10312,
10313,
10314,
10315,
10316,
10317,
10318,
10319,
10320,
10321,
10322,
10323,
10324,
10325,
10326,
10327,
10328,
10329,
10330,
10331,
10332,
10333,
10334,
10335,
10336,
10337,
10338,
10339,
10340,
10341,
10342,
10343,
10344,
10345,
10346,
10347,
10348,
10349,
10350,
10351,
10352,
10353,
10354,
10355,
10356,
10357,
10358,
10359,
10360,
10361,
10362,
10363,
10364,
10365,
10366,
10367,
10368,
10369,
10370,
10371,
10372,
10373,
10374,
10375,
10376,
10377,
10378,
10379,
10380,
10381,
10382,
10383,
10384,
10385,
10386,
10387,
10388,
10389,
10390,
10391,
10392,
10393,
10394,
10395,
10396,
10397,
10398,
10399,
10400,
10401,
10402,
10403,
10404,
10405,
10406,
10407,
10408,
10409,
10410,
10411,
10412,
10413,
10414,
10415,
10416,
10417,
10418,
10419,
10420,
10421,
10422,
10423,
10424,
10425,
10426,
10427,
10428,
10429,
10430,
10431,
10432,
10433,
10434,
10435,
10436,
10437,
10438,
10439,
10440,
10441,
10442,
10443,
10444,
10445,
10446,
10447,
10448,
10449,
10450,
10451,
10452,
10453,health test tomorrow #nervous #stressed #instagood
10454,Getting my nose pierced! #nervous
10455,
10456,Just bought my tickets to New York!!! See you March 21st-24th!!!! #Excited and #Nervous
10457,the total amount i just spent at the store was $6.66 #scared #hailsatan
10458,But wait.. Danny just sent me a snapchat of a guy peeing but it was red ğŸ˜³ #nervous
10459,
10460,
10461,Have to get a lot of blood tests tomorrow ğŸ˜© #scared
10462,
10463,Hurry up preston. #worried
10464,
10465,
10466,
10467,So I guess I'm going deer hunting with @TimSchleich55 in September #scared
10468,In 0-100 I went from an innocent day @ work to being in a fashion show! Isis King at corwin pavilion tonight at 7! Now me too lol #nervous
10469,some friendships are really weird and not in a good wayğŸ˜… #worried
10470,
10471,The last two episodes on season 6 of Grey's Anatomy are the best yet #nervous
10472,
10473,"Well, here goes nothing!! ğŸ˜ #nervous #nogoingback"
10474,
10475,
10476,@JosephMorgan can't wait! #nervous
10477,I think my body has forgotten what a good nights sleep is #stress #worry #upset
10478,Hairs getting cut and colored ThursdayğŸ˜ #itsofficial #imgonnadoit #scared
10479,the fact I haven't heard from jordan scares me #worried
10480,I've signed up for #ToughMudder #nervous
10481,Wtf is goin on with me!!? #scared
10482,
10483,"All fun and games when u dump ice cold water on your bf in the shower... Until he says ""I'll get you back"" #scared"
10484,
10485,Whenever I donate blood I get more and more nervous every time I donate #scared
10486,Disregard that last tweet #roadrage #scared
10487,@rachpistorius headed into the unknown. If you don't hear from me in ten call 911 #scared
10488,And I'm Home Alone #Scared
10489,Ready to be at UNC !!! #Anxious
10490,
10491,Just saw she who shall not be named aka lucifer aka the jewish sharkeisha at the gym #scared
10492,I think I'm just avoiding sleep at the moment #scared
10493,
10494,
10495,
10496,"@robinhoodapp How do I apply to your company? Also, when will I be able to use the product, I've been about 100 for two months now #Anxious"
10497,Feeling like I did something wrong... #worried #confused
10498,
10499,can't wait for company auditions! #nervous #excited
10500,
10501,That dream could not have felt more real #scared
10502,18 days til test! #PoliceTest #Excited #Nervous #DreamJob
10503,"@justinbieber is there any way I can take some stress off of you? :'( 
#worried #scaredtoloseyou"
10504,3 more days till my play production #nervous
10505,
10506,Well..it looks like I'm meeting with a Marines recruiter tomorrow!!! #nervous #excited
10507,"#Flyers logic dictates that one of Tomas Vanek, Evander Kane or Ryan Kesler will be on this team by 3pm tomorrow. #Scared"
10508,
10509,
10510,37 days to PAX East and I have noooo idea which cosplay to wear #panic
10511,
10512,
10513,Finished packing #scared #excited
10514,
10515,ahh i just saw a spider #Scared
10516,THROAT CLOSING why can't I find @Tostitos blue corn tortilla chips anymore?! #panic #sos
10517,Just tried to kill a spider in my room and missed.. Now idk where it is. How am I supposed to study under these conditions?! #scared #crying
10518,"Oh Lord, why is Blair Underwood trending?  Is he ok?  What's going on??? #Worried"
10519,About to watch captain phillips ğŸ˜¨ğŸ˜°#scared #terrified
10520,
10521,
10522,Waiting on the game to come on ğŸ˜ a whole hr #anxious
10523,Soundset line up tomorrow!!!!!!! ğŸ˜ğŸ˜ğŸ˜ #Anxious
10524,My grandmother just walked in the door told me Taco Bell is her friend+she loves chalupas &amp; then went into her room with her bag. #horrified
10525,
10526,Getting my hair fixed right now... #nervous
10527,
10528,
10529,Playing Bioshock in the dark to get the full effect #scared
10530,I hope this works... #thesisit #proposalpresentation #panic #waah
10531,
10532,*aggressively checks mailbox for Barnes &amp; Noble package* #Panic #notyet #sobs
10533,
10534,
10535,94 on my mod 7 exam :) but now skills tomorrow.. #ugh #nervous
10536,Why am I watching a scary movie alone right now? I'm never going to sleep #scared #bundy #nosleep
10537,"#ThatAwkwardMoment when you yell ""mom"" and a random lady turns around #scared"
10538,
10539,OMG! There are crazy people out tonight to get home #scared
10540,6 MINUTES! freaking out #livetweetingmyinterview #ohmygosh #geekingout #nervous #soexcited
10541,Track Meet Tommorow. #Nervous
10542,""" Injured Martin Buser 'worried sick' about less-experienced Iditarod teams on rough, snowless trail"". @jessedeantwel rookies be #worried"
10543,
10544,
10545,
10546,3 days leefftt! #countingdown #anxious #finaltouchesleft #fll #fllsaudi
10547,WOW!!! Pekka is on it...  #Worried
10548,All this college stuff kinda hit me how close it actually is #nervous #excited
10549,About to finally watch @NBCTheBlackIist from Monday. This is gonna be intense! #nervous
10550,Friday needs to get here #anxious
10551,
10552,Its starting to sink in that I get to see @MattWebbMT @FakeShark and @JessicaLMusic tomorrow. #Excited #Nervous
10553,HOSA state competition a week from tomorrow... Oh my. #nervous
10554,The thought of my PPM Assignment Grade is making me anxious.. just want my grade now!! #Nervous #WantToDoWell
10555,
10556,
10557,
10558,Not the doctors visit I was hoping forğŸ˜£ #scared
10559,
10560,What's the point of commercials? ğŸ˜¡ #anxious
10561,
10562,
10563,Probably the most meaningful piece I've created. #nervous
10564,I hope I wake up to good news in the morning ğŸ˜… #nervous
10565,
10566,Michigan's lead is down to 20 #nervous
10567,
10568,Bought my hair color ğŸ˜ğŸ˜† #nervous
10569,Being alone the next 3 nights is not going to be fun.. #scared #dontlikethis
10570,"In two more weeks, my life will never be the same.  Oh boyyyy #nervous #excited #unreal"
10571,
10572,"But why did my grandma come in my room, sit on my bed with me, and watch tv.... #scared"
10573,
10574,#worried #sorry #dontknowwhattodo #needhelp #ignoringisntcool #stillworried
10575,#GLEEonFOX I did not need to see darren in the female cheerios uniform.....just saying #Scared
10576,Either way imma have my princess looking like a princess! #anxious
10577,I really HOPE I get the job! ğŸ˜© #nervous
10578,I just keep scrolling through center court to see if olean wins #nervous #huskies
10579,One week until surgery... Starting to freak out #nervous
10580,Graduation is too soon! I don't want to be an adult yet!!! #panic
10581,Forgot where my car was...hopefully I didn't get a ticket... #scared
10582,Watching Mama . Im scared . #mama #scared
10583,
10584,"The thirst is real! 
#scared"
10585,"Special kinda stream tomorrow, you all get to laugh at me poop myself playing a scary game on my own in the dark! yaaaay..... #scared"
10586,
10587,Can't wait for my race on Thursday ğŸ˜ #nervous #excited
10588,I have a huge feeling #thevoice is going going to put #audramclaughlin last on the show #anxious
10589,Waiting patiently on the new season of The Game to come on #Anxious
10590,Gonna Go Get A Haircut #Scared
10591,Like stop âœ‹ #scared
10592,Father yells his lungs out = mini heart attack #scared #ears #stressed #braindead #headache
10593,
10594,"I'm not locking my doors for ""intruders"" I'm locking them so the cops don't pull that shit again #scared"
10595,
10596,Stalling in the middle of the road #nervous #350z #newcar
10597,Aria and Ezra? #nervous
10598,I've never been in such a sketchy place with such sketchy people #scared
10599,i HATE waiting for a cast list ğŸ˜… #nervous
10600,I've narrowed down my persuasive speech topic between two topics! #nervous #basiccommFROGS
10601,
10602,
10603,I'm ready for the season premiere of the game at 9!!!!!!!!! #Anxious #TheGame #ItsBack
10604,think there's a fly in my room #scared
10605,Blood work scheduled ğŸ˜«ğŸ˜« #scared
10606,
10607,Really shitting bricks for this WorkKeys test tomorrow. #nervous
10608,
10609,Some of the tennis girls are scary o.o #nervous
10610,
10611,
10612,How she fi wah trim mi #worried
10613,
10614,
10615,"Out of the 100 drugs I know a good 75 of them..but my god there is still 25 I don't know. Freakin out, final exam is tomorrow! #Nervous"
10616,
10617,Haven't heard from my baby all day...#scared
10618,
10619,As fishing season gets closer and closerğŸ˜ğŸŸ #anxious
10620,
10621,The icicles at school are the size of the one that stabbed yang in the stomach on Greys! Ahhh #scared #dontstabme
10622,Only one thing is going through my mind right now and it ain't the basketball game. #worried
10623,"There is a time to take counsel of your fears, and there is a time to never listen to any fear. George S. Patton#Fear#Time#listen"
10624,First track practice tomorrow! #Nervous
10625,
10626,
10627,It was a great day today...I'm just a bit nervous for Monday!!! It's only Tuesday though!!! ğŸ˜§ğŸ“… #greatdayeveryday #nervous #monday
10628,
10629,Ooooh...MacT gonna have a news conference on TSN. #HoldMe #Scared #Oilers
10630,#ANXIOUS #CUSE #AHHHHHHHHHHHHH
10631,
10632,Highschool tryouts. #nervous #noputdowns
10633,
10634,If somebody has Hulu Plus and wants to share I would be eternally grateful... I missed the Women Tell All episode last night ğŸ˜² #panic
10635,Just watched a little boy lick the door of the #1train for three straight stopsâ€¦ might be sick #horrified #germs #nycsubway
10636,Night before ofsaa... #anxious
10637,
10638,Lets just skip ahead to Thursday now. #anxious
10639,Can't stop thinking about court tomorrow. #Nervous
10640,Gonna die having to wait till next Tuesday to watch the next PLL.... #anxious
10641,Hate driving by myself at night ğŸ˜° #scared
10642,
10643,What kind of promo did I watch..? ğŸ˜³ #scared #scaredforspencer #pll
10644,
10645,omg why the fuck was mrs delarentis in Spenser's room on pretty little liars #scared #wtf
10646,
10647,
10648,"So far behind thanking our new followers, but will thank each one of you soon! A new member of BUCKED is set to be born on Thursday! #panic"
10649,My job interview is tomorrow. ğŸ˜³ #Nervous
10650,
10651,"""How has my greatest fear, become my own mind?"" - #deeptweet #anxious"
10652,Can't wait too see what happens tomorrow or even tonight with the Trade Deadline. #TSN #NHLTradedeadline #Canucks #Excited #Nervous
10653,I'd like to scream in a certain person's face &amp; push him down a flight of stairs...but I'm not like that. Can't say his name either. #scared
10654,Not sleeping tonight in fear of Mama D sneaking up on me like in that last scene!ğŸ™ˆ #scared
10655,"Kinda nervous about my appointment next Thursday, but I'm just praying it will all be okay! #praying #nervous"
10656,Gave him my number I've been trying to get the nerve to do It all day lol #nervous
10657,
10658,Going to my first dive practice since December ğŸ˜± #nervous
10659,I just screamed like a little baby when I saw Mrs. D in Spenders room. #Scared
10660,
10661,Shop reconstruction begins tomorrow!!!! #anxious
10662,
10663,
10664,That last scene if PLL in Spencer's room definitely made me jump off the couch #scared #mrsD
10665,Packing for a baby's 1st plane trip feels equivalent to rocket science. Leaving at 4 am for 8 am flight. Yup. :) #rookieparents #nervous
10666,ugh i dont want to go to the doctors tomorrow :((( #nervous
10667,interviewing for my first post grad job tomorrow! eeeepâ€¦ #nervous #studenttoemployee #freakingout
10668,
10669,
10670,
10671,Speaking in front of NYS legislators on Fridayâ€¦ #nervous
10672,
10673,"... but that didn't stop half the media outlets on earth from saying ""OMG! OMG!"" 
#fear #ratings #eyeballs #investorsentiments #etc"
10674,
10675,As long and he is still texting me I know he is ok. #worried #worstfeeling #youaremybestfriend #icouldntlivewithoutyou
10676,Would someone please stop this roller coaster I have been on lately?  I want to get off!  #worried
10677,
10678,
10679,
10680,Just one of them nights #worried
10681,Spitting out blood is kind of scary #nervous #whatsgoingon
10682,
10683,Glad that Ali had her moment to put this all behind her but that was SO intense. #scared #butgoodscared #Degrassi
10684,
10685,FBLA Competition Thursday! ğŸ™Š #ithinkimready #nervous #firsttimecompetitng
10686,
10687,"Watching Supernatural in the utter darkness of my room ""Thinman is that you?"" #THINMAN #scared #Supernatural"
10688,
10689,Last Friday I spoke with someone about doing some promoting. They asked me to send them an email I did and I havent heard from them #Nervous
10690,About to do this cover letter and get my clothes set up for my visit. #nervous
10691,@tylerblied just pulled some Swiss chocolate in a dish type shit at the subway #panic #needyouback
10692,BRB gonna go tryout to be on mortonppl2 #nervous #wishmeluck
10693,Tattoo Tomorrow !!!! :D &lt;3 #OMG #Cant #Wait #Excited #Nervous
10694,I swear people getting married after 1 year of dating like thats the new trend. Yall could atleast do a minimum of 2 lol. #Anxious
10695,@dancemom1313 I love how foolish your face look when Kalani's mom mentions Maddie going against Kalani. #scared #DanceMoms
10696,...and the waiting game begins! #anxious
10697,
10698,
10699,
10700,Don't be afraid. Just believe. Mark 5:36 #believe #afraid
10701,
10702,Okay the lady next to me...this MUST be the first time she's been to @rodeohouston. #scared #bullriding
10703,Okay.. Now I'm freaking out about this weekend.. #solo #improve #nervous
10704,
10705,The thought of drowning is scary. #Fear
10706,
10707,
10708,"We will be going up against University of Toronto School tomorrow, the best team in the city. LOOOL. #NERVOUS"
10709,
10710,Emma and I stay trying to figure out who all the bigs are #ANXIOUS
10711,There are 8 weeks until graduation. #panic #simmcommsm
10712,
10713,i'll never forget the day i saw @robinwilliams naked in the middle of AP English 4. #FisherKing #scared
10714,The media refuses to just say UK sux...lol. #scared
10715,#CommonMisconceptions  #Hype #Fear #paranoia
10716,I've got five months to find the perfect tattoo... #scared
10717,Is it 10:00 yet? I'm ready to see #TheGame on @BET #anxious
10718,This wait is gonna kill me #nervous #as #hell
10719,Day 1 of the Paleo Diet starts tomorrow #nervous
10720,Tomorrow is day 1 of my mom's attempt to quit smoking. Batten down the hatches. WWIII is upon us. #scared
10721,
10722,My double chin is getting worse. FUCK. #scared
10723,"Now i might be comfortable again with u, but i will have to face reality when the day comes. #scared"
10724,
10725,Start my job tomorrow #excited #nervous
10726,i did a great job on my mini-interview show yesterday in TV II. i have to direct a show tomorrow! #nervous
10727,I got super excited with @KellyGossen told me she had a surprise for me but now I've had time to worry about what the surprise is. #nervous
10728,
10729,
10730,Freaking out!!! #TheatreKidProblems #openingnightsoon #scared
10731,"I wish they offered the public speaking course online, you know, without any actual public speaking #ifonly #nervous"
10732,
10733,So much pressure!! #nervous
10734,Baseball tomorrowğŸ˜ #nervous
10735,"@CarMax interview with your Indianapolis location tomorrow at 0900, excited to see what your company is all about. #nervous #interview"
10736,
10737,
10738,This mamabear needs a Wild goal!!! Tied 1-1 after two. #nervous
10739,
10740,That feeling when you find a piece of software and consider buying it to be stopped by a â€˜request price quoteâ€™ btn. #outdated #noway #fear
10741,
10742,How am I supposed to sleep tonight?ğŸ˜§ #nervous
10743,Its official April 2 I take my state boards pray for me #Nervous #Excited #FutureLVN
10744,
10745,"When @paticakes6 leaves me and @marie_claire6 isn't here at the empo, alone ğŸ˜³ #cold #scared #haallppp"
10746,
10747,Welp. That was the end of my junior year cheer season. Crazy.. I'll be a senior next year. #notready #timeflies #scared #butready
10748,
10749,
10750,Wouldn't it be awesome if our lives were shaped by our passions instead of our fears? #passion #fear #truth
10751,@biblefactsdaily just followed me. Is this a sign I need the Lord in my life? #scared #youwillnevertakemealive
10752,I can't wait to see what my new tack set looks likeee. #anxious #blingblingbling #barrelracerprobs
10753,It's so dificult to breathe :((  #worried
10754,
10755,
10756,"When you're faced with two choices, which are both bad..... But you have to pick one. #gladihaveyou #badsituation #scared"
10757,5 am is going to come VERY early. Ready to get my golf on though!! #nervous #excited #golf #lady #devil
10758,Note to self: don't watch Law &amp; Order SVU before bed. #notsleeping #panic
10759,That awkward moment when you jump on someone thinking it's your friend then realize it's not after the leap... #horrified
10760,Auditioning for spring musical tomorrow ğŸ˜© #nervous
10761,
10762,"Not getting a text in 40 mins then getting a black screen Snapchat is not very reassuring. Um, are you alive...? #Worried"
10763,
10764,
10765,
10766,The things I really and see on my cousins instagram makes me womder if I failed at being a good influence on her. #worried
10767,Walking home from work #scared
10768,Furniture shopping made me sleepy. Thank you @raymourflanigan in #Manchester! Can't wait to have it delivered! #anxious #excited
10769,
10770,
10771,I think I'm going to put my trust in you all and put on song request tomorrow....#Nervous #NoTrollSongs
10772,RIP Stats internal #finallyfinished #nervous
10773,Knowing I have to go to the dentist TERRIFIES MEğŸ˜«ğŸ˜¢ğŸ˜­ #scared
10774,Went to my Dem precinct caucus to show my 6yo about democracy. Somehow ended up leaving as an elected delegate to the county assembly #PANIC
10775,
10776,They petty for ending like that.. #HavesAndHaveNots #TillNxtTuesday #Ugh #Anxious
10777,
10778,When does BGC Chicago premier...? #Anxious
10779,If floppy has another seizure I am gonna cry #worried
10780,
10781,
10782,My phone keeps freezing a little bit when I click a samsung galaxy s5 review.. It knows I'm cheating on it #scared
10783,
10784,Book talk tomorrow ğŸ˜ğŸ™ˆ #nervous
10785,"Cops need to stop abusing their sirens just to get through traffic, thought i was getting pulled over... #scared #heartattack"
10786,
10787,
10788,
10789,I was not made for the dating scene/budding romance. #anxious #direct #blunt #restless #outofmyelement
10790,
10791,Wonder what my life is gonna be like #worried
10792,
10793,I wish I was 18 right now just so I can have my tattoo already #anxious
10794,A lil piece of news can change ur whole perspective. #reevaluation #scared #thiswillshowmewhocares #sofaritsnothim #doctorstomorrow
10795,
10796,"The more I lay in my bed, the more I think of getting this implant in my arm. ğŸ˜­ #anxious #anxiety"
10797,
10798,"@HavesAndHaveNot
I'm so psycho right now over this show!!!!!!!   
#anxious"
10799,
10800,I'm going to have nightmares now. #scared
10801,
10802,
10803,"Ms. Patterson left me a voicemail on my phone saying she needs to talk to me about something I had said today. 
No idea whatğŸ˜³ #scared"
10804,You know your gettin old when the dentist tells you they have to remove your wisdom teeth D; ! #Scared #wtf #HappeningSoon
10805,"Your so beautiful, I can't even say hi #nervous"
10806,its a shame that i have class/test on the NHL trade deadline. #anxious
10807,Ugh sweaty palms.  #anxious
10808,HELP my Netflix is frozen and I don't know what to do #panic
10809,Just did one of the scariest things I've ever had to do ... Kill a spider ... All by myself #scared #hatespiders #help #wheressuperman
10810,
10811,Officer tryouts are right around the corner. #Nervous
10812,So yeah uhm my printer just randomly printed off one of those test pages while I was in the shower #sendhelp #scared
10813,
10814,
10815,Thanks to @zachevans05 @Noah_Heinzke18  I won't be sleeping at all tonight! #scared
10816,So... my mom is suggesting I go to the AA meetings every Wednesday/Sunday.  #um  #scared #dontknowboutthis
10817,@amsiee is making weird noises #scared
10818,I am so ready to get tomorrow over withğŸ˜©ğŸ˜ #nervous #tracktryouts
10819,It's time ğŸ˜ğŸ˜ğŸ˜ #NERVOUS
10820,Doctors tomorrow. #scared
10821,
10822,1 week 6 days! #nervous
10823,"I want to talk to you, but I don't want to look like a fool. #scared"
10824,Love the nights when I just cry myself to sleep #wishhewouldtalktome #scared #dontwannalosehim
10825,
10826,
10827,
10828,Have to be at the hospital at 7am tomorrow for my scan  boo too early!! :( #nervous
10829,Have to sleep with the strap tonight #scared #hoodshit #NationalPancakeDay
10830,Getting surgery ğŸ˜” #scared
10831,"Am the one to be blamed for this... 
#scared"
10832,Shower got me right cant dwell on that L time to move on it hurt but its life we live and learn time to prepare for my next move #scared
10833,"Long awaited appointments tomorrow, fingers crossed for some good news! #nervous #fearofdoctors"
10834,Have to remember not to watch Supernatural alone at night anymore #scared
10835,
10836,Ah yes BPA State starts tomorrow . #Anxious
10837,"I have a feeling ill be in this boot for both proms.. I sure hope not.. supposed to get it off the day before, that better happen. #nervous"
10838,when you hear something abnormal outside &amp; it feels like someone is watching you from the outside &amp; @MattLemmerman can't Save you #scared
10839,"As March 18 gets closer, my stress level rises immensely.
#Worrying"
10840,Realising how much stuff you actually need to be doing because you have so much going on in the next few days #panic
10841,
10842,
10843,Second guessing that text I sent. But guess it's too late. #nervous
10844,"Only two more days and it's Friday ğŸ˜Š
#cantwait #nervous"
10845,I am so overwhelmed realizing that tomorrow decides where I will go for the rest of my life. ğŸ˜° #Excited #Nervous #CompleteMess
10846,Wtf is pretty little liars turning into ?!?! #wtf #crazyshit #scared
10847,Already know I won't be able to stomach my Twitter feed right now. #panic #fireQ #tradekaneforagoon
10848,
10849,
10850,"....He best be good at hiding things...... 

#nervous"
10851,I know i turned my application in like 3 hours a go but REALLY HURRY UP #anxious
10852,When Lukas would stop for gas or something during his races me and Andrea would get out of the way and not say anything. ğŸ˜‚ğŸ˜³#scared
10853,
10854,Ordering my prom dresssss.ğŸ˜ğŸ’ƒğŸ™ˆ #Nervous
10855,Is it true that Ms. Ruggerio has terminal cancer? I hope that this is a rumor. #scared
10856,
10857,If there was an EMF event. Would we all drown when we cannot milk the 7 million cows? #worried
10858,OFSAA tomorrow #nervous #BringIt
10859,I really DO NOT want to drive home! #nervous #prayforme
10860,Thinking about how easy it all is now..I really don't want to grow up. #scared #overthinkinglife
10861,
10862,
10863,
10864,Day two complete(: one more dayyy #nervous #softball
10865,
10866,Introducing my friend to twenty one pilots. Haven't heard back about the songs I suggested. #nervous
10867,
10868,So nervous about starting my job tomorrow. Thank goodness I don't go in until 5 because I will NOT be sleeping tonight #nervous
10869,#drivingtogranburyalone #scared
10870,Did I just mess things up again? #nervous
10871,Gonna be late when I get in to #NYC at @MacDemy 's apartmentâ€¦ Hope he has that tiger locked up!  :-/  #Nervous
10872,Lot of goalies being traded in blockbuster deals lately hope I'm still a duke come Wednesday at 6 #dukesnation #panic
10873,If we are still playing like this in our 14 home games with our top two C's both in the lineup for the first time since Nov. then #panic
10874,I need to study a lot tonight after night desk. #panic
10875,
10876,I told Mom it might be time for her to get a smart phone. I think I fainted when she agreed. When did my mother join the 2000's??? #worried
10877,Why am I watching scary college stalker shows on tv ğŸ˜ŒğŸ˜±ğŸ˜¶ #scared
10878,
10879,
10880,"Talking to my dad about health, medicine, and fitness makes me very grateful and sad all at the same time. #worried #changes #inspiration"
10881,"New hair cut &amp; color tomorrow .. tiff said time for something new â™¥ 
#scared #excited"
10882,
10883,Am I ready for my U of R midterm tomorrow? #idontknow #nervous
10884,"Well, I found out Friday if I will stay at Bellarmine for my junior year or be at Wilson #Scared"
10885,Baby Leo where you at?! ğŸ‘¶ #anxious
10886,"I hope tasha baby not mine ğŸ™ğŸ™Œ  

#TheGameBET #Game #BET #Tasha #pregnant #scared"
10887,Gotta meet tomorrow need to fuel up and rest ğŸ˜„ğŸ‘Œ #nervous
10888,finding maggots in hot chocolate is normal right? #nestle #scared
10889,
10890,
10891,After today I don't know if we should move out into a new place or trade in our bats for guns... #scared #ineedashotgun
10892,Worried that my dad may lose his job... thanks new boss. Thanks. #Worried
10893,Orthopedic appt. Thursday #scared #whycantihavenormalankles
10894,soccer practice on Thursday ğŸ˜ #nervous
10895,Watching @CrimMinds_CBS S3E8 power went out as the candles went in scene w/ @shemarmoore. No serial killers in costa rica...right? #scared
10896,"@Creepypassta ......do not follow this page. If you do, do not read the pictures they have!. You will have nightmares and be scared. #scared"
10897,
10898,PLL just got super intense ğŸ˜ğŸ˜³ #scared
10899,
10900,Podvin said she found me a prom date #scared
10901,Off to bed.. Early rise tomorrow.  Trade Deadline Day should be a holiday... Or a sick day...  #Nervous
10902,
10903,
10904,I'm going to be a host tomorrow at El Leoncito ğŸ‘ this shall be funn ğŸ˜ğŸ‘Œ #nervous
10905,The big day #nervous
10906,Really curious to see where I end up in a year and a half. #College #Anxious
10907,
10908,Just got texted the WERIDEST thing by  a person whom I think I don't know #scared
10909,
10910,i don't think im getting too much sleep tonight ğŸ˜ #nervous
10911,That feeling when you don't know if the person you care about really knows your there for them always &lt;&lt; ğŸ˜¬ #worried
10912,
10913,"Being approached by a guy ""we should hangout sometime"" uhm...do I know you? #gross #bye #scared"
10914,"Dying our hair&lt;3 @jazminARamirez2 
Hope it works ._.
#nervous #ahh #exited"
10915,why do I have to run the 200 meter tomorrow?!ğŸ˜­ğŸ˜« #nervous
10916,
10917,
10918,
10919,
10920,Only having 1 soda a day starting tmrw. #scared #pleasepray
10921,1/2 a semester left and it's goodbye high school. #scared
10922,Mr. Damien wanna have a talk with me? #Nervous
10923,
10924,So....... I will be live at 4 am pacific 7am eastern @HowardStern @sternshow Ready for Howard's questions and your calls. #nervous #excited
10925,@braydon_11 just said he doesn't like girl and locked the doors! #scared #helpme
10926,HOLY CRAP I just had a heart attack with Mrs. D behind spencer #PLL #PrettyLittleLiars #SCARED
10927,
10928,Woah what happens to spence next week.... #scared
10929,Hahaha dyeing my hair red...i really hope it looks good ğŸ˜‚#scared
10930,
10931,
10932,Best feeling in the world?? Feeling my daughter move around. #anydaynow #excited #scared
10933,T-2 hours till the poles open #anxious
10934,I'm afraid I'll hear something I wish I never knew. #scared
10935,
10936,
10937,
10938,I'm already ready for the next episode ğŸ˜³ #anxious
10939,Teaching at Marion high the next couple days and I am super nervous:( #prayforme#scared
10940,Just sent in my application to the UK for the Fulbright #nervous
10941,Hoping everything goes good. #nervous
10942,
10943,"Worse headache of my life and now randomly this is happening, gonna have to go to the doctor and see what's going on #nervous"
10944,@katedasilva I want a Skype chat when you hit Houston!! Love! ! #lilsis #siblings #worried
10945,
10946,
10947,Where you at oomf? #Worried #Oomf
10948,
10949,
10950,Literally.. This episode of pll has got me effed #pll #scared #iknewit
10951,I just want to know if I got in the social work program already #nervous
10952,1st day of work tomorrow #anxious
10953,I hate walking around my house in the dark at night when everyone's asleep.. #scared
10954,
10955,Feel like I'm getting zero sleep tonight. #Worried
10956,
10957,Baseball cuts tomorrow I hope i make the team. #nervous
10958,There's some creepy big man standing in front of my house and because of that I'm sleeping with a bat #scared
10959,
10960,Now they are just staring into the distance together. Plotting a murder? So much silence #scared #firesidecouples
10961,Why does Shoe Carnival always feel like a battlefieeeellllld?? @AshleyLHote #scared
10962,
10963,Dont remember the last time I watched the walking dead by myself... #nervous
10964,anyone on here accidentally get laundry detergent in their mouth and live to tell about it? #scared
10965,Seriously in need of some family channel right now to get me to stop thinking of tonight's episode of #PLL #scared #freakedout #help
10966,
10967,"Ralph and Jack, the leader of the choir, have been bickering quite a bit lately. I hope they can sort it out. #worried"
10968,No Mara this rain isn't cool. I have to go through hell before I can get to school. #scared #pissed
10969,This movie tho Lawdddyyyy #SCARED
10970,
10971,Just counting down the days #nervous
10972,
10973,my dentist appointment for my fillings is tomorrow and I'm already nervous #isitoveryet #dentist #nervous
10974,The fact that couple stared the whole game has me thinking they are going to pray for me! #nervous
10975,Drill tryouts next week D''x #Nervous
10976,sending up extra prayers that this show goes well and people actually come out #anxious
10977,
10978,
10979,I swear y'all have no idea what's abut to happen!!! ğŸ™Œ #MakingItBig #anxious
10980,
10981,
10982,"Bedtime, then gym in the morning, then med admin practicum at 2:50 ğŸ˜«ğŸ˜± #nervous"
10983,
10984,
10985,Choosing Squads Tomorrow #Nervous
10986,
10987,Having second thoughts about going to go get my hair cut ğŸ˜© #scared
10988,Hope nothing goes wrong. ğŸ™ˆ #worried
10989,
10990,
10991,
10992,
10993,This old guy was following me around wal-mart #Scared #ew
10994,Shooting right next to our house and they're looking for the shooter.....shooting threat for my school tmrw.......... :/ #scared
10995,
10996,
10997,Having a minor panic attack about flying.. #scared #itsgoingdown
10998,Good to know my program supervisor has faith in me..... LOL #Nervous #JesusBeAnOrator
10999,
11000,Wendy Davis losing among Hidalgo County Dems. This does not bode well for her appeal to Latinos. #panic #hirenewconsultants #GovAbbott
11001,
11002,@EmilyDamnReed CAL PAL is not MIA anymore #worried #callie
11003,"nick just woke up, tried to talk to me and when back to sleep #scared"
11004,
11005,Literally cannot sleep whatsoever.ğŸ˜³ğŸ˜©  #nervous #cheertryoutstmrw
11006,
11007,Three exams tomorrow..hopefully I can do my best on them! #nervous
11008,Wish I could just go ahead &amp; get these tests over withğŸ˜­ the anticipation is killing me #stressed #anxious
11009,Small ears or worm hair? Which makes you more awkward while you sit at the bar by yourself with no drink. You have all four going. #nervous
11010,Watch the last breaking bad episode ever?? Or go to bed?? #LastEpisodeEver #nervous
11011,"""@_Sutcha: Soooooo"" #anxious #genuine"
11012,
11013,
11014,I look out my window and all i c r really tall buildings and shadows. #scared
11015,"@itsrobertdobbs hey Robert, when will the video for Love is an Open Door come out?ğŸ˜ #anxious"
11016,
11017,@ThomasHatch27 and @AndyRo44 need to work on there pick up lines... #Scared
11018,It's time for the scary walk in the dark from my room to the kitchen. Wish me luck! #scared
11019,I am not a model. How am I gonna do so tomorrow in front of a whole class? #Nervous
11020,
11021,
11022,I hope it's no one I know. #scared
11023,Can't watch American horror story without @SirSamwell ğŸ™ˆ #scared
11024,two interviews tomorrow #nervous
11025,
11026,Casting for the St. Pauls' show tomorrow then sleepover with @cailinbecker37 ğŸ‘Œ #sopumped #nervous
11027,#highschool #couples D'awwww #nigga #ye #aint #worried #bout #nutin
11028,Learning to drive stick ğŸ˜¬ğŸš— #nervous #stalling
11029,Shamena lights in her kitchen keep flicking on and off#scared
11030,
11031,
11032,
11033,"Giving up Facebook, Instagram and Twitter for Lent! #ahh #nervous #wishmeluck #goodbye #tileaster"
11034,
11035,Great day of Cod but gotta put down the controler tonight! Have to tour colleges tommorow. #nervous
11036,
11037,
11038,"New to twitter, oh boy;) #nervous"
11039,
11040,
11041,I'm going doctors tomorrow for my toe :( #scared #hatedoctors
11042,
11043,
11044,"I found the root cause to my screwed up sleep cycle over the years. Flyers late night RFA signing of Shea Weber. Damn you, Homer! #Anxious"
11045,Start my new job tomorrow #wishmeluck #anxious
11046,"So I made a huge mistake and started watching ""The Following"". I got two episodes in then realized, I have to sleep by myself... #scared"
11047,You Can Never Talk About Where Youâ€™re Goingâ€¦ As Long As You Donâ€™t Give Up Talking About Where Youâ€™ve Beenâ€¦ #Worry
11048,
11049,School in about 10 hrs #Nervous #preparetodie
11050,Omg what's going to happen in the next episode of #PLLğŸ˜³ #anxious
11051,
11052,Haha I knew this day would come! #nervous
11053,
11054,
11055,LOOKS LIKE IM NOT SLEEPING #anxious
11056,
11057,"Get to go dress shopping tomorrow, and get go to my first open gym in Hays for cheer! #excited #nervous"
11058,
11059,June seriously needs to be here already. ğŸ˜ğŸ˜ #anxious
11060,AAHHHHHHH @abcnews WEBSITE IS NOT WORKING AAHHHHHHH! #panic
11061,I applied to be a RA/CA next year at my college and I find out if I got the job or not tomorrowğŸ˜³ğŸ˜³ #nervous
11062,
11063,
11064,Wearing a complete pair of shoes tomorrow!!!  #nervous #nomoresurgicalshoe
11065,Praying God will give me the words to say during this deca interview tomorrow ğŸ™ #nervous
11066,
11067,Never played lacrosse before and now I'm startingğŸ˜³ #imsonervous #scared
11068,
11069,
11070,My mind will never rest easy. #worried
11071,Feels weird not having Sasha in my 5th hour class I really hope they find her and she's safe ğŸ˜” #worried
11072,
11073,I just wanna no the results already ğŸ˜±ğŸ€ #anxious
11074,"The most confusing thing ab staying up past midnight: what Facebook classifies as ""tomorrow."" #Panic #ThenCalm"
11075,How do I take care of the ones around me as they grow old? Medical bills are crushing at the end of life. #worried
11076,
11077,Can't decide if I am nervous or relieved about tomorrow #beenwaitinglongenough #scared
11078,#traffic #panic #notgood #cantdeal
11079,Im going to try and upload 40gig of footages into Dropbox. #scared
11080,"MPA tomorrow. ğŸ˜¬ 
#chorus #Northern #nervous"
11081,
11082,
11083,Looking forward to this weekend because I'm playing with my dad's band and it's gonna be legit. #nervous #igotthis
11084,Trying out for an Ames basketball team that does tournaments all summer! ğŸ€ #nervous
11085,
11086,
11087,
11088,My mom has to get surgery tomorrow. #Nervous
11089,#thinman is totally #slenderman #scared
11090,Ok this is late but THE ENDING OF THAT EPISODE THO... WTFFFFF ğŸ˜¦ğŸ˜µ #scared #PrettyLittleLiars
11091,Really hoping things go good in the morningğŸ˜ #nervous
11092,
11093,Pretty little lairs got me feeling some type of way before bed #scared
11094,"I think a wild @jonathanwold just passed by my seat at the Sharks game...
#nervous #celebrity"
11095,
11096,
11097,
11098,So nervous for Thursday because I can't decide which answer I want more #yesorno #scared #dontknowwhatiwant
11099,
11100,My family started asking me about what I want for my birthday and now it's setting in that I will no longer be a teenager. #scared #excited
11101,so man nominations #scared
11102,I really hope this biology test doesn't take me behind the woodshed in the morning. #Nervous
11103,Family Video interview Thursday... :) #nervous #pumped
11104,
11105,"Tomorrow is my first day teaching the 8thgradeKiddies 
#excited #nervous"
11106,"Noww pinch #success after this wht she's gonna do..haishh
#worried"
11107,
11108,
11109,Why is everyone on Facebook liking and commenting on things from 2009? #scared
11110,
11111,Monologue D-Day #excited #nervous
11112,can you just answer me already? i can't take the waiting game anymore #anxious
11113,Big eco presentation today. #nervous
11114,Tomorrow I get to take the test that determines if I'm accepted into the paralegal program!! #nervous #excited
11115,Weird feelings.. weird emotions.. just patiently waiting... #nervous #please #God #nooooo
11116,"Okay, I know it's so cliche to give up foods for lent, but I'm gonna give up my Fri/Sat cheat days! #nervous #progress #fitlife #balance"
11117,I really wish that I wasn't afraid to tell him how I feel #nervous
11118,Those two 30 year old strippers dancing at the game scared everyone for life... #scared #cottagecheese #Esco #tooturnt #nasty #semifinals
11119,
11120,@BrandonDube69 first time being pulled over #nervous
11121,First ever spin class... #nervous #wishmeluck
11122,My first track race tomorrow. #nervous
11123,At hospital #nervous
11124,
11125,cash in on the hella fat discounts on the fall/winter collections or stock up for the spring/summer? What's the best for my fit???? #fear
11126,#excited #nervous #grateful #blessed #thankyou
11127,
11128,
11129,
11130,I feel truly alone right now #Scared
11131,
11132,Watching Season 1 episode 1 of The Walking Dead. #scared
11133,Oh my gosh #scared
11134,
11135,My enterance exam is in 1h 40mins! #Nervous
11136,welp the front desk peepz at the library hit the wrong button and just announced there was a tornado spotted near campus #panic
11137,
11138,I have my first advising appointment with my school tomorrow #nervous
11139,When people call me chocolate I feel like one of the @m&amp;m's in those commercials. #nervous #DontBiteNoDo
11140,
11141,Better be sunny tomorrow #footballtrials #nervous #excited
11142,I'm not ready for summer to be here because that means it's that much closer to ending. #notready #scared
11143,
11144,So much pain :( #worrying
11145,Season 2 of the following is bloody freaky.  Packin my pants!! #scared #thefollowing
11146,
11147,Proper shitting myself for this H.E prelim #scared
11148,"good aftie...

#nervous"
11149,Nothing wakes you up like looking at your phone and realising your alarm didn't go off #panic #wtf #late
11150,Seriously panicked myself in my dream last night though. I was at the airport to board my flight to canada and I had no money or bags. #fear
11151,
11152,
11153,Eye test todayğŸ˜³...#nervous
11154,hoping what i heard today isnt true....#contemplated #frustrated #worried
11155,I really hope I passed this class #nervous #workedmybuttoff
11156,
11157,Why is my house making weird noises! WtfğŸ˜±ğŸ˜­ #scared
11158,
11159,Everything Is Ready And Set To Go For Tomorrow. #Nervous
11160,Let's all have tea for 40mins now #impatience #anxious #OscarTrial
11161,
11162,On my way to shop to buy some supplies! Just seen that an asteroid is passing the earth closer than the moon today #panic #takeshelter
11163,
11164,"Worrying is stupid
Its like walking around with ya umbrella 
waiting for it to rain

#dont#worry#relax"
11165,
11166,Sitting in the waiting room running over conversions in my head #nervous #qts
11167,That time of year again.  Off to sit in front of a panel of 10 to keep my job for the next year. #nervous
11168,
11169,"the more i think about it, the more i worry #fuckfeelings #scared"
11170,Saw the scariest pair of tits tn ğŸ˜·#scared
11171,
11172,
11173,Those bad dreams that replay themselves over and over in your head and don't go away ğŸ˜­ğŸ˜­ #pleasestop #scared #baddreams #seemtooreal
11174,
11175,
11176,
11177,Had to run back home from the bus stop as i forgot my phone #Panic
11178,Thinking of cutting a good 6 inches off my hair today #nervous
11179,Farewell. GoodBye. So Long #Fear
11180,Conquered fear and gain experience today #fear #conquered #experience #gained
11181,40 mins early... Not too keen! #exam #nervous
11182,
11183,
11184,Emergency Room Here I Come. ğŸ˜” #Nervous #Stressed
11185,
11186,Lunch in south queensferry and a wee walk across the forth road bridge!! #nervous
11187,
11188,
11189,
11190,
11191,only 9 seats left #eeeek #panic
11192,
11193,Let the countdown to exams begin &amp; may the odds be ever in your favour #panic #medlife
11194,Deep frying and healthy food? Oh Harry and Christo #worried #mkr
11195,
11196,"I havent seen a picture of @MileyCyrus Ass in the last few hours ,, Hope shes ok #Worried"
11197,Well the first date must have gone well because he wants to see me this Thursday. Dont know how I should feel bout this #Nervous #OnTheFence
11198,Body did not react well to the blood test #sweating #blackout #scared
11199,
11200,Just applied for my masters degree #nervous#plzacceptme
11201,Something isn't right... #worried
11202,My driving test is tomorrow ! #excited #nervous
11203,Pastry in this heat is quite the challenge. Can they pull it off?! #mkr #worried
11204,Driving test on Friday #excited #nervous
11205,"Just spilled out the utterly unimaginable ""words"" to my family. Now it's time that will take it's own course. #scared #praying"
11206,
11207,
11208,12 days til I'm working in London ğŸ˜ #nervous
11209,
11210,
11211,the cover is just too pretty. def need the physical book. lyke duh! ğŸ’  #LaurenOliver #Panic
11212,really hope tomorrow brings some good news! #nervous #hatethiswait
11213,
11214,6days till exam #worried
11215,
11216,rare illness.. #scared
11217,I seriously can't sleep through the night. Idk what's wrong #Insomnia #Nervous
11218,Pacing around is not the way to calm yourself down...... so singing let go has definitely done the job #nervous
11219,413 required from at least 414 balls - OMG! They could do this! #nervous #SAvAUS
11220,Worst day of my life so far this year... Got to face the dentist ğŸ˜¢ğŸ˜¢ğŸ˜¢ #scared
11221,
11222,Only in for one lesson then time to get ready for Grease! #openingnight #musical #nervous
11223,"Oh Harry and Christo, you're lucky you're cute #worried #mkr"
11224,
11225,It's what terrifies me most in life... #scared #always #everyday
11226,Game day..... #bringit #OHQMU #netball #excited #nervous
11227,
11228,"Mind running wild, and onto a sleepless night. #scared"
11229,Tattoo tomorrow ğŸ˜±ğŸ˜µğŸ˜ğŸ‘€ğŸ˜ğŸ˜ #Tatted #tattoo #scared #inked #ink
11230,@faf1307 @markjacko88 @Yarnoos You would have to be the biggest fckwit in world cricket #scared #newballiscoming
11231,Slightly worries that I have got 2 weeks to learn the whole of les mis :( #scared #whyamisobusy
11232,Yup it's official (: #nervous #excited
11233,What is that smell all dentists smell of?! #fear
11234,
11235,
11236,Couldnt watch #castle last night. Now catching up. @AndrewWMarlowe What is happening to poor Beckett? Where r u and Rob sending her? #Scared
11237,hate having to go to the hospital on my own #nervous
11238,National cup semi final day for the Football Academy lads! #nervous #cupfinalinsights
11239,Complete stress head this morning - internal show and tell presentation tomorrow - having to redo the entire deck!  (well almost) #panic
11240,First Aid course today...let's see how this goes #nervous
11241,Waiting for my plane...  #nervous #excited #bishopairport
11242,
11243,Ok everyone. Please cross fingers/legs/eyes/everything! I'm off to meeting with new school to see if they can take/help my Biggey ğŸ˜® #nervous
11244,
11245,Job interview for a part time job today! Wish me luck #nervous
11246,
11247,"My prep starts in 7 weeks, this year is flying, #nervous #ukbff #bodyfitness"
11248,Can't wait to see him Thursday. ğŸ˜Š #excited #nervous
11249,
11250,
11251,"Send help, I'm out of tea bags at work. #panic"
11252,
11253,Exam is around the corner ...OMG .. #nervous
11254,Seeing someone just stood on a motorway bridge as I approach below is one of the scariest things. #panic #dontjump
11255,
11256,cant shower as @lauradownham24 told me there was a spider in the shower this morning and now its gone missing #scared
11257,
11258,
11259,
11260,Looking forward to my hot date tonight in Covent Garden with @french46 seeing @WomaninblackLDN #scared #theatre #london
11261,
11262,Today is the day... win this game and we win the league ğŸ†âš½ï¸ #TASC #gameday #nervous #excited
11263,Really want this to work out #scared
11264,Hair appointment booked. #EndOfAnEra #Scared
11265,Buzzing for the first rehearsal at @ukrockchallenge #nervous
11266,
11267,Eeek another interview today! #nervous #feelingsick #fingerscrossed
11268,I wanted to take off this mask but I don't know what will happen to me if I did :( #truecolors #scared
11269,"Time for bloods,eye test and brain scan. The joys of Re-Newin Boxing licence. Lookin forward to gettin back in there. #2014NewStart#anxious"
11270,AHHH!! My midterm grades are out! #nervous #notexcited
11271,
11272,
11273,Have to be awake for a job interview in 6 hrs and can't sleep. #nervous #workmode #excited
11274,Just got accepted into @leedsmet for my pgdip in dietetics. Plot twist. #nervous #excited #mylifehastoomanyironies
11275,
11276,Eeek start my new job tmrw #scarey#nervous
11277,I've been up for two hours and it's only six. ğŸ˜’ğŸ˜” #worried
11278,Can we bear in mind that I will be spending my summer in a place approx 2 hours away from where PLL is set #fear
11279,Not looking forward to telling my manager I can't go to winton on friday! #worried
11280,My best friend is being a bitch... #wtf do I do?! #soconfused #worried #helpme #ithinkiminsane
11281,Decided to give up cursing... Will keep everyone updated on how long this will last #panic #lent
11282,Making a big presentation today for a manufacturing consortium &amp; conservation authority about green tech advancements #nervous
11283,@Paulhitchcock84 glad your ok babe! #bikes #panic #nervesareshot
11284,"Is waiting for a certain mail, it could change a lot of things....#anxious #dynamics"
11285,
11286,
11287,"Everything's creeping up on me too quickly! Exams, assignments, functions. It's never ending! #nervous #freakedout"
11288,
11289,Ok that was not cool ğŸ˜³ ğŸ˜³ #scared
11290,"Now I'm getting scared, two days to go!ğŸ˜£ #scared"
11291,Fingers crossed for my little man this morning. Hopefully after surgery today he'll be able to hear better. #worried
11292,
11293,Anyone else scared of road sweepers n rag n bone men?! Or is it just me :/ #scared
11294,
11295,
11296,Argh dentist #scared #hatethisplace #pain
11297,
11298,
11299,Playing hockey today for women's 1's #nervous #excited
11300,I don't feel good #nervous
11301,
11302,College interveiw todayğŸ˜¯ #wishmeluck #nervous
11303,Ahahah Blood test time ğŸ˜­ğŸ˜ #WishMeLuck #Scared #PrayForRowshi
11304,Does CoverGirl still use palm oil in their cosmetics? I thought this brand was safe since @Pink and @TheEllenShow front it? #worried
11305,
11306,accepted for an interview for the masters #nervous
11307,
11308,4 days &amp; 6 hours until we leave for DECA state!! ğŸ˜ğŸ˜ #nervous #excited #DECA
11309,Last day of volleyball tryouts! #nervous
11310,
11311,
11312,
11313,Psychology midterm today nervous as can be be #nervous
11314,"At Sacred Heart! DayDay having surgery !
#nervous"
11315,Lent challenges to be distributed at tonight's social #nervous
11316,It's cool...I didn't want to sleep anyway. #anxious #guessillgetupnow
11317,Waiting patiently for my midday dentist appointment #nervous
11318,
11319,
11320,"I don't feel like writing my Computer exam ^_^
#Scared #for #tomorrow"
11321,Still no update â€¦. sorry!  This is worse than waiting in the NCT centre! #excitement #nervous
11322,
11323,Not had my hair cut since last May #scared #splitendsgalore
11324,
11325,To much on my mind has left me sleepless nights and skinner legs. #worried #hope4goodhealth #keepanopenmind  #worrymyselfskinny #pray
11326,
11327,Okay idc #scared
11328,
11329,
11330,Eeeeeek tomorrow last day in France.... #anxious
11331,i have to make an A on this algebra quiz to keep my A.. #nervous
11332,Oh god im like a little school girl #nervous
11333,
11334,My stomach hurts soooo bad right noww ğŸ˜­ğŸ˜©ğŸ˜­ğŸ˜©ğŸ˜­ #nervous
11335,Hoping today goes over well #nervous
11336,
11337,Off to the theory test centre for my LGV theory test. #nervous
11338,First time ive come the dentist on my own EVER!! Aaahhhhhhhh ğŸ˜ğŸ˜·ğŸ™Š #grownup #teeth #scared #needmymummy
11339,
11340,I'm at @GlyndwrUni waiting to give my presentation #exciting #nervous
11341,
11342,I hope I do well in this exam ğŸ™ #worried
11343,
11344,
11345,"Ummm hey #iPhone4S users, have your contracts all ever disappeared from your phone before??? Re-syncing to iCloud ain't helping.. #panic"
11346,
11347,
11348,Ok I am NOW ON INSTAGRAM. After much bullying by the likes of @LazyStitching @christinehaynes @HouseOFpinheiro. What do I do now? #scared
11349,Done with college applications...now just have to wait for a response! #nervous #stressed
11350,SCTC interview today ğŸ˜¬ #nervous
11351,Can't wait til Sunday! #nervous #twitterblades
11352,Donating plasma with @amberreynolds00 today. ğŸ˜³ #nervous
11353,
11354,
11355,
11356,
11357,
11358,
11359,
11360,
11361,
11362,
11363,
11364,
11365,
11366,
11367,
11368,
11369,
11370,
11371,
11372,
11373,
11374,
11375,
11376,
11377,
11378,
11379,
11380,
11381,
11382,
11383,
11384,
11385,
11386,
11387,
11388,
11389,
11390,
11391,
11392,
11393,
11394,
11395,
11396,
11397,
11398,
11399,
11400,
11401,
11402,
11403,
11404,
11405,
11406,
11407,
11408,
11409,
11410,
11411,
11412,
11413,
11414,
11415,
11416,
11417,
11418,
11419,
11420,
11421,
11422,
11423,
11424,
11425,
11426,
11427,
11428,
11429,
11430,
11431,
11432,
11433,
11434,
11435,
11436,
11437,
11438,
11439,
11440,
11441,
11442,
11443,
11444,
11445,
11446,
11447,
11448,
11449,
11450,
11451,
11452,
11453,
11454,
11455,
11456,
11457,
11458,
11459,
11460,
11461,
11462,
11463,
11464,
11465,
11466,
11467,
11468,
11469,
11470,
11471,
11472,
11473,
11474,
11475,
11476,
11477,
11478,
11479,
11480,
11481,
11482,
11483,
11484,
11485,
11486,
11487,
11488,
11489,
11490,
11491,
11492,
11493,
11494,
11495,
11496,
11497,
11498,
11499,
11500,
11501,
11502,
11503,
11504,
11505,
11506,
11507,
11508,
11509,
11510,
11511,
11512,
11513,
11514,
11515,
11516,
11517,
11518,
11519,
11520,
11521,
11522,
11523,
11524,
11525,
11526,
11527,
11528,
11529,
11530,
11531,
11532,
11533,
11534,
11535,
11536,
11537,
11538,
11539,
11540,
11541,
11542,
11543,
11544,
11545,
11546,
11547,
11548,
11549,
11550,
11551,
11552,
11553,
11554,
11555,
11556,
11557,
11558,
11559,
11560,
11561,
11562,
11563,
11564,
11565,
11566,
11567,
11568,
11569,
11570,
11571,
11572,
11573,
11574,
11575,
11576,
11577,
11578,
11579,
11580,
11581,
11582,
11583,
11584,
11585,
11586,
11587,
11588,
11589,
11590,
11591,
11592,
11593,
11594,
11595,
11596,
11597,
11598,
11599,
11600,
11601,
11602,
11603,
11604,
11605,
11606,
11607,
11608,
11609,
11610,
11611,
11612,
11613,
11614,
11615,
11616,
11617,
11618,
11619,
11620,
11621,
11622,
11623,
11624,
11625,
11626,
11627,
11628,
11629,
11630,
11631,
11632,
11633,
11634,
11635,
11636,
11637,
11638,
11639,
11640,
11641,
11642,
11643,
11644,
11645,
11646,
11647,
11648,
11649,
11650,
11651,
11652,
11653,
11654,
11655,
11656,
11657,
11658,
11659,
11660,
11661,
11662,
11663,Alright I'm a little freaked out now they're going to put a stick in my arm. #scared
11664,Full time. 0-0. Better of 2nd half but no breakthrough. #nervous #scf2014
11665,
11666,About to get my hair cut #scared
11667,"...and suddenly the floor, then my desk started shaking. The type of shake that could only be caused by something very large. #nervous"
11668,
11669,
11670,Passing the semis with tree logs on it make me lose a year of my life. #Scared #HateEm
11671,Gotta say my poem in front of the class today . #Nervous#Gahh
11672,
11673,
11674,
11675,She just went back. Please pray. #nervous
11676,Bout to present my senior project ğŸ˜ŒğŸ˜ŒğŸ˜Œ #nervous
11677,
11678,"I feel like I'm stuck in limbo, I just really need to know if I got the job or not!!! #nervous #bigkidjob #aaaaaaaaaaaaaah"
11679,
11680,Booked in at hairdressers #scared
11681,Not sure if I'm feeling this meet #nervous
11682,Can't sleep headed to @seattlechildren this afternoon  #anxious
11683,
11684,@davidwinter Where is your ASOS delivery?  #worried
11685,Worst part about living alone? No one to protect you from the random noises your home makes while you're trying to go to sleep. #scared
11686,Brazil next month finally get to see my dad #nervous #excited #ilanddaze
11687,Finally going to find out what's wrong with my knee #nervous #hopeful
11688,
11689,
11690,About to try a run for the first time in 12 months !! #nervous #pray4theknee
11691,"Fear is keeping me alive. It burns the soul and energizes the body. Right now, I'm boiling &gt;.&lt; #presentation #fear #life #soul"
11692,Had a nightmare Lucic got traded for a Sedin sister #scared #terrified #frightened #shaking #happytradedaynhl
11693,Tractor trailers chase me in the parking lot... #scared
11694,Stomach hurts.. #nervous
11695,We have missed so many musical practices and we perform in a little over 2 weeks. I really hope he doesn't cancel it. #goawaysnow #panic
11696,Hope ma we man doesn't get admitted back to hospital with this chest infection back at the worst docs in ayrshire at 4.30 #worried
11697,@johnlinford @Gaylussite @GarethJAnderson Anyone know where Gareth has gone ?  #worrying
11698,Let's hope everything turns out okay #nervous
11699,Me and my dawg @DarcySwag1 about to head to the Bennet's #nervous
11700,I could not work in a Starbucks culture. #Cigarettecraving  #worrying
11701,"I feel like an expectant father again waiting for the MRI status of @markscheifele55
#Tradecentre #TSN #NHLJets #Anxious"
11702,
11703,
11704,"Dying my virgin hair, it has been years. Red here I come! #redhead #red #hair #haircut #color #nervous"
11705,
11706,
11707,I have 7-8 months until I officially leave and I still have so much left to do. I wish I can finish it all at once!! #anxious
11708,I should be at the gym.  Instead I am sitting on the couch watching the cricket. #nervous #exciting
11709,My first day at the market tomorrow! #nervous
11710,Scary to think I finish school in 50days!!! #scared
11711,"Everybody check your cars. This winter storm seems to have broken everyone's turn signals!
#Worried #SaftyFirst"
11712,Just had an interview for an RA position can't wait till Friday to find out if I get the job!!! ğŸ˜® #nervous #hopeful
11713,
11714,
11715,OMG OMG OMG PLEASE PLEASE PLEASE LET THE WEATHER BE GOOD MARCH 21st!!!!!!!!! PLEEEEASE!!!! #panic #begging
11716,
11717,
11718,I really want to drink my coffee but there is nothing worse than a burnt tongue #scared #sohot
11719,
11720,
11721,
11722,
11723,
11724,
11725,"Everyday I have woken up this week, I've thought it was friday... #anxious #readytogo"
11726,Can my lab instructor post my grade already #anxious
11727,
11728,Buck has been at the vet since 8 am. Why does surgery for a dog take so long?! #worried #wantmypuppyhome
11729,
11730,
11731,I don't want to have this procedure done..especially since trav isn't here with me ğŸ˜£ğŸ˜”ğŸ”« #Scared #MissingMyBoyfriend
11732,
11733,Mr. Harris is the coolest dood. #englishisboringthough #dreadful #hesabro
11734,So my entire life plan could change depending on a letter in April. #scary #nervous
11735,"I'm as ready as ill ever be I guess, here goes nothing #phsyiologyexam #scared"
11736,
11737,
11738,
11739,
11740,Last night I had a nightmare that the Seahawks had scored 90 points against the Colts in the first half of the AFC Championship game #scared
11741,Checking my email every hour. #anxious
11742,See what I'm made of today... Finally exit exam today #Nervous
11743,Excited for date night! #nervous #needadrink
11744,Blah I hate waiting for places to call back #nervous
11745,Hiding In closet from my sister! #scared #cantfindme
11746,I've been spending all day in my classes refreshing my newsfeed waiting for @NHLBruins to make a move #NHLTradeDeadline #Bruins #Anxious
11747,
11748,Hair dye bought please dont let me be bright ginger #scared
11749,
11750,
11751,"Why tell us how bad we did and then wait to the end of class to pass it out!!!
#anxious"
11752,
11753,Project proposal verbal moved to the 17th #preparation #uni #sportpsychology #nervous #msc
11754,I hate trade deadline day #anxious
11755,Watching NHL Trade Centre. #nervous
11756,Talking to the Henderson people today! #nervous
11757,When someone doesn't text you back an you start to worry about them. Or is that just a me thing? #nervous #textmeback
11758,Praying my test come back normal #nervous
11759,Crying to a teacher has definitely been the most softest thing ive ever done #nervous #exam #softie
11760,Why oh why can we not just do straight forward takeovers. Always obstacles and drawn out. This could go on and on #lufc #toma #worrying
11761,
11762,
11763,Result SPM semakin hampir hurm ): #scared
11764,Man in my house looking a the thickness of my walls #scared
11765,
11766,Here about to get my braces! #nervous
11767,
11768,Wayyyy out of my comfort zone. #nervous
11769,Had a mare on the turf at dinner #dreadful
11770,I reeeeally hope court goes well today ğŸ˜£ #nervous
11771,already getting that feeling in my stomachğŸ˜© #trackmeet #nervous
11772,
11773,
11774,
11775,Not going to lie but chapter 5 on #Thief is creepy as hell #scared #asylum
11776,
11777,
11778,"We will finally take calls tomorrow,. 
HOW COOL IS THAT?? :-O
#excited #nervous #nestingperiod"
11779,Still need to picslip #scared
11780,
11781,Done with my Fil paper!!! Huhuuh!!! #LordPlease Kahit B okay na!!! :(((( #scared #please
11782,Moodle isn't working and I need to study. #panic
11783,"At the shop with the truck, hope it passes inspection! #nervous"
11784,Having to prepare yourself more mentally for a massage than you would to train ğŸ™ˆ #worrying #shehasnosympathy #kneetherapy
11785,
11786,
11787,
11788,Let's try not to be so sneaky makes me feel u have something to hide...ESP when u sneaking around with my things! #worried #twatever
11789,
11790,
11791,
11792,
11793,I am really hoping that #P101 and #W101 updates wont come both at the same time #worried
11794,I dislike big decisions more than anything ğŸ™ #nervous
11795,@EdGray32 Where has the Â£5 gone? #panic
11796,
11797,Think i should of got 2 bottles of hair dye! :/ #hair #Color #Change #thick #long #nervous #newlook
11798,
11799,
11800,Bout to throw up... don't want to present my poster. #nervous
11801,
11802,Just got an 89.3 on my practice exam for chem...let's hope I can get that or better on the actual test #nervous #cantdochem
11803,Career Expo today! ğŸ˜„ Ready to network my ass off! ğŸ“ğŸ’¼ğŸ’µ #nervous
11804,
11805,
11806,"I gave myself a chalenge and I hope that I will be able to achieve it!!
#dance #solo #strong #school #show #scared #shy #godiswithme"
11807,
11808,
11809,
11810,
11811,"The WARP pod brought down the building! OMG, it scared the bejeezus outa me. A kid named Riley came out. Orange is here now. #scared"
11812,So nervous to do these interviews tomorrow #ahhh #nervous
11813,Migration Cutover Party is on! All company big bosses watching what a team is doing! #nervous #pmot #fingerscrossed
11814,Taking this COMPASS test tomorrow. Pray for me. #nervous
11815,Ahhhh a midterm tomorrow ! #nervous #studying
11816,Dentist ahh ğŸ˜ğŸ˜ #scared #notteally
11817,"Done my last interview for uni, just waiting game now then can make a decision where to go #uni #excited #scared #decisions"
11818,
11819,
11820,
11821,
11822,will the habs make a move? #anxious #Tradecenter #TSN
11823,One more night of training at work then I'm on my own. #nervous #butexcited
11824,
11825,I love reading scary horror storiesâ¤ï¸#scared
11826,
11827,
11828,
11829,
11830,
11831,Woke up from a dream this morning that I was in College #excited #scared #overthinking #life
11832,
11833,Fingers and toes crossed #nervous
11834,Btw... My lenten sacrifice lasted only for a few hours until I took a glance at my first test todayğŸ˜” for fucks sake eh #panic #sorryJesÃºs
11835,Finished my lab report so now a biology test Friday night is all that stands between me and spring break! #nervous
11836,
11837,"This time next week, I will be right in the middle of the best week of my college career #panic #cave #woodtour #3shows #bobweir #ryman"
11838,
11839,
11840,
11841,It's my birthday tomorrow and I have my first driving lesson #excited #nervous
11842,waiting to hear about a job you really want is awful! #nervous
11843,
11844,Just finished applying for housing at wnmu #scared
11845,Debating on giving up Coke Zero for lent... #nervous #addicted
11846,Waiting for your snowboard partner to get home is the worst #anxious
11847,"In 12hrs n 45mins ill be done with business for atleast the next 6months :D
#CantWait #Boards #Business #Nervous #Anxiety"
11848,Dad's being moved to a room via wheelchair. ğŸ˜ He's hurting so bad he can't even move. #nervous
11849,2 bio exams in one day is not something I would like to do frequently #anxious
11850,its about that time . . ğŸ‘¼ğŸ’™ #nervous
11851,Planning out my schedule for next year is confusing as hell.. #stressed #scared #helpme
11852,I don't want to go to spring break at the island with out a guy friend. ğŸ˜¬ #scared
11853,"On the edge of my seat, is kesler going or staying #nervous #Tradecentre"
11854,Once april gets here Im going to schedule classes for fall semester &amp; apply for two jobs.... #nervous #butalsodetermined
11855,"Beyond stressed about my thesis. Too much to do, too little time #scared #scattered #stressed"
11856,Tomorrow is @WorldBookDayUK! Don't forget your costumes... #panic
11857,
11858,
11859,Opening at outback for the first time since I got trained! #scared
11860,
11861,#nervous #datenight
11862,Can I just get this interview over and be accepted into the program already?! #stressed #excited #anxious #2days
11863,Nana needs to get off this ladder RN #nervous #nanastahp
11864,
11865,Convinced myself I'm going to get murdered in this hotel tonight #scared #wannagohome #sleepingwithoneeyeopen
11866,
11867,Keen for football trials tonight! First time since being injured! #TheReturn #excited #nervous
11868,
11869,
11870,
11871,Trials over... Should find outt tomorrow so scared X.X #nervous #makethecut #netball
11872,
11873,30 minutes left!!!! I hope @PaulyWalnuts26 fax machine is working!!!!  #Tradecentre #Avs #nervous
11874,Just got offered a job for the journalism dept. #decisions #excited #nervous
11875,I'm not about to go to the doctors and have them tell me I have to wait to play. I just need to take it easy.... #scared
11876,
11877,10th grade judgement day at baseball #nervous
11878,
11879,
11880,
11881,Cutting my hair off today ğŸ’‡ #nervous
11882,2 and a half days of work left. Let the count down begin. Ann Arbor here I come ğŸ˜ğŸ˜ #anxious #hatemyjob
11883,Finally watching the episode of the bachelor with Andi. #anxious #whathappens
11884,
11885,I refuse to believe that Smalling is classed as an England player. #dreadful #clumsycolin
11886,Come on Shero make it happen!!!!!!!! #nervous
11887,Getting back in the pool to train for the first time in over 10 years tonight! #nervous
11888,I said just last weekend that the quality of English defenders has gone down in the last few years #worrying #EnglandvDenmark
11889,
11890,@Ashleywells232 Just waiting for the port to hit home #Nervous #BeReady
11891,Jack Robinson has been in the England teams from u16's to u21's and he's 1 of the worst players I've ever seen #Dreadful
11892,
11893,Hoping all 6 LFC players come off at half time injury free #nervous #ynwa
11894,
11895,
11896,
11897,Times running out for my Penguins to pick up Kesler #nervous
11898,@brockdance Got them butterflies in my stomach #nervous #danceaudition
11899,About to go Into an interview. Eeeepppp #nervous
11900,Last 15 mins... Will Kessler stay a Canuck? #nervous
11901,
11902,
11903,â™š Tomorrow will be a happy ending or a sad one? #excited #nervous
11904,"EXPERIMENT 626: Adding cornstarch to my frozen coffee with protein powder to thicken it up
Shits about to get weird.  :O

#PrayForMe
#ScAred"
11905,
11906,
11907,
11908,is it good if my hairdryer smells like smoke!?? #nervous
11909,Job interview tomorrow!! Waahhhhh #scared
11910,All these lonely nights have turned me into a stalker. I'm #worried
11911,Ct scan today. #nervous
11912,The most important interview of my life in 45 minutes. #nervous #bringit
11913,6 Liverpool players on he pitch. That's six potential injuries for a friendly. #scared
11914,Blood drive at MIT two days in a row.. #dreadful
11915,Less than 15 minutes left... #anxious #Canucksfan #tradedeadline #Canucks
11916,
11917,Doing my first talk next month. I have a real fear of speaking in front of people. Should be errr fun. #fear
11918,"8 weeks nad 5 days til my Bean is here
#Nervous"
11919,Im so ready to see my nephews!!!! Come on Friday!!!!! #Anxious #CountdownCity
11920,
11921,Garth treating this deadline like he did the start of free agency with Nabokov. #Panic #Isles
11922,
11923,Gettin this methacholine test done #nervous
11924,
11925,
11926,Can't wait to get my tax money back! #anxious
11927,
11928,Added a new thing to my BucketList today....give blood!ğŸ‘ #Fear #Needles
11929,
11930,Just found out I'm broadcasting a weather forecast to the lafayette viewing area later today! #Nervous
11931,Relaxing bath before results day ğŸ‘ #scared
11932,
11933,
11934,
11935,for better or for worse tomorrow i will close a chapter of my life. the last connection with my home place Italy #graduation #scared
11936,Getting calls from new mex!ğŸ˜¬ğŸ‘ #nervous #reallyhappening
11937,
11938,"Sure praying that ice doesn't slide off my roof and kill anyone or tear anything down!!! It's slid about 4"" so far. #nervous"
11939,
11940,"I'm interviewing to write for the newspaper in an hour.  I don't even know if I want to, but someone asked me to so I agreed.  #nervous"
11941,My chances of getting into a one year graduate school  MSW program are getting slimmer and slimmer. Come on Mason. #Georgemason #nervous
11942,
11943,Knee surgery tomorrow. #aclrepair #nervous #movingforward
11944,
11945,
11946,You always know you've got an exciting ride ahead when you ride Dow Perry's transit #scared
11947,
11948,All I want to do is run away. But there's no where for me to go. #lonely #Afraid #NeedThisOverWith
11949,"The @MapleLeafs do know it's Trade Deadline day, right? #TMLtalk #Tradecentre #scared"
11950,Something major is happening tomorrow. ğŸ˜ #nervous #springbreak
11951,The ongoing dilemma as to whether this person is a boy or a girl. #scared #confused #ineedanswers
11952,
11953,I just pray that no Liverpool player picks up an injury tonight ğŸ™ #nervous #wanttowinthepremierleague
11954,
11955,
11956,I FORGOT TO GET COFFEE. #stylechat #PANIC
11957,Torn bc I don't know if I should dye my hair or not #anxious
11958,how can people be not afraid of heights..d ghastly feeling dat the world is fleeing just under ur feet..#altophobia #scared
11959,
11960,Placement tomorrow.. #Nervous
11961,Glen Johnsons played 50 times for England?! How?! #Dreadful
11962,
11963,It's world book day dress up at school tomorrow - ah what do I go as?? Sure kiddies will look fantastic #lastminute #panic
11964,
11965,7 HOURSğŸ˜³ğŸ˜›#nervous
11966,Day 3 of 10 tomorrow and need a day off already! Think I may be a wreck on the first day of the new job! #super #nervous #bubblepop
11967,Smoke alarm went off for the first time. Shitted the dog right up. #wtf #dogears #panic
11968,Just watched a drug deal and guys screaming at each other..... Ummmm must keep doors locked till my Rumrum gets here! #scared
11969,I be gettin high to balance out the lows @Drake #Fear
11970,Moving Out And Starting My Life And Family With My Baby @highimangel_xo Is On The Top Of My To Do List!!! #anxious
11971,Track start on Monday!!!!!ğŸ˜ŠğŸ‘#nervous
11972,
11973,
11974,"but wat causes passion killing lela mahn? 
#worried"
11975,won't get rid of this sick feeling till I get these exam results tomorrow #nervous
11976,Do I go copper tomorrow or not? #scared #ghead
11977,
11978,
11979,Emerald swatches being sent to mi casa tomorrow! I can't wait to see them! #bikiniproblems #beastmode #nervous
11980,I don't think I've ever wanted an email to say a certain thing this much in my entire life. #Anxious #Praying
11981,
11982,
11983,
11984,I have now seen 1 wreck and 2 people blow through red lights in Galesburg..within 2 blocks.. #scared
11985,
11986,"On another note, Penned and Macdonald making their debuts tonight. #nervous"
11987,
11988,Tricky and distressing times watching someone you love in pain #secondarybreastcancer #carer #scared #hopegiver
11989,2 days to go ğŸ˜ğŸ˜³ #anxious #weekend
11990,Job inerview at 4:30ğŸ˜…#nervous
11991,Getting my braces on tomorrow. Any advices?? #nervous #anxiety
11992,Seen your best mate is playing tonight pal @ajfranco8 #smalling #dreadful
11993,I think I am the only one I know who is dreading SB'14 #wisdomteeth #surgery #nervous #hatesurgery
11994,"Had a nasty shock earlier when I read that Wilshere was injured by DAgger!!
#worrying"
11995,
11996,
11997,
11998,
11999,Teaching with Shana--- here we go! ğŸ˜§ #scared
12000,Legwand for WHO?! For WHO?! Tell meeeeee #cantwait #worried
